1,265.00,4.00,16.00,74.00,76.00,3.00,210.00,72.00,93.00,23.00,33.00,17.00,18.00,33.00,23.00,38.00,30.00,69.00,119.00,112.00,135.00,105.00,308.00,336.00,445.00,372.00,23.00,32.00,10.00,25.00,11.00,29.00,16.00,24.00,13.00,19.00,29.00,12.00,23.00,24.00,16.00,44.00,32.00,23.00,20.00,20.00,24.00,15.00,39.00,47.00,35.00,23.00,21.00,32.00,19.00,15.00,17.00,9.00,23.00,12.00,12.00,9.00,11.00,15.00,11.00,14.00,23.00,50.00,19.00,18.00,50.00,16.00,29.00,35.00,47.00,127.00,14.00,11.00,12.00,15.00,7.00,14.00,16.00,16.00,15.00,32.00,23.00,17.00,14.00,23.00,55.00,44.00,42.00,27.00,33.00,33.00,93.00,25.00,52.00,43.00,27.00,49.00,37.00,72.00,19.00,37.00,16.00,60.00,79.00,32.00,88.00,40.00,134.00,115.00,297.00,350.00,691.00,33.00,89.00,30.00
2,8.00,0.00,0.00,1.00,4.00,0.00,12.00,9.00,3.00,4.00,4.00,1.00,3.00,4.00,4.00,3.00,3.00,6.00,10.00,8.00,8.00,10.00,8.00,7.00,10.00,12.00,1.00,2.00,2.00,4.00,2.00,4.00,2.00,4.00,3.00,3.00,2.00,1.00,4.00,3.00,2.00,5.00,5.00,2.00,3.00,1.00,1.00,1.00,4.00,3.00,2.00,2.00,0.00,2.00,2.00,1.00,2.00,2.00,4.00,2.00,4.00,2.00,4.00,2.00,3.00,2.00,3.00,11.00,3.00,4.00,7.00,3.00,4.00,8.00,4.00,5.00,3.00,2.00,4.00,4.00,1.00,1.00,1.00,2.00,1.00,4.00,3.00,1.00,2.00,4.00,9.00,4.00,1.00,2.00,4.00,2.00,8.00,1.00,4.00,4.00,5.00,4.00,3.00,7.00,2.00,4.00,1.00,5.00,7.00,3.00,4.00,1.00,5.00,2.00,3.00,6.00,9.00,0.00,7.00,2.00
3,14.00,0.00,0.00,0.00,6.00,0.00,10.00,6.00,9.00,4.00,5.00,3.00,3.00,3.00,4.00,3.00,3.00,2.00,6.00,3.00,4.00,5.00,3.00,6.00,5.00,3.00,1.00,7.00,2.00,2.00,1.00,4.00,0.00,1.00,3.00,2.00,4.00,1.00,0.00,2.00,1.00,4.00,3.00,2.00,2.00,2.00,3.00,0.00,3.00,4.00,2.00,2.00,2.00,2.00,3.00,2.00,1.00,1.00,10.00,4.00,2.00,2.00,3.00,3.00,4.00,3.00,2.00,17.00,3.00,5.00,7.00,3.00,4.00,4.00,5.00,8.00,17.00,3.00,13.00,11.00,12.00,5.00,7.00,3.00,3.00,2.00,1.00,6.00,2.00,2.00,9.00,3.00,0.00,3.00,4.00,2.00,8.00,1.00,3.00,3.00,1.00,1.00,4.00,9.00,2.00,3.00,1.00,3.00,1.00,2.00,2.00,2.00,1.00,1.00,4.00,1.00,2.00,0.00,4.00,2.00
4,97.00,1.00,0.00,36.00,186.00,7.00,24.00,19.00,27.00,7.00,21.00,4.00,14.00,16.00,11.00,18.00,9.00,8.00,11.00,8.00,15.00,11.00,12.00,17.00,15.00,18.00,4.00,20.00,2.00,5.00,2.00,6.00,2.00,5.00,5.00,7.00,4.00,3.00,7.00,6.00,2.00,6.00,9.00,4.00,5.00,5.00,4.00,0.00,4.00,7.00,3.00,4.00,1.00,4.00,4.00,1.00,2.00,78.00,50.00,54.00,37.00,38.00,42.00,66.00,123.00,66.00,68.00,243.00,39.00,120.00,78.00,56.00,91.00,26.00,38.00,23.00,9.00,11.00,13.00,10.00,8.00,5.00,3.00,5.00,9.00,9.00,13.00,8.00,3.00,3.00,11.00,5.00,2.00,3.00,8.00,7.00,15.00,5.00,8.00,5.00,5.00,6.00,6.00,19.00,2.00,9.00,4.00,5.00,17.00,6.00,5.00,2.00,7.00,3.00,7.00,6.00,5.00,2.00,11.00,2.00
5,100.00,5.00,5.00,209.00,1233.00,8.00,36.00,25.00,57.00,15.00,24.00,6.00,11.00,16.00,14.00,39.00,12.00,16.00,27.00,30.00,65.00,21.00,38.00,52.00,62.00,54.00,6.00,15.00,4.00,8.00,5.00,11.00,5.00,7.00,5.00,9.00,8.00,5.00,9.00,7.00,2.00,15.00,12.00,7.00,7.00,4.00,9.00,4.00,8.00,3.00,8.00,8.00,2.00,3.00,5.00,2.00,3.00,31.00,28.00,50.00,40.00,61.00,49.00,105.00,173.00,100.00,128.00,303.00,60.00,532.00,261.00,336.00,906.00,371.00,336.00,200.00,6.00,9.00,6.00,9.00,6.00,10.00,5.00,7.00,16.00,10.00,26.00,8.00,5.00,6.00,18.00,11.00,8.00,5.00,14.00,9.00,27.00,14.00,19.00,14.00,14.00,15.00,15.00,22.00,8.00,11.00,8.00,13.00,32.00,6.00,17.00,3.00,16.00,9.00,10.00,18.00,18.00,3.00,23.00,11.00
6,3.00,0.00,2.00,6.00,7.00,0.00,15.00,7.00,2.00,5.00,6.00,3.00,2.00,4.00,6.00,8.00,5.00,5.00,15.00,12.00,9.00,7.00,13.00,13.00,11.00,15.00,2.00,6.00,1.00,4.00,2.00,6.00,2.00,7.00,5.00,4.00,3.00,2.00,3.00,3.00,4.00,7.00,7.00,4.00,5.00,1.00,2.00,3.00,4.00,3.00,4.00,3.00,3.00,1.00,3.00,1.00,1.00,1.00,5.00,4.00,2.00,3.00,4.00,4.00,3.00,3.00,4.00,10.00,4.00,4.00,8.00,5.00,9.00,9.00,10.00,9.00,2.00,5.00,3.00,4.00,1.00,3.00,6.00,3.00,3.00,3.00,2.00,3.00,2.00,3.00,10.00,7.00,6.00,6.00,10.00,12.00,23.00,12.00,16.00,9.00,12.00,11.00,11.00,10.00,5.00,3.00,5.00,7.00,16.00,6.00,9.00,5.00,10.00,4.00,7.00,11.00,12.00,2.00,15.00,9.00
7,304.00,19.00,12.00,22.00,47.00,11.00,343.00,127.00,14.00,6.00,3.00,4.00,2.00,10.00,2.00,2.00,3.00,7.00,9.00,17.00,0.00,7.00,17.00,8.00,3.00,7.00,1.00,15.00,9.00,8.00,5.00,10.00,7.00,8.00,11.00,9.00,6.00,2.00,15.00,10.00,7.00,24.00,39.00,20.00,9.00,23.00,22.00,51.00,91.00,150.00,132.00,83.00,51.00,83.00,127.00,46.00,46.00,0.00,0.00,0.00,0.00,2.00,1.00,0.00,1.00,0.00,0.00,4.00,1.00,0.00,5.00,0.00,0.00,0.00,2.00,3.00,1.00,1.00,2.00,3.00,1.00,2.00,10.00,2.00,2.00,5.00,2.00,17.00,3.00,3.00,33.00,14.00,9.00,12.00,12.00,15.00,62.00,4.00,18.00,18.00,8.00,31.00,16.00,32.00,12.00,5.00,2.00,113.00,17.00,157.00,48.00,168.00,39.00,186.00,124.00,66.00,48.00,122.00,50.00,12.00
8,142.00,7.00,12.00,19.00,35.00,7.00,138.00,15.00,12.00,7.00,3.00,2.00,5.00,3.00,2.00,4.00,7.00,2.00,5.00,13.00,2.00,4.00,4.00,6.00,3.00,0.00,5.00,12.00,3.00,9.00,3.00,5.00,6.00,8.00,8.00,7.00,5.00,4.00,14.00,19.00,4.00,22.00,30.00,29.00,26.00,33.00,52.00,44.00,115.00,177.00,195.00,197.00,173.00,263.00,313.00,106.00,138.00,0.00,1.00,0.00,0.00,1.00,0.00,0.00,0.00,0.00,0.00,4.00,1.00,0.00,3.00,0.00,0.00,2.00,3.00,0.00,2.00,2.00,2.00,2.00,1.00,8.00,9.00,0.00,0.00,7.00,4.00,8.00,6.00,8.00,53.00,15.00,9.00,14.00,8.00,9.00,51.00,7.00,9.00,13.00,9.00,16.00,8.00,14.00,6.00,5.00,3.00,41.00,25.00,49.00,21.00,189.00,13.00,54.00,35.00,12.00,14.00,138.00,56.00,8.00
9,79.00,2.00,4.00,16.00,53.00,2.00,10.00,9.00,56.00,2.00,18.00,2.00,4.00,7.00,5.00,31.00,19.00,31.00,47.00,29.00,187.00,29.00,76.00,210.00,212.00,215.00,3.00,6.00,1.00,1.00,2.00,3.00,2.00,5.00,2.00,3.00,3.00,2.00,3.00,4.00,2.00,7.00,5.00,2.00,2.00,2.00,1.00,1.00,3.00,5.00,3.00,3.00,1.00,3.00,1.00,2.00,1.00,0.00,3.00,1.00,2.00,2.00,3.00,3.00,1.00,3.00,6.00,13.00,10.00,3.00,13.00,3.00,11.00,27.00,40.00,348.00,2.00,2.00,4.00,4.00,1.00,1.00,4.00,5.00,3.00,4.00,5.00,2.00,1.00,2.00,9.00,4.00,2.00,4.00,6.00,6.00,7.00,3.00,6.00,5.00,4.00,7.00,3.00,6.00,7.00,5.00,2.00,5.00,16.00,1.00,7.00,2.00,11.00,2.00,6.00,10.00,16.00,0.00,7.00,2.00
1001,23.00,3.00,3.00,12.00,19.00,5.00,2.00,2.00,4.00,59.00,44.00,69.00,47.00,200.00,34.00,10.00,14.00,16.00,12.00,6.00,1.00,0.00,4.00,1.00,3.00,0.00,11.00,37.00,1.00,15.00,2.00,19.00,13.00,3.00,6.00,10.00,6.00,1.00,3.00,4.00,3.00,2.00,8.00,3.00,1.00,1.00,1.00,6.00,4.00,5.00,6.00,2.00,1.00,0.00,2.00,0.00,0.00,0.00,4.00,5.00,1.00,0.00,0.00,3.00,1.00,0.00,1.00,7.00,6.00,0.00,8.00,1.00,0.00,2.00,3.00,2.00,1.00,5.00,1.00,7.00,3.00,15.00,2.00,37.00,17.00,5.00,40.00,5.00,2.00,1.00,28.00,8.00,5.00,8.00,15.00,10.00,23.00,6.00,15.00,6.00,1.00,2.00,20.00,24.00,2.00,14.00,4.00,4.00,9.00,1.00,6.00,2.00,2.00,1.00,2.00,1.00,2.00,2.00,18.00,4.00
1002,45.00,4.00,4.00,16.00,39.00,9.00,2.00,2.00,22.00,46.00,76.00,28.00,40.00,105.00,21.00,36.00,26.00,17.00,14.00,4.00,16.00,3.00,0.00,4.00,5.00,3.00,3.00,15.00,0.00,4.00,0.00,10.00,2.00,3.00,2.00,4.00,2.00,0.00,2.00,2.00,0.00,3.00,2.00,1.00,0.00,0.00,0.00,1.00,0.00,0.00,1.00,0.00,1.00,1.00,0.00,0.00,0.00,2.00,46.00,9.00,20.00,6.00,9.00,5.00,5.00,22.00,26.00,41.00,24.00,2.00,50.00,4.00,3.00,15.00,16.00,16.00,2.00,11.00,2.00,4.00,3.00,2.00,1.00,26.00,40.00,1.00,52.00,0.00,2.00,2.00,5.00,4.00,1.00,0.00,5.00,4.00,13.00,2.00,6.00,2.00,0.00,5.00,4.00,13.00,3.00,12.00,1.00,5.00,6.00,0.00,4.00,0.00,0.00,0.00,3.00,1.00,2.00,0.00,5.00,1.00
1003,37.00,2.00,3.00,15.00,14.00,3.00,1.00,1.00,4.00,80.00,40.00,32.00,36.00,46.00,49.00,25.00,30.00,38.00,18.00,4.00,4.00,4.00,4.00,5.00,3.00,2.00,4.00,45.00,2.00,6.00,0.00,6.00,2.00,1.00,1.00,5.00,0.00,1.00,6.00,2.00,2.00,3.00,3.00,0.00,0.00,1.00,0.00,1.00,2.00,2.00,1.00,0.00,1.00,0.00,1.00,0.00,0.00,1.00,5.00,2.00,0.00,0.00,1.00,1.00,1.00,1.00,3.00,8.00,4.00,1.00,12.00,1.00,1.00,5.00,4.00,2.00,2.00,3.00,2.00,1.00,0.00,1.00,0.00,15.00,14.00,0.00,27.00,2.00,1.00,1.00,11.00,3.00,3.00,2.00,9.00,7.00,16.00,4.00,5.00,5.00,2.00,4.00,10.00,40.00,4.00,23.00,6.00,2.00,12.00,0.00,5.00,0.00,4.00,0.00,0.00,3.00,1.00,0.00,11.00,5.00
1004,29.00,0.00,3.00,18.00,18.00,3.00,2.00,0.00,7.00,55.00,40.00,36.00,25.00,36.00,27.00,33.00,22.00,29.00,9.00,7.00,5.00,3.00,3.00,1.00,4.00,1.00,1.00,27.00,0.00,3.00,0.00,5.00,6.00,1.00,1.00,6.00,1.00,2.00,5.00,0.00,0.00,5.00,5.00,0.00,0.00,0.00,0.00,1.00,1.00,0.00,2.00,0.00,0.00,0.00,0.00,1.00,0.00,0.00,1.00,0.00,3.00,1.00,4.00,3.00,0.00,3.00,2.00,7.00,3.00,1.00,9.00,2.00,1.00,4.00,8.00,6.00,1.00,0.00,1.00,3.00,1.00,1.00,0.00,4.00,9.00,1.00,22.00,1.00,1.00,0.00,13.00,3.00,0.00,3.00,7.00,3.00,13.00,2.00,3.00,2.00,2.00,2.00,7.00,31.00,2.00,22.00,2.00,4.00,9.00,5.00,7.00,0.00,7.00,1.00,1.00,0.00,4.00,0.00,8.00,2.00
1005,63.00,6.00,6.00,22.00,38.00,6.00,8.00,5.00,13.00,307.00,185.00,39.00,54.00,14.00,194.00,99.00,165.00,127.00,99.00,22.00,12.00,11.00,14.00,8.00,6.00,1.00,11.00,121.00,3.00,19.00,3.00,25.00,14.00,4.00,4.00,11.00,5.00,1.00,13.00,4.00,2.00,9.00,7.00,1.00,0.00,0.00,3.00,2.00,0.00,2.00,2.00,4.00,0.00,1.00,1.00,0.00,2.00,1.00,5.00,3.00,3.00,2.00,2.00,2.00,2.00,4.00,7.00,19.00,11.00,1.00,13.00,4.00,2.00,6.00,8.00,10.00,1.00,6.00,3.00,4.00,1.00,4.00,0.00,36.00,43.00,2.00,59.00,3.00,0.00,3.00,25.00,11.00,6.00,6.00,35.00,12.00,34.00,6.00,26.00,7.00,4.00,13.00,31.00,83.00,9.00,83.00,16.00,5.00,32.00,6.00,20.00,1.00,24.00,0.00,3.00,5.00,2.00,0.00,14.00,3.00
1006,31.00,3.00,7.00,14.00,23.00,4.00,2.00,5.00,5.00,28.00,20.00,43.00,35.00,138.00,24.00,18.00,24.00,20.00,23.00,10.00,9.00,5.00,5.00,2.00,2.00,3.00,5.00,16.00,1.00,4.00,0.00,11.00,4.00,1.00,1.00,9.00,5.00,0.00,3.00,1.00,2.00,5.00,5.00,1.00,3.00,1.00,1.00,0.00,1.00,0.00,0.00,3.00,1.00,1.00,0.00,0.00,0.00,2.00,5.00,1.00,1.00,0.00,1.00,1.00,1.00,1.00,4.00,10.00,2.00,0.00,6.00,0.00,0.00,2.00,6.00,3.00,0.00,0.00,0.00,1.00,1.00,5.00,0.00,9.00,4.00,1.00,11.00,3.00,0.00,1.00,12.00,10.00,2.00,7.00,11.00,7.00,26.00,5.00,10.00,4.00,4.00,7.00,20.00,46.00,9.00,18.00,10.00,3.00,23.00,3.00,9.00,1.00,10.00,3.00,0.00,1.00,1.00,0.00,16.00,5.00
1007,50.00,7.00,3.00,22.00,52.00,7.00,3.00,2.00,49.00,19.00,43.00,19.00,30.00,70.00,15.00,5.00,32.00,51.00,32.00,8.00,41.00,4.00,5.00,22.00,16.00,13.00,0.00,7.00,3.00,1.00,2.00,3.00,0.00,0.00,0.00,4.00,1.00,1.00,1.00,0.00,0.00,1.00,5.00,0.00,1.00,0.00,0.00,2.00,0.00,0.00,1.00,1.00,0.00,0.00,1.00,1.00,0.00,2.00,14.00,6.00,6.00,8.00,6.00,7.00,9.00,13.00,19.00,32.00,30.00,1.00,55.00,3.00,5.00,21.00,37.00,37.00,1.00,2.00,2.00,5.00,1.00,1.00,0.00,8.00,14.00,2.00,26.00,1.00,0.00,0.00,8.00,3.00,0.00,1.00,4.00,4.00,7.00,1.00,1.00,5.00,2.00,7.00,4.00,15.00,0.00,2.00,0.00,2.00,4.00,0.00,5.00,0.00,2.00,4.00,3.00,3.00,1.00,0.00,4.00,2.00
1008,43.00,1.00,3.00,9.00,31.00,9.00,2.00,1.00,23.00,13.00,23.00,20.00,22.00,90.00,19.00,31.00,22.00,27.00,46.00,14.00,16.00,7.00,9.00,15.00,16.00,6.00,1.00,8.00,0.00,2.00,1.00,8.00,3.00,2.00,0.00,3.00,3.00,1.00,1.00,0.00,0.00,2.00,4.00,0.00,0.00,0.00,0.00,1.00,0.00,0.00,0.00,0.00,0.00,0.00,0.00,0.00,0.00,0.00,5.00,2.00,2.00,2.00,2.00,4.00,1.00,6.00,4.00,5.00,5.00,1.00,9.00,1.00,0.00,2.00,11.00,10.00,1.00,1.00,0.00,1.00,3.00,1.00,1.00,2.00,6.00,2.00,6.00,2.00,0.00,0.00,2.00,3.00,3.00,1.00,3.00,2.00,8.00,0.00,6.00,3.00,2.00,6.00,5.00,12.00,2.00,17.00,4.00,4.00,10.00,0.00,1.00,0.00,3.00,0.00,2.00,1.00,2.00,0.00,10.00,0.00
1009,117.00,4.00,4.00,5.00,42.00,5.00,2.00,2.00,55.00,13.00,22.00,35.00,29.00,103.00,21.00,51.00,31.00,2.00,52.00,41.00,40.00,29.00,21.00,45.00,37.00,26.00,1.00,6.00,1.00,2.00,0.00,3.00,0.00,1.00,2.00,5.00,2.00,3.00,0.00,1.00,1.00,4.00,5.00,1.00,1.00,1.00,0.00,0.00,1.00,1.00,0.00,1.00,0.00,0.00,0.00,0.00,0.00,0.00,3.00,0.00,1.00,0.00,0.00,3.00,0.00,1.00,5.00,7.00,9.00,0.00,12.00,0.00,2.00,4.00,7.00,13.00,0.00,0.00,1.00,1.00,0.00,2.00,0.00,2.00,3.00,0.00,5.00,2.00,0.00,0.00,10.00,3.00,2.00,3.00,8.00,5.00,9.00,4.00,7.00,2.00,3.00,5.00,8.00,14.00,5.00,34.00,10.00,4.00,15.00,4.00,7.00,1.00,9.00,2.00,2.00,4.00,8.00,0.00,12.00,2.00
1010,162.00,10.00,4.00,12.00,57.00,17.00,4.00,4.00,48.00,11.00,16.00,9.00,9.00,60.00,16.00,27.00,30.00,31.00,63.00,67.00,42.00,32.00,27.00,58.00,78.00,39.00,1.00,9.00,2.00,5.00,1.00,4.00,2.00,2.00,3.00,5.00,2.00,1.00,3.00,1.00,0.00,2.00,7.00,0.00,1.00,6.00,0.00,2.00,3.00,1.00,2.00,0.00,0.00,0.00,0.00,0.00,0.00,2.00,2.00,2.00,0.00,0.00,0.00,4.00,1.00,5.00,3.00,9.00,0.00,0.00,5.00,0.00,1.00,1.00,8.00,12.00,1.00,1.00,0.00,0.00,1.00,1.00,1.00,2.00,4.00,3.00,7.00,2.00,2.00,0.00,6.00,4.00,3.00,0.00,5.00,7.00,24.00,3.00,10.00,7.00,5.00,6.00,7.00,29.00,7.00,28.00,11.00,6.00,30.00,2.00,10.00,1.00,32.00,2.00,6.00,12.00,15.00,0.00,6.00,1.00
1011,131.00,9.00,4.00,15.00,38.00,11.00,8.00,4.00,30.00,7.00,5.00,7.00,3.00,16.00,13.00,9.00,18.00,38.00,68.00,4.00,12.00,52.00,87.00,29.00,54.00,25.00,5.00,9.00,0.00,6.00,1.00,9.00,3.00,3.00,5.00,12.00,7.00,3.00,8.00,6.00,6.00,7.00,8.00,5.00,1.00,1.00,3.00,6.00,39.00,29.00,14.00,1.00,1.00,1.00,1.00,0.00,0.00,1.00,0.00,0.00,0.00,0.00,0.00,0.00,0.00,0.00,1.00,2.00,0.00,0.00,1.00,1.00,0.00,2.00,0.00,8.00,2.00,0.00,0.00,1.00,0.00,5.00,1.00,2.00,1.00,5.00,2.00,3.00,1.00,1.00,39.00,14.00,3.00,7.00,24.00,14.00,31.00,9.00,17.00,12.00,10.00,17.00,16.00,55.00,15.00,44.00,43.00,13.00,112.00,3.00,62.00,1.00,69.00,10.00,11.00,27.00,26.00,0.00,21.00,4.00
1012,153.00,7.00,6.00,13.00,91.00,14.00,2.00,0.00,205.00,3.00,19.00,3.00,4.00,13.00,3.00,39.00,18.00,32.00,40.00,11.00,35.00,7.00,16.00,50.00,46.00,41.00,0.00,1.00,0.00,0.00,1.00,1.00,0.00,0.00,0.00,0.00,1.00,0.00,3.00,0.00,0.00,1.00,1.00,0.00,1.00,0.00,0.00,0.00,0.00,0.00,0.00,0.00,0.00,0.00,0.00,0.00,0.00,0.00,5.00,3.00,2.00,3.00,1.00,3.00,1.00,3.00,4.00,8.00,8.00,1.00,19.00,3.00,3.00,22.00,19.00,84.00,0.00,2.00,0.00,1.00,0.00,0.00,0.00,2.00,4.00,0.00,7.00,0.00,0.00,0.00,2.00,0.00,0.00,1.00,3.00,1.00,5.00,0.00,0.00,2.00,0.00,0.00,3.00,1.00,0.00,6.00,1.00,1.00,4.00,0.00,1.00,1.00,3.00,2.00,1.00,0.00,1.00,0.00,0.00,0.00
1013,117.00,8.00,6.00,9.00,31.00,11.00,8.00,1.00,20.00,3.00,4.00,2.00,0.00,3.00,4.00,3.00,7.00,35.00,30.00,51.00,10.00,10.00,17.00,25.00,35.00,22.00,0.00,7.00,1.00,1.00,0.00,4.00,1.00,4.00,2.00,2.00,1.00,2.00,1.00,4.00,1.00,6.00,4.00,0.00,3.00,1.00,0.00,0.00,2.00,3.00,3.00,1.00,1.00,0.00,0.00,0.00,0.00,0.00,1.00,0.00,0.00,0.00,0.00,0.00,0.00,1.00,0.00,2.00,0.00,0.00,1.00,0.00,2.00,3.00,0.00,2.00,0.00,0.00,1.00,0.00,0.00,1.00,0.00,0.00,0.00,1.00,0.00,0.00,0.00,1.00,14.00,7.00,2.00,4.00,9.00,2.00,13.00,2.00,6.00,4.00,3.00,9.00,8.00,16.00,4.00,18.00,9.00,3.00,36.00,0.00,15.00,0.00,38.00,4.00,10.00,22.00,40.00,0.00,7.00,4.00
1014,315.00,5.00,3.00,11.00,38.00,14.00,7.00,5.00,79.00,1.00,1.00,2.00,2.00,3.00,2.00,7.00,4.00,12.00,27.00,72.00,19.00,19.00,30.00,40.00,65.00,33.00,2.00,1.00,0.00,0.00,0.00,2.00,0.00,2.00,2.00,1.00,0.00,0.00,2.00,1.00,0.00,5.00,4.00,2.00,0.00,2.00,1.00,0.00,0.00,0.00,0.00,0.00,1.00,1.00,1.00,0.00,0.00,0.00,0.00,0.00,0.00,1.00,0.00,1.00,0.00,0.00,1.00,4.00,0.00,1.00,2.00,0.00,0.00,2.00,7.00,8.00,0.00,0.00,1.00,1.00,0.00,1.00,0.00,2.00,0.00,1.00,0.00,2.00,0.00,0.00,5.00,1.00,1.00,5.00,3.00,3.00,6.00,2.00,4.00,4.00,1.00,4.00,1.00,10.00,5.00,13.00,6.00,2.00,20.00,0.00,6.00,2.00,25.00,3.00,7.00,27.00,65.00,0.00,2.00,2.00
1015,438.00,10.00,4.00,22.00,60.00,20.00,3.00,2.00,304.00,1.00,4.00,4.00,1.00,3.00,2.00,14.00,9.00,29.00,68.00,33.00,75.00,38.00,65.00,0.00,2.00,3.00,0.00,4.00,0.00,0.00,0.00,3.00,1.00,1.00,0.00,1.00,1.00,2.00,0.00,0.00,0.00,2.00,5.00,1.00,0.00,0.00,0.00,2.00,1.00,1.00,1.00,1.00,0.00,0.00,0.00,0.00,0.00,1.00,1.00,1.00,0.00,1.00,1.00,0.00,1.00,0.00,0.00,3.00,1.00,0.00,2.00,0.00,1.00,7.00,9.00,51.00,1.00,0.00,0.00,0.00,0.00,0.00,0.00,0.00,2.00,0.00,2.00,0.00,0.00,0.00,3.00,4.00,2.00,1.00,2.00,2.00,5.00,1.00,3.00,4.00,3.00,4.00,1.00,5.00,2.00,8.00,4.00,2.00,8.00,0.00,3.00,0.00,2.00,2.00,4.00,11.00,23.00,0.00,0.00,1.00
1016,574.00,12.00,5.00,16.00,91.00,26.00,5.00,2.00,286.00,1.00,5.00,1.00,1.00,5.00,3.00,7.00,12.00,32.00,92.00,54.00,51.00,46.00,95.00,1.00,0.00,13.00,1.00,3.00,0.00,1.00,0.00,2.00,0.00,2.00,1.00,1.00,1.00,0.00,2.00,0.00,0.00,2.00,1.00,1.00,0.00,1.00,1.00,0.00,0.00,0.00,0.00,0.00,0.00,1.00,0.00,0.00,0.00,0.00,0.00,1.00,0.00,1.00,0.00,0.00,0.00,1.00,0.00,4.00,1.00,2.00,5.00,0.00,1.00,3.00,3.00,50.00,0.00,0.00,0.00,0.00,1.00,2.00,0.00,1.00,0.00,0.00,0.00,0.00,0.00,1.00,1.00,1.00,2.00,0.00,1.00,3.00,4.00,0.00,3.00,2.00,3.00,3.00,1.00,3.00,2.00,7.00,4.00,1.00,18.00,0.00,3.00,0.00,5.00,0.00,0.00,5.00,21.00,0.00,4.00,1.00
1017,472.00,11.00,4.00,14.00,76.00,17.00,3.00,2.00,281.00,3.00,5.00,3.00,1.00,6.00,2.00,8.00,7.00,18.00,61.00,32.00,64.00,33.00,55.00,3.00,15.00,9.00,0.00,3.00,1.00,0.00,0.00,1.00,0.00,2.00,1.00,2.00,0.00,0.00,3.00,1.00,1.00,2.00,4.00,0.00,1.00,0.00,0.00,0.00,0.00,1.00,2.00,1.00,1.00,0.00,0.00,1.00,1.00,0.00,1.00,0.00,1.00,1.00,1.00,1.00,0.00,1.00,0.00,4.00,2.00,2.00,3.00,1.00,1.00,7.00,6.00,43.00,2.00,0.00,1.00,0.00,1.00,0.00,1.00,1.00,1.00,1.00,0.00,1.00,2.00,1.00,5.00,1.00,0.00,0.00,2.00,3.00,4.00,1.00,3.00,0.00,2.00,3.00,5.00,6.00,2.00,2.00,2.00,1.00,9.00,1.00,5.00,0.00,4.00,1.00,1.00,13.00,26.00,0.00,5.00,1.00
1018,18.00,2.00,2.00,5.00,9.00,6.00,4.00,2.00,4.00,14.00,2.00,3.00,1.00,4.00,3.00,2.00,0.00,2.00,0.00,5.00,0.00,2.00,1.00,0.00,2.00,1.00,29.00,42.00,30.00,55.00,24.00,24.00,19.00,14.00,20.00,18.00,20.00,7.00,18.00,6.00,4.00,5.00,8.00,2.00,1.00,2.00,1.00,0.00,1.00,2.00,0.00,5.00,2.00,0.00,1.00,0.00,1.00,0.00,6.00,0.00,1.00,0.00,0.00,2.00,0.00,0.00,1.00,0.00,0.00,0.00,3.00,1.00,0.00,0.00,0.00,0.00,45.00,2.00,53.00,24.00,55.00,23.00,28.00,22.00,4.00,58.00,8.00,38.00,11.00,15.00,87.00,19.00,12.00,10.00,9.00,10.00,35.00,13.00,15.00,10.00,4.00,12.00,14.00,25.00,6.00,2.00,1.00,4.00,17.00,2.00,11.00,0.00,4.00,0.00,0.00,1.00,6.00,0.00,27.00,5.00
1019,42.00,2.00,3.00,15.00,24.00,6.00,15.00,5.00,6.00,41.00,17.00,42.00,22.00,81.00,13.00,7.00,8.00,5.00,10.00,9.00,1.00,7.00,3.00,3.00,1.00,2.00,44.00,34.00,13.00,52.00,16.00,69.00,46.00,8.00,17.00,34.00,31.00,14.00,27.00,7.00,5.00,13.00,16.00,1.00,0.00,2.00,2.00,7.00,9.00,20.00,14.00,3.00,1.00,0.00,2.00,1.00,0.00,3.00,6.00,1.00,4.00,1.00,1.00,3.00,2.00,2.00,2.00,4.00,5.00,2.00,3.00,0.00,0.00,1.00,5.00,1.00,12.00,17.00,15.00,25.00,10.00,38.00,6.00,30.00,20.00,13.00,45.00,16.00,5.00,8.00,78.00,31.00,22.00,13.00,32.00,26.00,49.00,15.00,24.00,16.00,12.00,26.00,46.00,57.00,8.00,14.00,8.00,14.00,30.00,1.00,19.00,3.00,10.00,5.00,7.00,3.00,2.00,0.00,35.00,13.00
1020,18.00,0.00,1.00,1.00,4.00,2.00,7.00,2.00,2.00,6.00,2.00,3.00,0.00,3.00,2.00,2.00,0.00,1.00,0.00,2.00,0.00,1.00,0.00,4.00,0.00,0.00,21.00,16.00,10.00,21.00,9.00,11.00,15.00,14.00,13.00,13.00,18.00,9.00,28.00,6.00,7.00,19.00,15.00,2.00,3.00,4.00,1.00,0.00,1.00,1.00,3.00,0.00,1.00,0.00,1.00,2.00,1.00,2.00,4.00,1.00,0.00,1.00,0.00,0.00,0.00,0.00,0.00,1.00,0.00,0.00,1.00,0.00,0.00,0.00,0.00,0.00,4.00,0.00,4.00,1.00,5.00,8.00,14.00,2.00,2.00,58.00,1.00,18.00,15.00,16.00,48.00,19.00,17.00,14.00,10.00,9.00,51.00,5.00,12.00,7.00,3.00,13.00,16.00,14.00,5.00,2.00,2.00,7.00,6.00,8.00,9.00,1.00,2.00,1.00,1.00,1.00,1.00,0.00,27.00,12.00
1021,30.00,2.00,2.00,6.00,8.00,5.00,4.00,2.00,4.00,20.00,4.00,4.00,3.00,12.00,7.00,4.00,2.00,3.00,0.00,4.00,2.00,2.00,0.00,3.00,0.00,2.00,56.00,47.00,26.00,37.00,13.00,17.00,14.00,22.00,24.00,38.00,38.00,15.00,48.00,9.00,17.00,22.00,18.00,1.00,2.00,4.00,0.00,0.00,3.00,0.00,6.00,2.00,0.00,1.00,1.00,0.00,0.00,0.00,4.00,0.00,1.00,0.00,0.00,0.00,0.00,0.00,2.00,0.00,1.00,0.00,1.00,0.00,0.00,0.00,0.00,0.00,8.00,4.00,15.00,7.00,14.00,29.00,21.00,8.00,0.00,48.00,5.00,24.00,5.00,26.00,94.00,31.00,18.00,23.00,26.00,28.00,90.00,17.00,27.00,16.00,3.00,21.00,26.00,32.00,5.00,8.00,8.00,9.00,16.00,6.00,10.00,1.00,4.00,5.00,0.00,1.00,0.00,0.00,48.00,11.00
1022,18.00,0.00,1.00,1.00,6.00,3.00,3.00,2.00,1.00,3.00,1.00,2.00,0.00,3.00,2.00,1.00,4.00,2.00,3.00,4.00,2.00,1.00,0.00,0.00,0.00,0.00,17.00,13.00,8.00,10.00,5.00,17.00,14.00,11.00,5.00,12.00,8.00,3.00,20.00,8.00,8.00,16.00,16.00,2.00,0.00,3.00,0.00,0.00,1.00,0.00,1.00,0.00,1.00,1.00,0.00,0.00,0.00,1.00,0.00,0.00,0.00,0.00,0.00,1.00,0.00,3.00,0.00,0.00,1.00,0.00,1.00,0.00,0.00,0.00,0.00,0.00,0.00,0.00,4.00,0.00,2.00,3.00,4.00,1.00,0.00,24.00,4.00,12.00,10.00,8.00,27.00,16.00,12.00,15.00,6.00,11.00,42.00,3.00,18.00,9.00,4.00,13.00,16.00,14.00,5.00,3.00,1.00,5.00,12.00,3.00,10.00,0.00,12.00,0.00,1.00,0.00,1.00,0.00,34.00,8.00
1023,30.00,4.00,2.00,5.00,19.00,7.00,12.00,3.00,7.00,20.00,3.00,5.00,2.00,19.00,11.00,3.00,6.00,1.00,4.00,7.00,2.00,1.00,1.00,3.00,2.00,1.00,24.00,55.00,11.00,13.00,14.00,1.00,2.00,16.00,21.00,28.00,35.00,18.00,33.00,4.00,11.00,19.00,13.00,3.00,1.00,1.00,1.00,0.00,1.00,3.00,3.00,4.00,1.00,2.00,1.00,1.00,1.00,0.00,5.00,1.00,0.00,0.00,1.00,0.00,0.00,1.00,0.00,3.00,0.00,0.00,4.00,0.00,0.00,0.00,2.00,1.00,0.00,2.00,7.00,5.00,1.00,5.00,3.00,15.00,2.00,6.00,7.00,10.00,4.00,3.00,80.00,50.00,21.00,15.00,15.00,41.00,131.00,25.00,24.00,25.00,10.00,27.00,18.00,53.00,8.00,6.00,5.00,13.00,17.00,2.00,16.00,2.00,15.00,4.00,3.00,2.00,3.00,1.00,47.00,12.00
1024,23.00,2.00,0.00,2.00,8.00,2.00,5.00,2.00,5.00,15.00,3.00,5.00,5.00,10.00,9.00,1.00,0.00,0.00,3.00,6.00,0.00,2.00,0.00,0.00,4.00,0.00,18.00,41.00,12.00,14.00,10.00,4.00,6.00,13.00,16.00,21.00,29.00,11.00,34.00,8.00,9.00,19.00,9.00,3.00,0.00,3.00,0.00,0.00,0.00,1.00,2.00,0.00,1.00,1.00,1.00,0.00,1.00,0.00,2.00,0.00,0.00,0.00,1.00,0.00,0.00,0.00,0.00,0.00,0.00,0.00,2.00,0.00,1.00,1.00,1.00,1.00,3.00,0.00,8.00,5.00,2.00,11.00,4.00,6.00,3.00,14.00,6.00,8.00,3.00,5.00,69.00,29.00,17.00,13.00,11.00,19.00,72.00,9.00,21.00,12.00,9.00,16.00,16.00,20.00,2.00,5.00,4.00,5.00,12.00,5.00,10.00,1.00,8.00,2.00,1.00,1.00,1.00,0.00,28.00,11.00
1025,33.00,2.00,2.00,3.00,12.00,6.00,9.00,6.00,1.00,3.00,2.00,2.00,0.00,3.00,1.00,2.00,3.00,2.00,2.00,1.00,0.00,4.00,2.00,0.00,3.00,0.00,19.00,7.00,17.00,20.00,12.00,9.00,11.00,16.00,21.00,13.00,15.00,13.00,50.00,20.00,16.00,17.00,16.00,17.00,6.00,9.00,4.00,2.00,4.00,8.00,4.00,4.00,0.00,2.00,4.00,1.00,1.00,0.00,2.00,0.00,0.00,0.00,0.00,0.00,0.00,0.00,0.00,1.00,0.00,0.00,2.00,0.00,1.00,0.00,0.00,1.00,2.00,2.00,3.00,3.00,3.00,5.00,16.00,2.00,0.00,39.00,1.00,31.00,46.00,23.00,76.00,22.00,29.00,36.00,14.00,14.00,92.00,11.00,14.00,21.00,8.00,21.00,12.00,22.00,2.00,4.00,2.00,14.00,14.00,13.00,13.00,1.00,7.00,2.00,1.00,1.00,0.00,2.00,65.00,26.00
1026,25.00,2.00,1.00,2.00,5.00,3.00,5.00,6.00,4.00,5.00,0.00,2.00,1.00,2.00,2.00,1.00,2.00,4.00,3.00,6.00,0.00,3.00,2.00,1.00,1.00,0.00,20.00,15.00,11.00,23.00,8.00,29.00,19.00,16.00,2.00,11.00,5.00,5.00,7.00,15.00,9.00,10.00,18.00,3.00,0.00,3.00,0.00,0.00,0.00,2.00,3.00,4.00,1.00,2.00,1.00,1.00,0.00,0.00,0.00,1.00,1.00,1.00,0.00,0.00,0.00,2.00,0.00,1.00,0.00,0.00,1.00,0.00,1.00,1.00,0.00,0.00,2.00,1.00,2.00,2.00,2.00,9.00,3.00,2.00,3.00,9.00,3.00,20.00,4.00,22.00,13.00,17.00,6.00,12.00,20.00,21.00,63.00,9.00,17.00,11.00,5.00,16.00,23.00,31.00,8.00,4.00,3.00,11.00,10.00,4.00,10.00,2.00,9.00,6.00,2.00,0.00,5.00,2.00,43.00,5.00
1027,24.00,3.00,0.00,3.00,12.00,2.00,9.00,7.00,7.00,15.00,5.00,10.00,4.00,20.00,16.00,2.00,7.00,3.00,5.00,7.00,0.00,3.00,0.00,2.00,0.00,2.00,18.00,47.00,15.00,42.00,18.00,37.00,17.00,16.00,15.00,6.00,11.00,16.00,29.00,12.00,19.00,26.00,18.00,4.00,1.00,2.00,2.00,0.00,6.00,2.00,2.00,3.00,1.00,1.00,3.00,1.00,1.00,0.00,2.00,3.00,1.00,1.00,0.00,0.00,0.00,2.00,1.00,0.00,0.00,0.00,0.00,0.00,0.00,0.00,0.00,2.00,3.00,0.00,5.00,2.00,5.00,12.00,4.00,6.00,2.00,21.00,6.00,10.00,3.00,7.00,42.00,16.00,18.00,31.00,16.00,23.00,67.00,15.00,19.00,28.00,15.00,34.00,33.00,37.00,17.00,10.00,7.00,16.00,26.00,7.00,25.00,5.00,15.00,6.00,3.00,4.00,3.00,0.00,46.00,17.00
1028,20.00,3.00,1.00,3.00,8.00,1.00,13.00,7.00,2.00,11.00,3.00,2.00,3.00,9.00,5.00,1.00,1.00,1.00,2.00,7.00,0.00,7.00,2.00,2.00,0.00,0.00,30.00,32.00,25.00,58.00,13.00,47.00,39.00,15.00,4.00,5.00,2.00,13.00,31.00,7.00,22.00,27.00,20.00,2.00,0.00,2.00,1.00,1.00,1.00,1.00,3.00,0.00,1.00,1.00,0.00,1.00,0.00,0.00,1.00,0.00,0.00,0.00,0.00,1.00,0.00,0.00,0.00,0.00,0.00,0.00,1.00,0.00,0.00,0.00,0.00,0.00,5.00,0.00,6.00,3.00,7.00,13.00,7.00,4.00,2.00,14.00,9.00,11.00,4.00,7.00,12.00,3.00,8.00,26.00,22.00,16.00,42.00,8.00,30.00,21.00,17.00,31.00,19.00,29.00,7.00,6.00,3.00,15.00,15.00,5.00,13.00,3.00,6.00,3.00,0.00,3.00,2.00,0.00,42.00,18.00
1029,20.00,1.00,2.00,3.00,8.00,3.00,4.00,3.00,4.00,1.00,1.00,1.00,0.00,1.00,4.00,0.00,1.00,2.00,1.00,2.00,0.00,3.00,3.00,1.00,2.00,0.00,9.00,8.00,4.00,15.00,3.00,15.00,12.00,9.00,3.00,15.00,10.00,10.00,6.00,7.00,11.00,9.00,17.00,4.00,3.00,2.00,0.00,0.00,3.00,2.00,3.00,1.00,3.00,1.00,2.00,0.00,0.00,0.00,0.00,0.00,1.00,0.00,0.00,0.00,0.00,0.00,1.00,0.00,0.00,0.00,2.00,0.00,0.00,0.00,4.00,0.00,0.00,3.00,1.00,4.00,1.00,1.00,2.00,1.00,1.00,7.00,4.00,16.00,9.00,14.00,19.00,18.00,16.00,11.00,6.00,17.00,46.00,9.00,15.00,9.00,6.00,21.00,11.00,16.00,5.00,2.00,4.00,9.00,11.00,3.00,11.00,1.00,15.00,3.00,1.00,1.00,0.00,0.00,36.00,8.00
1030,40.00,4.00,1.00,5.00,10.00,4.00,17.00,8.00,7.00,9.00,3.00,4.00,2.00,9.00,7.00,3.00,3.00,0.00,6.00,12.00,1.00,3.00,1.00,0.00,5.00,1.00,32.00,23.00,32.00,63.00,19.00,42.00,31.00,51.00,8.00,31.00,34.00,7.00,6.00,48.00,6.00,10.00,44.00,16.00,3.00,7.00,4.00,2.00,6.00,8.00,4.00,5.00,3.00,2.00,5.00,1.00,2.00,0.00,0.00,0.00,1.00,0.00,0.00,0.00,0.00,1.00,0.00,1.00,0.00,0.00,1.00,0.00,1.00,1.00,0.00,0.00,3.00,1.00,6.00,4.00,8.00,7.00,11.00,3.00,2.00,34.00,4.00,68.00,22.00,56.00,41.00,34.00,9.00,9.00,35.00,45.00,75.00,18.00,38.00,31.00,20.00,41.00,59.00,39.00,14.00,8.00,5.00,26.00,18.00,20.00,22.00,3.00,12.00,5.00,3.00,3.00,4.00,2.00,37.00,10.00
1031,35.00,2.00,2.00,5.00,12.00,4.00,14.00,18.00,3.00,2.00,0.00,0.00,0.00,1.00,4.00,2.00,0.00,0.00,3.00,11.00,0.00,1.00,1.00,1.00,1.00,1.00,4.00,4.00,6.00,6.00,5.00,4.00,5.00,20.00,12.00,9.00,7.00,6.00,36.00,9.00,17.00,36.00,20.00,18.00,22.00,26.00,15.00,7.00,43.00,23.00,20.00,29.00,8.00,8.00,16.00,7.00,9.00,0.00,1.00,0.00,0.00,0.00,0.00,0.00,0.00,0.00,0.00,1.00,1.00,1.00,1.00,0.00,0.00,0.00,1.00,0.00,2.00,0.00,2.00,1.00,3.00,3.00,3.00,0.00,0.00,7.00,0.00,11.00,24.00,19.00,44.00,7.00,11.00,22.00,7.00,9.00,52.00,7.00,17.00,12.00,3.00,24.00,7.00,22.00,6.00,6.00,4.00,22.00,11.00,21.00,17.00,13.00,7.00,6.00,1.00,0.00,2.00,0.00,48.00,10.00
1032,20.00,1.00,1.00,5.00,6.00,4.00,12.00,2.00,2.00,6.00,0.00,2.00,0.00,2.00,2.00,0.00,1.00,4.00,0.00,7.00,1.00,6.00,3.00,1.00,0.00,1.00,12.00,7.00,9.00,21.00,8.00,13.00,11.00,20.00,11.00,20.00,22.00,9.00,5.00,22.00,0.00,5.00,29.00,8.00,1.00,3.00,2.00,2.00,6.00,3.00,1.00,2.00,1.00,3.00,1.00,0.00,1.00,0.00,0.00,0.00,0.00,0.00,0.00,0.00,0.00,0.00,1.00,0.00,2.00,0.00,0.00,0.00,0.00,0.00,0.00,0.00,1.00,1.00,0.00,1.00,0.00,4.00,1.00,1.00,0.00,3.00,1.00,7.00,4.00,16.00,57.00,27.00,7.00,2.00,18.00,16.00,44.00,12.00,22.00,14.00,9.00,27.00,15.00,20.00,11.00,3.00,3.00,24.00,10.00,16.00,24.00,3.00,15.00,1.00,1.00,2.00,7.00,1.00,17.00,6.00
1033,43.00,4.00,3.00,5.00,17.00,6.00,24.00,16.00,6.00,7.00,2.00,4.00,5.00,3.00,6.00,1.00,3.00,4.00,3.00,19.00,0.00,6.00,3.00,1.00,4.00,0.00,5.00,19.00,14.00,21.00,14.00,17.00,14.00,20.00,12.00,18.00,21.00,9.00,11.00,42.00,6.00,10.00,30.00,32.00,6.00,10.00,7.00,7.00,8.00,9.00,7.00,5.00,3.00,6.00,5.00,3.00,3.00,0.00,0.00,0.00,0.00,0.00,0.00,0.00,0.00,0.00,0.00,0.00,1.00,1.00,0.00,0.00,0.00,1.00,1.00,0.00,2.00,2.00,1.00,4.00,1.00,5.00,5.00,1.00,0.00,7.00,5.00,12.00,8.00,22.00,67.00,40.00,21.00,15.00,30.00,25.00,69.00,28.00,23.00,25.00,15.00,29.00,43.00,44.00,11.00,7.00,13.00,32.00,23.00,39.00,29.00,10.00,14.00,8.00,2.00,3.00,1.00,3.00,37.00,12.00
1034,39.00,2.00,3.00,8.00,18.00,7.00,26.00,24.00,4.00,7.00,2.00,1.00,2.00,4.00,3.00,5.00,2.00,3.00,4.00,13.00,0.00,2.00,2.00,0.00,1.00,2.00,5.00,13.00,6.00,15.00,10.00,15.00,5.00,18.00,17.00,18.00,17.00,19.00,41.00,24.00,33.00,31.00,32.00,35.00,18.00,29.00,17.00,11.00,29.00,24.00,24.00,26.00,10.00,12.00,24.00,10.00,10.00,0.00,2.00,0.00,0.00,0.00,0.00,0.00,0.00,0.00,1.00,3.00,0.00,0.00,1.00,0.00,0.00,1.00,3.00,0.00,0.00,2.00,0.00,2.00,1.00,1.00,8.00,0.00,0.00,11.00,1.00,15.00,12.00,27.00,56.00,25.00,18.00,41.00,19.00,15.00,91.00,20.00,25.00,29.00,14.00,37.00,20.00,27.00,12.00,6.00,4.00,34.00,16.00,46.00,28.00,12.00,16.00,11.00,3.00,2.00,2.00,4.00,59.00,21.00
1035,35.00,3.00,3.00,6.00,7.00,2.00,13.00,27.00,5.00,1.00,1.00,1.00,2.00,1.00,0.00,0.00,1.00,0.00,4.00,8.00,0.00,6.00,0.00,1.00,4.00,2.00,1.00,6.00,0.00,4.00,4.00,3.00,2.00,18.00,5.00,6.00,4.00,5.00,16.00,23.00,11.00,23.00,33.00,44.00,17.00,36.00,18.00,10.00,45.00,26.00,45.00,39.00,11.00,12.00,12.00,12.00,9.00,0.00,1.00,0.00,0.00,0.00,1.00,0.00,1.00,0.00,0.00,0.00,0.00,0.00,1.00,0.00,0.00,0.00,0.00,1.00,0.00,0.00,0.00,0.00,0.00,2.00,5.00,1.00,2.00,11.00,2.00,9.00,15.00,20.00,25.00,5.00,6.00,6.00,4.00,3.00,28.00,7.00,5.00,3.00,4.00,6.00,9.00,11.00,3.00,4.00,1.00,12.00,5.00,24.00,8.00,14.00,3.00,3.00,1.00,3.00,3.00,3.00,21.00,6.00
1036,43.00,2.00,17.00,6.00,11.00,8.00,23.00,25.00,1.00,1.00,0.00,0.00,0.00,1.00,0.00,0.00,0.00,2.00,0.00,3.00,0.00,3.00,0.00,0.00,0.00,0.00,2.00,5.00,1.00,3.00,1.00,1.00,0.00,6.00,2.00,2.00,1.00,9.00,7.00,20.00,3.00,7.00,20.00,18.00,0.00,9.00,9.00,18.00,81.00,85.00,97.00,62.00,32.00,25.00,34.00,9.00,11.00,0.00,0.00,1.00,0.00,1.00,0.00,0.00,0.00,0.00,1.00,0.00,1.00,0.00,3.00,0.00,0.00,1.00,0.00,0.00,3.00,0.00,2.00,0.00,4.00,1.00,2.00,0.00,0.00,6.00,1.00,14.00,20.00,20.00,16.00,3.00,3.00,4.00,3.00,5.00,9.00,4.00,2.00,3.00,1.00,6.00,3.00,2.00,1.00,1.00,0.00,6.00,4.00,4.00,4.00,4.00,4.00,2.00,0.00,2.00,3.00,7.00,8.00,2.00
1037,24.00,3.00,4.00,3.00,6.00,2.00,22.00,28.00,3.00,1.00,1.00,2.00,0.00,1.00,2.00,1.00,0.00,1.00,3.00,3.00,0.00,1.00,0.00,2.00,1.00,2.00,2.00,3.00,2.00,4.00,2.00,2.00,3.00,11.00,4.00,1.00,3.00,3.00,7.00,23.00,3.00,9.00,28.00,35.00,10.00,13.00,18.00,19.00,68.00,58.00,64.00,49.00,30.00,34.00,30.00,13.00,7.00,0.00,0.00,1.00,0.00,0.00,0.00,0.00,0.00,0.00,0.00,0.00,0.00,1.00,0.00,0.00,0.00,0.00,0.00,0.00,0.00,0.00,3.00,2.00,2.00,3.00,12.00,0.00,0.00,14.00,0.00,35.00,49.00,30.00,22.00,3.00,2.00,3.00,1.00,2.00,16.00,1.00,4.00,3.00,1.00,4.00,5.00,7.00,1.00,0.00,1.00,3.00,6.00,7.00,1.00,6.00,3.00,7.00,1.00,2.00,1.00,5.00,17.00,3.00
1038,35.00,1.00,17.00,5.00,9.00,4.00,36.00,39.00,2.00,1.00,0.00,0.00,0.00,2.00,0.00,1.00,0.00,1.00,0.00,7.00,0.00,5.00,1.00,1.00,0.00,0.00,0.00,2.00,0.00,2.00,1.00,0.00,0.00,4.00,3.00,3.00,1.00,2.00,4.00,12.00,1.00,6.00,11.00,16.00,5.00,13.00,8.00,6.00,10.00,39.00,42.00,31.00,35.00,39.00,58.00,7.00,12.00,0.00,0.00,0.00,1.00,0.00,0.00,0.00,0.00,0.00,0.00,0.00,0.00,0.00,0.00,0.00,0.00,0.00,0.00,0.00,2.00,0.00,3.00,1.00,1.00,1.00,2.00,0.00,2.00,6.00,1.00,5.00,12.00,14.00,11.00,2.00,2.00,1.00,2.00,1.00,14.00,4.00,2.00,0.00,0.00,4.00,1.00,3.00,0.00,0.00,1.00,3.00,10.00,7.00,4.00,6.00,1.00,8.00,1.00,1.00,0.00,5.00,13.00,1.00
1039,43.00,1.00,3.00,2.00,8.00,2.00,98.00,38.00,4.00,3.00,1.00,0.00,0.00,1.00,0.00,0.00,0.00,1.00,11.00,21.00,0.00,1.00,0.00,0.00,1.00,1.00,2.00,5.00,0.00,2.00,1.00,2.00,0.00,2.00,1.00,2.00,0.00,4.00,5.00,6.00,1.00,6.00,12.00,14.00,14.00,17.00,5.00,2.00,2.00,7.00,6.00,11.00,15.00,21.00,28.00,15.00,20.00,0.00,0.00,1.00,0.00,0.00,0.00,0.00,0.00,0.00,1.00,1.00,0.00,0.00,1.00,0.00,0.00,1.00,0.00,1.00,0.00,0.00,0.00,1.00,3.00,1.00,5.00,1.00,0.00,3.00,1.00,4.00,6.00,7.00,6.00,2.00,3.00,3.00,0.00,2.00,8.00,2.00,3.00,2.00,2.00,1.00,3.00,1.00,2.00,1.00,1.00,3.00,2.00,3.00,7.00,10.00,5.00,12.00,9.00,3.00,1.00,7.00,7.00,3.00
1040,65.00,3.00,5.00,6.00,12.00,4.00,145.00,108.00,8.00,4.00,0.00,2.00,4.00,1.00,1.00,0.00,1.00,0.00,13.00,21.00,0.00,5.00,1.00,2.00,1.00,1.00,2.00,9.00,1.00,2.00,0.00,3.00,1.00,4.00,4.00,2.00,4.00,5.00,5.00,38.00,4.00,10.00,31.00,57.00,119.00,89.00,11.00,1.00,8.00,8.00,5.00,10.00,15.00,42.00,33.00,42.00,20.00,0.00,0.00,0.00,0.00,0.00,0.00,0.00,0.00,0.00,0.00,0.00,0.00,0.00,1.00,0.00,1.00,1.00,0.00,0.00,2.00,0.00,1.00,1.00,2.00,3.00,3.00,3.00,0.00,8.00,0.00,13.00,21.00,34.00,14.00,4.00,5.00,6.00,5.00,3.00,15.00,5.00,4.00,2.00,1.00,4.00,6.00,5.00,1.00,1.00,1.00,6.00,5.00,14.00,6.00,17.00,4.00,15.00,8.00,6.00,0.00,21.00,11.00,3.00
1041,64.00,1.00,3.00,5.00,6.00,2.00,192.00,184.00,6.00,11.00,2.00,0.00,0.00,2.00,4.00,0.00,0.00,1.00,13.00,51.00,1.00,4.00,1.00,1.00,1.00,0.00,0.00,21.00,1.00,1.00,0.00,4.00,2.00,8.00,1.00,3.00,2.00,2.00,5.00,22.00,2.00,9.00,25.00,33.00,131.00,64.00,53.00,8.00,10.00,0.00,1.00,1.00,1.00,38.00,3.00,31.00,14.00,0.00,1.00,0.00,1.00,1.00,0.00,0.00,0.00,0.00,0.00,1.00,0.00,0.00,1.00,0.00,0.00,1.00,0.00,0.00,0.00,0.00,0.00,6.00,0.00,1.00,3.00,4.00,0.00,3.00,1.00,10.00,15.00,19.00,15.00,6.00,4.00,3.00,4.00,2.00,22.00,0.00,1.00,9.00,3.00,6.00,5.00,6.00,1.00,7.00,2.00,2.00,13.00,9.00,3.00,21.00,4.00,19.00,8.00,6.00,1.00,37.00,12.00,9.00
1042,47.00,3.00,1.00,1.00,5.00,3.00,131.00,206.00,2.00,11.00,0.00,1.00,1.00,1.00,1.00,2.00,1.00,0.00,9.00,20.00,0.00,1.00,1.00,0.00,0.00,4.00,2.00,12.00,0.00,1.00,1.00,4.00,1.00,7.00,3.00,2.00,1.00,3.00,5.00,31.00,3.00,11.00,29.00,51.00,124.00,82.00,50.00,3.00,5.00,1.00,2.00,4.00,5.00,42.00,10.00,57.00,21.00,0.00,1.00,0.00,0.00,0.00,1.00,0.00,0.00,0.00,0.00,1.00,0.00,0.00,1.00,0.00,0.00,0.00,0.00,0.00,1.00,0.00,1.00,5.00,0.00,0.00,5.00,5.00,1.00,7.00,1.00,12.00,26.00,28.00,11.00,4.00,1.00,5.00,5.00,5.00,11.00,4.00,3.00,3.00,5.00,7.00,7.00,2.00,1.00,1.00,5.00,4.00,6.00,12.00,9.00,29.00,4.00,15.00,14.00,2.00,0.00,42.00,12.00,4.00
1043,30.00,2.00,1.00,2.00,7.00,2.00,74.00,160.00,1.00,2.00,0.00,1.00,0.00,1.00,0.00,0.00,0.00,0.00,0.00,2.00,0.00,0.00,0.00,0.00,0.00,1.00,0.00,3.00,2.00,1.00,2.00,1.00,2.00,6.00,2.00,2.00,1.00,2.00,6.00,31.00,2.00,9.00,28.00,43.00,71.00,50.00,51.00,8.00,8.00,1.00,5.00,2.00,1.00,20.00,3.00,18.00,11.00,0.00,1.00,0.00,0.00,0.00,0.00,0.00,0.00,0.00,0.00,1.00,0.00,0.00,0.00,0.00,0.00,0.00,0.00,1.00,0.00,0.00,0.00,3.00,1.00,1.00,4.00,0.00,0.00,1.00,2.00,4.00,8.00,25.00,10.00,1.00,1.00,4.00,1.00,2.00,11.00,0.00,4.00,1.00,2.00,6.00,4.00,4.00,0.00,1.00,0.00,5.00,4.00,15.00,0.00,30.00,0.00,3.00,5.00,2.00,1.00,29.00,7.00,4.00
1044,28.00,1.00,3.00,2.00,2.00,4.00,78.00,162.00,3.00,1.00,0.00,0.00,0.00,1.00,0.00,0.00,0.00,0.00,2.00,1.00,0.00,2.00,0.00,2.00,0.00,1.00,2.00,1.00,2.00,1.00,6.00,0.00,1.00,3.00,4.00,3.00,2.00,1.00,4.00,8.00,2.00,6.00,15.00,13.00,34.00,31.00,37.00,15.00,13.00,0.00,4.00,2.00,1.00,7.00,1.00,6.00,0.00,0.00,0.00,0.00,0.00,0.00,0.00,0.00,0.00,0.00,0.00,0.00,0.00,0.00,0.00,0.00,0.00,0.00,0.00,0.00,0.00,0.00,3.00,0.00,1.00,1.00,2.00,0.00,0.00,3.00,0.00,2.00,5.00,4.00,9.00,4.00,1.00,2.00,1.00,2.00,10.00,2.00,1.00,1.00,0.00,4.00,3.00,3.00,1.00,1.00,1.00,4.00,4.00,6.00,5.00,17.00,2.00,3.00,3.00,1.00,0.00,18.00,10.00,1.00
1045,34.00,2.00,3.00,1.00,8.00,3.00,116.00,263.00,0.00,1.00,0.00,0.00,1.00,0.00,0.00,0.00,1.00,0.00,1.00,0.00,0.00,0.00,0.00,2.00,0.00,0.00,1.00,0.00,1.00,0.00,0.00,0.00,0.00,3.00,0.00,0.00,0.00,4.00,2.00,11.00,1.00,4.00,10.00,20.00,32.00,30.00,42.00,23.00,32.00,31.00,38.00,13.00,4.00,5.00,2.00,4.00,4.00,0.00,0.00,0.00,0.00,0.00,0.00,0.00,0.00,1.00,1.00,1.00,2.00,0.00,0.00,0.00,0.00,0.00,0.00,0.00,0.00,0.00,0.00,0.00,1.00,0.00,2.00,0.00,0.00,2.00,1.00,2.00,4.00,5.00,9.00,1.00,2.00,3.00,4.00,5.00,11.00,1.00,3.00,3.00,2.00,6.00,2.00,1.00,3.00,2.00,0.00,3.00,3.00,9.00,4.00,27.00,4.00,4.00,3.00,0.00,0.00,22.00,9.00,4.00
1046,34.00,0.00,2.00,2.00,6.00,3.00,182.00,377.00,1.00,1.00,0.00,0.00,0.00,2.00,1.00,1.00,1.00,0.00,0.00,2.00,1.00,0.00,1.00,0.00,1.00,0.00,1.00,3.00,1.00,1.00,1.00,1.00,0.00,5.00,2.00,5.00,4.00,1.00,4.00,18.00,2.00,5.00,23.00,19.00,35.00,39.00,73.00,23.00,30.00,2.00,11.00,3.00,1.00,1.00,0.00,3.00,2.00,0.00,0.00,0.00,0.00,0.00,0.00,1.00,0.00,0.00,1.00,0.00,0.00,1.00,0.00,0.00,0.00,0.00,0.00,0.00,1.00,0.00,1.00,0.00,0.00,2.00,1.00,0.00,1.00,2.00,0.00,5.00,4.00,9.00,10.00,2.00,3.00,2.00,2.00,6.00,10.00,4.00,6.00,7.00,2.00,7.00,7.00,5.00,1.00,0.00,0.00,8.00,3.00,14.00,5.00,33.00,4.00,3.00,1.00,3.00,2.00,40.00,9.00,3.00
1047,13.00,1.00,1.00,2.00,6.00,2.00,48.00,74.00,2.00,1.00,0.00,0.00,0.00,0.00,1.00,0.00,0.00,0.00,0.00,5.00,0.00,2.00,0.00,0.00,1.00,0.00,0.00,1.00,1.00,0.00,0.00,0.00,1.00,2.00,0.00,0.00,1.00,1.00,2.00,8.00,1.00,1.00,8.00,11.00,8.00,9.00,9.00,14.00,29.00,25.00,44.00,9.00,7.00,4.00,3.00,5.00,3.00,0.00,0.00,0.00,0.00,0.00,0.00,0.00,1.00,0.00,0.00,1.00,0.00,0.00,0.00,0.00,2.00,0.00,0.00,0.00,0.00,0.00,1.00,0.00,0.00,0.00,3.00,2.00,0.00,2.00,1.00,0.00,1.00,3.00,5.00,0.00,2.00,3.00,0.00,3.00,10.00,0.00,2.00,2.00,0.00,4.00,2.00,3.00,0.00,1.00,0.00,9.00,3.00,20.00,2.00,8.00,0.00,2.00,0.00,2.00,1.00,3.00,6.00,2.00
1048,25.00,2.00,1.00,3.00,3.00,2.00,70.00,124.00,1.00,2.00,0.00,0.00,1.00,1.00,0.00,0.00,0.00,0.00,1.00,3.00,0.00,0.00,0.00,1.00,0.00,0.00,1.00,1.00,1.00,0.00,2.00,0.00,0.00,0.00,4.00,1.00,0.00,0.00,2.00,5.00,1.00,3.00,9.00,6.00,9.00,7.00,15.00,12.00,14.00,16.00,16.00,10.00,1.00,4.00,1.00,3.00,1.00,0.00,0.00,0.00,0.00,0.00,0.00,0.00,0.00,0.00,0.00,0.00,0.00,0.00,0.00,0.00,0.00,0.00,0.00,0.00,0.00,1.00,0.00,0.00,0.00,0.00,3.00,0.00,0.00,1.00,0.00,0.00,5.00,2.00,4.00,1.00,0.00,1.00,0.00,0.00,4.00,0.00,1.00,2.00,1.00,2.00,2.00,5.00,0.00,0.00,0.00,3.00,4.00,9.00,4.00,17.00,2.00,1.00,2.00,1.00,3.00,9.00,5.00,0.00
1049,6.00,1.00,1.00,81.00,44.00,0.00,0.00,0.00,3.00,0.00,5.00,0.00,0.00,1.00,0.00,2.00,0.00,2.00,2.00,2.00,1.00,0.00,0.00,1.00,0.00,0.00,0.00,1.00,0.00,0.00,0.00,0.00,0.00,0.00,0.00,0.00,0.00,0.00,0.00,0.00,0.00,0.00,0.00,0.00,0.00,1.00,1.00,0.00,0.00,0.00,0.00,0.00,0.00,0.00,0.00,0.00,0.00,2.00,39.00,36.00,64.00,24.00,16.00,16.00,6.00,25.00,30.00,45.00,13.00,5.00,16.00,6.00,3.00,7.00,3.00,2.00,0.00,5.00,0.00,1.00,0.00,1.00,0.00,5.00,9.00,0.00,6.00,0.00,0.00,0.00,0.00,0.00,0.00,0.00,0.00,0.00,0.00,0.00,0.00,0.00,0.00,0.00,0.00,0.00,0.00,1.00,0.00,0.00,0.00,0.00,0.00,0.00,0.00,0.00,0.00,0.00,0.00,0.00,1.00,0.00
1050,13.00,2.00,3.00,43.00,27.00,3.00,0.00,1.00,4.00,9.00,30.00,3.00,3.00,4.00,2.00,7.00,3.00,0.00,0.00,1.00,1.00,1.00,0.00,0.00,1.00,0.00,3.00,5.00,1.00,0.00,0.00,2.00,2.00,0.00,0.00,0.00,0.00,0.00,0.00,0.00,0.00,0.00,0.00,0.00,0.00,0.00,1.00,0.00,0.00,0.00,0.00,0.00,0.00,1.00,0.00,0.00,0.00,37.00,124.00,64.00,54.00,26.00,9.00,18.00,6.00,28.00,22.00,48.00,21.00,6.00,21.00,3.00,1.00,2.00,3.00,2.00,3.00,48.00,4.00,15.00,0.00,0.00,1.00,21.00,101.00,1.00,93.00,2.00,1.00,1.00,2.00,2.00,3.00,0.00,0.00,2.00,1.00,1.00,0.00,0.00,0.00,1.00,0.00,1.00,0.00,0.00,2.00,1.00,2.00,0.00,1.00,0.00,1.00,0.00,1.00,0.00,0.00,0.00,6.00,0.00
1051,19.00,3.00,2.00,52.00,79.00,3.00,0.00,0.00,2.00,1.00,5.00,1.00,1.00,2.00,0.00,3.00,6.00,1.00,1.00,1.00,2.00,0.00,0.00,0.00,1.00,0.00,2.00,2.00,0.00,0.00,0.00,1.00,1.00,0.00,0.00,0.00,0.00,0.00,0.00,0.00,0.00,1.00,0.00,0.00,0.00,0.00,0.00,0.00,0.00,0.00,1.00,0.00,0.00,0.00,0.00,0.00,0.00,16.00,60.00,12.00,35.00,39.00,25.00,39.00,22.00,59.00,68.00,96.00,37.00,4.00,27.00,6.00,3.00,5.00,3.00,2.00,2.00,7.00,1.00,1.00,0.00,1.00,0.00,7.00,4.00,1.00,16.00,0.00,0.00,3.00,0.00,0.00,1.00,0.00,0.00,0.00,4.00,0.00,1.00,0.00,0.00,1.00,0.00,1.00,0.00,0.00,0.00,1.00,0.00,0.00,0.00,0.00,0.00,0.00,0.00,0.00,0.00,0.00,2.00,0.00
1052,24.00,2.00,2.00,37.00,41.00,7.00,3.00,1.00,3.00,0.00,16.00,1.00,6.00,1.00,1.00,5.00,2.00,1.00,0.00,1.00,2.00,0.00,1.00,1.00,0.00,0.00,0.00,1.00,0.00,0.00,0.00,1.00,0.00,1.00,0.00,0.00,0.00,0.00,1.00,0.00,0.00,0.00,0.00,0.00,0.00,0.00,0.00,0.00,0.00,1.00,0.00,0.00,0.00,1.00,0.00,0.00,0.00,50.00,57.00,23.00,11.00,21.00,28.00,37.00,18.00,101.00,77.00,148.00,30.00,4.00,48.00,8.00,2.00,7.00,7.00,5.00,2.00,12.00,1.00,0.00,0.00,0.00,0.00,5.00,15.00,0.00,12.00,0.00,0.00,0.00,4.00,1.00,0.00,1.00,0.00,0.00,1.00,0.00,1.00,0.00,0.00,0.00,0.00,0.00,0.00,0.00,0.00,0.00,0.00,1.00,2.00,0.00,0.00,0.00,0.00,1.00,0.00,0.00,1.00,0.00
1053,19.00,2.00,1.00,51.00,61.00,4.00,0.00,0.00,4.00,0.00,6.00,2.00,1.00,2.00,1.00,7.00,1.00,1.00,1.00,0.00,1.00,0.00,1.00,0.00,1.00,1.00,3.00,1.00,0.00,0.00,0.00,1.00,0.00,1.00,0.00,0.00,0.00,0.00,0.00,1.00,0.00,0.00,0.00,0.00,0.00,0.00,0.00,0.00,1.00,0.00,0.00,0.00,0.00,0.00,0.00,0.00,0.00,22.00,28.00,39.00,18.00,20.00,10.00,20.00,22.00,35.00,28.00,74.00,26.00,9.00,33.00,12.00,5.00,17.00,17.00,8.00,0.00,0.00,1.00,1.00,0.00,0.00,0.00,6.00,5.00,0.00,7.00,0.00,0.00,0.00,2.00,0.00,0.00,0.00,1.00,2.00,2.00,1.00,1.00,0.00,0.00,0.00,1.00,3.00,0.00,0.00,0.00,0.00,1.00,1.00,0.00,0.00,0.00,1.00,0.00,0.00,0.00,0.00,1.00,0.00
1054,20.00,4.00,1.00,45.00,76.00,3.00,0.00,1.00,6.00,0.00,10.00,0.00,0.00,2.00,0.00,5.00,2.00,1.00,2.00,0.00,0.00,0.00,0.00,0.00,0.00,0.00,0.00,1.00,0.00,0.00,1.00,1.00,0.00,1.00,0.00,0.00,0.00,0.00,0.00,0.00,1.00,2.00,2.00,1.00,0.00,0.00,0.00,0.00,0.00,0.00,0.00,0.00,0.00,0.00,0.00,0.00,0.00,11.00,17.00,27.00,23.00,10.00,4.00,8.00,13.00,25.00,14.00,71.00,24.00,9.00,36.00,16.00,3.00,17.00,12.00,6.00,2.00,1.00,0.00,0.00,0.00,0.00,2.00,2.00,7.00,0.00,12.00,0.00,0.00,0.00,1.00,0.00,0.00,0.00,1.00,0.00,4.00,0.00,1.00,0.00,0.00,0.00,0.00,1.00,1.00,0.00,0.00,0.00,1.00,1.00,1.00,0.00,0.00,1.00,0.00,0.00,0.00,0.00,1.00,0.00
1055,24.00,1.00,1.00,92.00,183.00,5.00,0.00,1.00,8.00,1.00,19.00,2.00,4.00,1.00,3.00,16.00,5.00,2.00,14.00,0.00,4.00,2.00,1.00,3.00,1.00,1.00,1.00,1.00,1.00,1.00,1.00,1.00,0.00,0.00,1.00,0.00,1.00,0.00,1.00,0.00,0.00,0.00,0.00,0.00,0.00,0.00,0.00,0.00,0.00,0.00,0.00,0.00,0.00,0.00,0.00,0.00,0.00,19.00,28.00,46.00,42.00,18.00,6.00,1.00,47.00,4.00,2.00,15.00,43.00,22.00,41.00,36.00,10.00,25.00,30.00,24.00,0.00,5.00,0.00,1.00,0.00,1.00,0.00,6.00,13.00,1.00,28.00,0.00,0.00,0.00,0.00,1.00,0.00,0.00,1.00,0.00,0.00,0.00,0.00,2.00,0.00,0.00,1.00,2.00,0.00,5.00,1.00,0.00,0.00,1.00,0.00,0.00,0.00,0.00,0.00,0.00,0.00,0.00,2.00,0.00
1056,23.00,4.00,6.00,133.00,189.00,4.00,0.00,0.00,5.00,0.00,7.00,0.00,4.00,3.00,0.00,6.00,0.00,1.00,1.00,1.00,1.00,0.00,0.00,1.00,2.00,0.00,0.00,2.00,0.00,0.00,0.00,1.00,0.00,0.00,0.00,0.00,0.00,0.00,0.00,0.00,0.00,0.00,0.00,0.00,0.00,0.00,0.00,0.00,0.00,0.00,0.00,1.00,0.00,0.00,0.00,0.00,0.00,2.00,6.00,18.00,15.00,23.00,14.00,42.00,25.00,55.00,48.00,144.00,20.00,28.00,59.00,8.00,16.00,16.00,14.00,8.00,0.00,0.00,0.00,1.00,1.00,0.00,0.00,2.00,4.00,0.00,8.00,0.00,0.00,0.00,1.00,0.00,0.00,0.00,1.00,0.00,0.00,0.00,0.00,0.00,0.00,0.00,1.00,2.00,0.00,0.00,0.00,0.00,0.00,0.00,0.00,0.00,0.00,0.00,0.00,0.00,0.00,0.00,0.00,0.00
1057,23.00,2.00,2.00,88.00,147.00,3.00,1.00,0.00,16.00,1.00,29.00,2.00,2.00,3.00,2.00,22.00,6.00,6.00,11.00,0.00,5.00,0.00,1.00,2.00,3.00,1.00,2.00,2.00,0.00,2.00,0.00,2.00,2.00,0.00,1.00,2.00,1.00,0.00,0.00,0.00,0.00,0.00,0.00,0.00,0.00,0.00,0.00,0.00,0.00,0.00,0.00,0.00,0.00,0.00,0.00,0.00,0.00,29.00,38.00,94.00,124.00,46.00,29.00,3.00,84.00,2.00,8.00,20.00,90.00,44.00,105.00,110.00,20.00,69.00,44.00,27.00,0.00,3.00,1.00,4.00,0.00,0.00,3.00,8.00,9.00,0.00,38.00,0.00,0.00,0.00,2.00,0.00,0.00,3.00,2.00,0.00,3.00,1.00,2.00,1.00,0.00,3.00,2.00,2.00,1.00,3.00,1.00,0.00,2.00,1.00,0.00,0.00,0.00,0.00,0.00,0.00,0.00,0.00,3.00,0.00
1058,40.00,3.00,3.00,105.00,218.00,6.00,0.00,1.00,17.00,3.00,36.00,6.00,7.00,8.00,4.00,35.00,7.00,3.00,15.00,0.00,5.00,1.00,2.00,2.00,1.00,2.00,3.00,2.00,0.00,1.00,0.00,4.00,0.00,0.00,0.00,1.00,0.00,1.00,0.00,0.00,0.00,1.00,0.00,1.00,1.00,1.00,0.00,1.00,1.00,0.00,0.00,0.00,0.00,0.00,0.00,0.00,0.00,39.00,43.00,87.00,99.00,26.00,10.00,4.00,64.00,6.00,6.00,38.00,74.00,39.00,93.00,59.00,38.00,57.00,54.00,25.00,0.00,4.00,2.00,3.00,0.00,1.00,2.00,12.00,14.00,1.00,43.00,0.00,0.00,0.00,4.00,0.00,1.00,0.00,2.00,0.00,3.00,0.00,2.00,1.00,2.00,0.00,2.00,5.00,0.00,0.00,0.00,1.00,0.00,0.00,0.00,0.00,1.00,1.00,0.00,1.00,0.00,0.00,2.00,0.00
1059,77.00,7.00,16.00,268.00,375.00,13.00,4.00,3.00,27.00,4.00,62.00,5.00,9.00,9.00,6.00,54.00,7.00,5.00,14.00,3.00,18.00,1.00,2.00,4.00,2.00,6.00,0.00,6.00,0.00,7.00,1.00,2.00,2.00,2.00,0.00,2.00,3.00,1.00,1.00,2.00,1.00,3.00,3.00,0.00,0.00,2.00,1.00,1.00,0.00,0.00,0.00,1.00,0.00,0.00,0.00,0.00,0.00,37.00,54.00,106.00,158.00,99.00,84.00,16.00,183.00,23.00,38.00,73.00,157.00,85.00,249.00,235.00,54.00,167.00,93.00,63.00,2.00,6.00,2.00,2.00,1.00,2.00,1.00,18.00,32.00,0.00,77.00,2.00,1.00,0.00,3.00,3.00,0.00,0.00,0.00,2.00,6.00,1.00,1.00,1.00,0.00,1.00,2.00,5.00,0.00,4.00,3.00,1.00,1.00,1.00,0.00,1.00,2.00,0.00,2.00,2.00,1.00,0.00,3.00,1.00
1060,27.00,3.00,4.00,31.00,77.00,3.00,1.00,2.00,10.00,4.00,35.00,3.00,4.00,9.00,2.00,35.00,5.00,11.00,4.00,2.00,5.00,0.00,0.00,4.00,0.00,4.00,4.00,1.00,0.00,0.00,0.00,1.00,1.00,0.00,0.00,1.00,0.00,0.00,0.00,0.00,2.00,2.00,1.00,0.00,0.00,0.00,1.00,0.00,0.00,0.00,0.00,0.00,0.00,0.00,0.00,0.00,0.00,10.00,31.00,31.00,26.00,25.00,28.00,35.00,30.00,70.00,66.00,138.00,52.00,12.00,76.00,22.00,9.00,25.00,28.00,13.00,3.00,5.00,2.00,1.00,0.00,3.00,0.00,5.00,24.00,0.00,28.00,1.00,0.00,0.00,1.00,1.00,0.00,1.00,1.00,1.00,4.00,0.00,0.00,0.00,0.00,2.00,3.00,4.00,2.00,3.00,2.00,0.00,0.00,0.00,0.00,0.00,0.00,0.00,0.00,1.00,0.00,0.00,0.00,0.00
1061,26.00,5.00,4.00,161.00,544.00,9.00,1.00,0.00,10.00,0.00,1.00,1.00,3.00,1.00,2.00,5.00,0.00,0.00,0.00,0.00,1.00,0.00,1.00,0.00,0.00,0.00,0.00,1.00,1.00,0.00,0.00,0.00,0.00,0.00,0.00,0.00,0.00,0.00,1.00,0.00,0.00,0.00,0.00,0.00,0.00,0.00,0.00,0.00,0.00,0.00,0.00,0.00,0.00,0.00,0.00,0.00,0.00,2.00,4.00,6.00,4.00,9.00,7.00,19.00,23.00,30.00,26.00,87.00,8.00,92.00,65.00,53.00,73.00,51.00,31.00,11.00,0.00,1.00,0.00,1.00,0.00,0.00,0.00,0.00,1.00,0.00,0.00,0.00,0.00,0.00,2.00,0.00,0.00,0.00,0.00,1.00,1.00,0.00,1.00,0.00,0.00,1.00,0.00,1.00,0.00,0.00,0.00,0.00,0.00,2.00,1.00,0.00,0.00,0.00,0.00,0.00,0.00,0.00,0.00,1.00
1062,66.00,5.00,8.00,87.00,251.00,13.00,3.00,4.00,28.00,5.00,47.00,6.00,10.00,10.00,4.00,54.00,11.00,9.00,10.00,2.00,16.00,0.00,3.00,2.00,5.00,3.00,0.00,3.00,1.00,2.00,0.00,1.00,1.00,0.00,0.00,2.00,1.00,0.00,0.00,0.00,1.00,2.00,2.00,0.00,0.00,2.00,0.00,0.00,0.00,1.00,0.00,0.00,0.00,0.00,0.00,0.00,0.00,13.00,16.00,21.00,38.00,32.00,36.00,40.00,49.00,75.00,66.00,181.00,75.00,52.00,128.00,65.00,34.00,64.00,62.00,40.00,4.00,3.00,1.00,1.00,0.00,0.00,1.00,1.00,9.00,1.00,17.00,0.00,0.00,0.00,3.00,0.00,1.00,1.00,3.00,0.00,3.00,1.00,2.00,1.00,1.00,0.00,1.00,2.00,0.00,2.00,0.00,2.00,1.00,1.00,0.00,1.00,0.00,1.00,1.00,1.00,0.00,0.00,3.00,1.00
1063,26.00,1.00,2.00,64.00,322.00,5.00,1.00,0.00,2.00,1.00,2.00,0.00,1.00,1.00,0.00,3.00,2.00,0.00,0.00,0.00,4.00,0.00,0.00,2.00,0.00,1.00,0.00,2.00,1.00,0.00,0.00,0.00,0.00,0.00,0.00,0.00,0.00,0.00,0.00,0.00,0.00,1.00,0.00,0.00,0.00,1.00,1.00,0.00,0.00,0.00,2.00,0.00,0.00,0.00,0.00,0.00,0.00,3.00,2.00,4.00,7.00,11.00,11.00,34.00,8.00,70.00,28.00,178.00,18.00,45.00,70.00,11.00,34.00,42.00,30.00,11.00,0.00,0.00,0.00,1.00,0.00,0.00,0.00,0.00,0.00,0.00,3.00,0.00,0.00,0.00,2.00,0.00,0.00,0.00,2.00,1.00,2.00,1.00,0.00,0.00,0.00,0.00,0.00,2.00,0.00,2.00,0.00,0.00,1.00,0.00,0.00,0.00,0.00,0.00,0.00,0.00,0.00,0.00,0.00,0.00
1064,50.00,11.00,3.00,101.00,824.00,8.00,0.00,1.00,18.00,0.00,3.00,0.00,1.00,3.00,0.00,3.00,2.00,0.00,1.00,1.00,1.00,2.00,0.00,1.00,1.00,1.00,0.00,1.00,0.00,0.00,0.00,0.00,0.00,4.00,1.00,1.00,0.00,0.00,0.00,1.00,0.00,0.00,0.00,0.00,0.00,0.00,0.00,0.00,0.00,0.00,0.00,1.00,0.00,0.00,0.00,0.00,0.00,0.00,1.00,4.00,3.00,4.00,3.00,9.00,16.00,15.00,18.00,41.00,7.00,66.00,36.00,28.00,72.00,53.00,50.00,13.00,0.00,0.00,0.00,0.00,0.00,0.00,1.00,1.00,1.00,2.00,1.00,0.00,1.00,0.00,0.00,0.00,1.00,0.00,1.00,1.00,1.00,0.00,1.00,0.00,0.00,0.00,0.00,2.00,1.00,0.00,0.00,2.00,0.00,0.00,0.00,0.00,0.00,0.00,1.00,0.00,1.00,0.00,0.00,0.00
1065,60.00,7.00,3.00,33.00,456.00,10.00,0.00,2.00,48.00,1.00,20.00,2.00,2.00,3.00,1.00,21.00,4.00,5.00,4.00,2.00,22.00,2.00,5.00,5.00,5.00,10.00,0.00,0.00,0.00,2.00,0.00,0.00,1.00,1.00,0.00,0.00,0.00,0.00,2.00,0.00,0.00,1.00,0.00,0.00,0.00,0.00,0.00,0.00,0.00,0.00,0.00,0.00,0.00,0.00,0.00,0.00,0.00,4.00,4.00,7.00,6.00,19.00,23.00,21.00,22.00,46.00,33.00,120.00,24.00,50.00,97.00,55.00,66.00,2.00,85.00,107.00,0.00,1.00,0.00,0.00,0.00,0.00,0.00,1.00,1.00,1.00,1.00,0.00,0.00,0.00,1.00,0.00,0.00,0.00,0.00,2.00,2.00,2.00,1.00,0.00,0.00,1.00,4.00,1.00,0.00,1.00,1.00,0.00,1.00,1.00,0.00,0.00,2.00,0.00,0.00,0.00,2.00,0.00,1.00,0.00
1066,55.00,6.00,9.00,45.00,336.00,14.00,0.00,0.00,66.00,2.00,14.00,2.00,5.00,2.00,1.00,25.00,7.00,3.00,6.00,2.00,19.00,0.00,3.00,8.00,7.00,11.00,0.00,0.00,0.00,1.00,0.00,1.00,1.00,0.00,1.00,0.00,0.00,0.00,0.00,0.00,0.00,0.00,1.00,0.00,0.00,0.00,0.00,0.00,0.00,0.00,0.00,0.00,0.00,0.00,0.00,0.00,0.00,1.00,4.00,3.00,4.00,7.00,6.00,13.00,10.00,22.00,18.00,67.00,20.00,23.00,56.00,22.00,43.00,49.00,32.00,48.00,0.00,1.00,0.00,0.00,0.00,0.00,0.00,0.00,1.00,0.00,2.00,0.00,0.00,0.00,1.00,0.00,1.00,0.00,1.00,1.00,3.00,1.00,1.00,1.00,0.00,1.00,1.00,0.00,0.00,0.00,0.00,1.00,2.00,0.00,1.00,0.00,1.00,0.00,0.00,1.00,1.00,0.00,0.00,2.00
1067,145.00,5.00,5.00,24.00,207.00,14.00,4.00,2.00,330.00,0.00,10.00,2.00,7.00,2.00,3.00,35.00,10.00,14.00,12.00,6.00,80.00,6.00,11.00,37.00,30.00,32.00,1.00,1.00,0.00,0.00,0.00,1.00,0.00,1.00,0.00,1.00,0.00,0.00,0.00,0.00,3.00,2.00,1.00,1.00,0.00,0.00,0.00,0.00,0.00,1.00,0.00,2.00,0.00,1.00,0.00,0.00,0.00,1.00,12.00,2.00,2.00,5.00,3.00,9.00,3.00,15.00,17.00,48.00,16.00,6.00,38.00,6.00,10.00,73.00,53.00,67.00,0.00,3.00,0.00,0.00,1.00,1.00,1.00,1.00,4.00,0.00,1.00,0.00,0.00,0.00,0.00,0.00,0.00,0.00,0.00,0.00,3.00,2.00,1.00,1.00,0.00,3.00,1.00,1.00,0.00,4.00,0.00,2.00,3.00,0.00,1.00,0.00,2.00,1.00,1.00,2.00,1.00,0.00,2.00,0.00
1068,10.00,1.00,10.00,6.00,4.00,3.00,0.00,1.00,4.00,1.00,3.00,2.00,3.00,5.00,1.00,2.00,0.00,0.00,0.00,1.00,0.00,1.00,0.00,3.00,0.00,1.00,24.00,9.00,3.00,7.00,2.00,4.00,3.00,5.00,2.00,1.00,2.00,1.00,1.00,1.00,1.00,6.00,3.00,0.00,2.00,0.00,2.00,0.00,1.00,4.00,0.00,0.00,1.00,0.00,0.00,0.00,0.00,1.00,2.00,0.00,2.00,0.00,0.00,0.00,0.00,2.00,1.00,2.00,0.00,0.00,1.00,0.00,0.00,0.00,0.00,0.00,2.00,20.00,81.00,90.00,15.00,35.00,18.00,24.00,6.00,35.00,12.00,17.00,4.00,4.00,12.00,2.00,2.00,1.00,7.00,4.00,6.00,1.00,7.00,4.00,2.00,4.00,1.00,2.00,0.00,3.00,0.00,0.00,2.00,0.00,3.00,0.00,0.00,0.00,0.00,0.00,0.00,1.00,7.00,5.00
1069,6.00,1.00,1.00,9.00,10.00,3.00,0.00,0.00,7.00,7.00,13.00,4.00,2.00,3.00,0.00,0.00,1.00,0.00,0.00,1.00,0.00,1.00,0.00,0.00,0.00,1.00,2.00,11.00,0.00,4.00,0.00,0.00,5.00,0.00,1.00,1.00,1.00,0.00,0.00,2.00,0.00,1.00,0.00,0.00,0.00,1.00,1.00,0.00,0.00,0.00,0.00,1.00,0.00,1.00,0.00,0.00,0.00,5.00,67.00,6.00,12.00,2.00,1.00,3.00,0.00,3.00,4.00,3.00,2.00,0.00,2.00,1.00,0.00,0.00,0.00,0.00,14.00,11.00,9.00,39.00,7.00,23.00,2.00,29.00,32.00,1.00,103.00,1.00,0.00,2.00,2.00,2.00,1.00,0.00,5.00,0.00,10.00,1.00,0.00,0.00,0.00,1.00,2.00,0.00,0.00,0.00,1.00,1.00,2.00,0.00,2.00,0.00,1.00,0.00,0.00,0.00,1.00,0.00,3.00,0.00
1070,8.00,1.00,5.00,7.00,7.00,4.00,1.00,2.00,1.00,2.00,2.00,2.00,1.00,1.00,2.00,0.00,1.00,0.00,1.00,2.00,0.00,1.00,0.00,0.00,1.00,2.00,62.00,18.00,7.00,12.00,3.00,2.00,5.00,5.00,6.00,4.00,4.00,5.00,7.00,2.00,2.00,2.00,2.00,1.00,3.00,1.00,2.00,1.00,2.00,0.00,0.00,0.00,1.00,0.00,1.00,1.00,2.00,0.00,1.00,2.00,1.00,1.00,0.00,0.00,0.00,3.00,3.00,9.00,2.00,0.00,0.00,0.00,1.00,0.00,0.00,1.00,93.00,7.00,0.00,57.00,25.00,64.00,96.00,15.00,6.00,153.00,11.00,31.00,14.00,8.00,19.00,8.00,7.00,4.00,3.00,7.00,12.00,3.00,8.00,4.00,2.00,11.00,5.00,3.00,1.00,1.00,1.00,6.00,2.00,3.00,0.00,0.00,3.00,1.00,1.00,1.00,0.00,0.00,11.00,2.00
1071,19.00,3.00,3.00,5.00,13.00,3.00,1.00,0.00,1.00,6.00,6.00,3.00,2.00,3.00,3.00,0.00,1.00,0.00,0.00,0.00,0.00,1.00,0.00,0.00,1.00,1.00,26.00,23.00,1.00,5.00,3.00,2.00,3.00,0.00,0.00,2.00,5.00,1.00,0.00,2.00,1.00,0.00,0.00,1.00,2.00,1.00,0.00,0.00,2.00,0.00,0.00,0.00,0.00,0.00,0.00,0.00,0.00,2.00,19.00,2.00,3.00,0.00,1.00,1.00,1.00,1.00,1.00,2.00,2.00,0.00,0.00,0.00,0.00,0.00,0.00,0.00,93.00,49.00,55.00,6.00,43.00,19.00,9.00,32.00,38.00,10.00,46.00,7.00,2.00,2.00,9.00,1.00,0.00,2.00,4.00,1.00,9.00,1.00,2.00,6.00,0.00,0.00,2.00,8.00,0.00,2.00,0.00,3.00,2.00,1.00,5.00,0.00,3.00,0.00,0.00,1.00,0.00,0.00,4.00,0.00
1072,11.00,2.00,10.00,7.00,2.00,2.00,1.00,1.00,1.00,7.00,0.00,1.00,0.00,1.00,0.00,1.00,0.00,0.00,0.00,1.00,0.00,2.00,3.00,1.00,0.00,1.00,40.00,7.00,3.00,11.00,3.00,1.00,1.00,2.00,2.00,2.00,1.00,1.00,2.00,1.00,0.00,4.00,1.00,2.00,1.00,1.00,3.00,2.00,0.00,1.00,0.00,1.00,2.00,1.00,1.00,1.00,0.00,1.00,2.00,0.00,0.00,0.00,0.00,1.00,1.00,0.00,0.00,1.00,0.00,0.00,0.00,0.00,0.00,0.00,0.00,1.00,19.00,10.00,15.00,54.00,22.00,45.00,40.00,19.00,5.00,42.00,6.00,26.00,10.00,3.00,20.00,7.00,3.00,2.00,1.00,1.00,11.00,2.00,4.00,1.00,0.00,0.00,1.00,4.00,3.00,2.00,0.00,0.00,8.00,0.00,11.00,0.00,2.00,0.00,0.00,0.00,0.00,0.00,10.00,0.00
1073,20.00,1.00,4.00,8.00,11.00,4.00,2.00,0.00,3.00,13.00,2.00,4.00,4.00,9.00,2.00,1.00,0.00,0.00,3.00,8.00,0.00,0.00,1.00,0.00,0.00,0.00,25.00,26.00,8.00,24.00,6.00,4.00,3.00,7.00,6.00,11.00,9.00,1.00,4.00,1.00,4.00,2.00,3.00,2.00,0.00,1.00,1.00,0.00,2.00,0.00,0.00,0.00,0.00,0.00,3.00,0.00,0.00,1.00,6.00,1.00,1.00,0.00,0.00,1.00,0.00,0.00,2.00,2.00,3.00,0.00,0.00,0.00,0.00,1.00,0.00,1.00,46.00,20.00,62.00,22.00,45.00,24.00,17.00,26.00,11.00,30.00,37.00,15.00,6.00,5.00,39.00,9.00,4.00,2.00,4.00,4.00,21.00,3.00,7.00,6.00,1.00,4.00,4.00,6.00,1.00,4.00,0.00,3.00,2.00,6.00,0.00,0.00,1.00,0.00,0.00,2.00,0.00,0.00,15.00,2.00
1074,16.00,3.00,5.00,5.00,6.00,5.00,2.00,2.00,1.00,3.00,1.00,0.00,0.00,3.00,1.00,0.00,0.00,0.00,0.00,0.00,0.00,1.00,0.00,1.00,1.00,0.00,27.00,2.00,8.00,18.00,13.00,4.00,5.00,8.00,2.00,1.00,4.00,3.00,8.00,7.00,1.00,4.00,6.00,2.00,3.00,11.00,4.00,3.00,5.00,6.00,4.00,4.00,2.00,1.00,0.00,1.00,1.00,1.00,2.00,0.00,0.00,0.00,0.00,1.00,0.00,1.00,2.00,1.00,0.00,0.00,3.00,0.00,0.00,0.00,0.00,0.00,22.00,2.00,72.00,8.00,35.00,20.00,11.00,4.00,2.00,14.00,5.00,33.00,19.00,21.00,19.00,6.00,2.00,4.00,4.00,2.00,5.00,1.00,5.00,3.00,3.00,4.00,3.00,3.00,2.00,3.00,2.00,0.00,3.00,0.00,1.00,0.00,2.00,0.00,0.00,1.00,0.00,1.00,17.00,6.00
1075,17.00,2.00,1.00,6.00,9.00,2.00,0.00,1.00,6.00,29.00,34.00,9.00,6.00,21.00,6.00,6.00,3.00,3.00,4.00,0.00,0.00,0.00,2.00,1.00,0.00,1.00,19.00,20.00,3.00,10.00,0.00,7.00,6.00,0.00,1.00,3.00,5.00,1.00,3.00,2.00,0.00,3.00,0.00,0.00,1.00,0.00,0.00,0.00,2.00,3.00,0.00,1.00,0.00,0.00,1.00,0.00,0.00,1.00,18.00,1.00,3.00,1.00,3.00,3.00,1.00,4.00,6.00,12.00,6.00,1.00,2.00,0.00,2.00,0.00,1.00,0.00,12.00,25.00,11.00,24.00,5.00,19.00,3.00,14.00,30.00,11.00,53.00,7.00,0.00,2.00,22.00,3.00,2.00,0.00,2.00,2.00,13.00,2.00,3.00,1.00,0.00,1.00,5.00,8.00,2.00,4.00,0.00,1.00,6.00,1.00,5.00,0.00,0.00,1.00,0.00,0.00,1.00,0.00,4.00,2.00
1076,20.00,3.00,1.00,9.00,17.00,3.00,2.00,1.00,8.00,18.00,36.00,14.00,12.00,30.00,3.00,13.00,2.00,1.00,2.00,1.00,6.00,1.00,1.00,3.00,2.00,0.00,3.00,18.00,1.00,1.00,0.00,3.00,0.00,0.00,0.00,1.00,2.00,0.00,1.00,0.00,0.00,0.00,0.00,0.00,0.00,0.00,0.00,0.00,0.00,0.00,0.00,0.00,0.00,0.00,0.00,0.00,0.00,10.00,94.00,10.00,12.00,6.00,5.00,8.00,1.00,6.00,7.00,17.00,9.00,0.00,13.00,3.00,2.00,4.00,6.00,3.00,4.00,35.00,4.00,44.00,1.00,11.00,0.00,31.00,60.00,4.00,67.00,0.00,0.00,0.00,4.00,2.00,2.00,0.00,2.00,0.00,1.00,4.00,1.00,1.00,2.00,0.00,1.00,3.00,0.00,2.00,0.00,0.00,2.00,0.00,1.00,0.00,0.00,2.00,0.00,1.00,0.00,0.00,7.00,0.00
1077,37.00,4.00,3.00,11.00,9.00,6.00,2.00,3.00,1.00,4.00,3.00,2.00,3.00,4.00,0.00,5.00,2.00,1.00,1.00,1.00,1.00,5.00,1.00,0.00,0.00,0.00,51.00,15.00,47.00,47.00,23.00,6.00,9.00,24.00,12.00,7.00,18.00,13.00,33.00,9.00,7.00,10.00,12.00,4.00,7.00,18.00,1.00,3.00,4.00,2.00,7.00,9.00,3.00,2.00,2.00,4.00,1.00,0.00,0.00,1.00,0.00,0.00,0.00,3.00,0.00,0.00,0.00,1.00,1.00,0.00,0.00,0.00,0.00,0.00,0.00,0.00,27.00,5.00,127.00,16.00,47.00,39.00,21.00,18.00,6.00,14.00,6.00,98.00,93.00,86.00,54.00,9.00,8.00,9.00,16.00,10.00,29.00,4.00,15.00,7.00,4.00,11.00,15.00,15.00,7.00,2.00,1.00,6.00,12.00,4.00,5.00,1.00,4.00,1.00,1.00,1.00,0.00,3.00,28.00,7.00
1078,23.00,4.00,2.00,9.00,19.00,2.00,1.00,0.00,3.00,56.00,58.00,21.00,21.00,39.00,8.00,25.00,4.00,5.00,2.00,1.00,6.00,0.00,0.00,4.00,0.00,0.00,7.00,38.00,2.00,8.00,1.00,11.00,9.00,2.00,0.00,4.00,4.00,3.00,1.00,0.00,1.00,3.00,2.00,1.00,1.00,3.00,0.00,0.00,1.00,1.00,2.00,0.00,0.00,0.00,0.00,0.00,0.00,7.00,108.00,24.00,20.00,6.00,5.00,20.00,7.00,37.00,35.00,61.00,27.00,1.00,18.00,0.00,0.00,3.00,2.00,3.00,6.00,138.00,12.00,46.00,8.00,33.00,3.00,76.00,65.00,8.00,2.00,2.00,0.00,2.00,11.00,6.00,8.00,1.00,9.00,3.00,11.00,6.00,2.00,4.00,0.00,6.00,7.00,5.00,2.00,4.00,0.00,2.00,1.00,2.00,0.00,1.00,4.00,1.00,1.00,1.00,0.00,0.00,7.00,3.00
1079,25.00,1.00,6.00,5.00,13.00,3.00,8.00,8.00,4.00,5.00,4.00,1.00,1.00,3.00,2.00,1.00,1.00,3.00,2.00,5.00,0.00,0.00,0.00,1.00,1.00,0.00,34.00,16.00,18.00,23.00,13.00,6.00,9.00,24.00,13.00,13.00,7.00,25.00,36.00,12.00,7.00,8.00,15.00,7.00,8.00,36.00,4.00,5.00,14.00,8.00,8.00,4.00,4.00,1.00,4.00,0.00,1.00,0.00,2.00,0.00,0.00,2.00,0.00,0.00,0.00,0.00,1.00,1.00,1.00,0.00,2.00,0.00,0.00,0.00,0.00,0.00,21.00,2.00,24.00,9.00,27.00,12.00,37.00,5.00,1.00,69.00,4.00,33.00,32.00,38.00,66.00,14.00,11.00,18.00,7.00,6.00,45.00,6.00,9.00,6.00,3.00,7.00,7.00,18.00,2.00,7.00,3.00,6.00,8.00,4.00,4.00,1.00,4.00,2.00,2.00,2.00,1.00,1.00,20.00,7.00
1080,18.00,1.00,5.00,3.00,12.00,3.00,5.00,5.00,2.00,2.00,2.00,0.00,0.00,0.00,2.00,1.00,0.00,1.00,1.00,5.00,0.00,2.00,0.00,0.00,0.00,0.00,9.00,6.00,7.00,4.00,7.00,3.00,3.00,35.00,7.00,3.00,1.00,9.00,18.00,15.00,4.00,9.00,17.00,20.00,23.00,45.00,12.00,5.00,13.00,14.00,12.00,14.00,3.00,6.00,7.00,1.00,3.00,0.00,0.00,0.00,0.00,0.00,0.00,1.00,0.00,0.00,0.00,1.00,0.00,0.00,1.00,0.00,0.00,0.00,0.00,0.00,3.00,1.00,13.00,2.00,10.00,8.00,21.00,2.00,0.00,96.00,0.00,34.00,30.00,69.00,19.00,6.00,5.00,6.00,2.00,2.00,14.00,3.00,3.00,0.00,1.00,3.00,7.00,4.00,3.00,1.00,1.00,3.00,5.00,4.00,1.00,1.00,3.00,0.00,0.00,0.00,1.00,0.00,12.00,1.00
1081,29.00,3.00,1.00,5.00,6.00,4.00,6.00,10.00,4.00,0.00,2.00,2.00,0.00,4.00,2.00,0.00,1.00,1.00,0.00,2.00,1.00,1.00,0.00,0.00,0.00,0.00,19.00,8.00,22.00,31.00,15.00,2.00,3.00,27.00,16.00,9.00,6.00,10.00,46.00,20.00,8.00,23.00,21.00,21.00,27.00,30.00,24.00,8.00,37.00,29.00,24.00,33.00,5.00,4.00,10.00,5.00,3.00,0.00,1.00,1.00,0.00,0.00,0.00,0.00,0.00,1.00,1.00,1.00,0.00,0.00,6.00,0.00,0.00,0.00,1.00,0.00,4.00,0.00,5.00,5.00,2.00,5.00,37.00,3.00,1.00,91.00,2.00,50.00,56.00,46.00,49.00,8.00,14.00,16.00,8.00,9.00,36.00,3.00,10.00,10.00,3.00,7.00,15.00,10.00,2.00,2.00,2.00,4.00,3.00,3.00,7.00,6.00,7.00,4.00,1.00,0.00,0.00,4.00,36.00,5.00
1082,62.00,6.00,11.00,9.00,21.00,13.00,30.00,25.00,6.00,30.00,9.00,13.00,8.00,23.00,19.00,10.00,7.00,7.00,10.00,22.00,2.00,14.00,4.00,5.00,5.00,3.00,125.00,110.00,66.00,124.00,43.00,110.00,86.00,70.00,15.00,37.00,13.00,29.00,42.00,45.00,57.00,68.00,63.00,16.00,8.00,13.00,9.00,4.00,8.00,12.00,9.00,10.00,3.00,7.00,6.00,3.00,3.00,2.00,5.00,0.00,0.00,0.00,1.00,1.00,1.00,0.00,2.00,2.00,1.00,1.00,4.00,0.00,1.00,1.00,2.00,1.00,9.00,4.00,13.00,10.00,16.00,41.00,23.00,20.00,9.00,63.00,9.00,75.00,20.00,46.00,45.00,23.00,24.00,59.00,84.00,65.00,93.00,42.00,107.00,63.00,42.00,112.00,95.00,91.00,43.00,12.00,14.00,46.00,59.00,29.00,56.00,2.00,35.00,15.00,7.00,2.00,5.00,4.00,71.00,25.00
1083,50.00,3.00,2.00,5.00,15.00,4.00,14.00,9.00,6.00,19.00,6.00,6.00,2.00,14.00,12.00,1.00,2.00,5.00,13.00,21.00,3.00,9.00,1.00,3.00,3.00,1.00,31.00,47.00,25.00,56.00,24.00,70.00,49.00,28.00,19.00,16.00,3.00,25.00,32.00,15.00,36.00,43.00,36.00,5.00,2.00,4.00,4.00,2.00,5.00,4.00,5.00,3.00,2.00,0.00,2.00,0.00,0.00,0.00,3.00,0.00,1.00,0.00,0.00,0.00,1.00,1.00,0.00,1.00,1.00,0.00,1.00,0.00,0.00,0.00,2.00,2.00,7.00,2.00,6.00,5.00,5.00,15.00,6.00,7.00,2.00,19.00,9.00,19.00,7.00,10.00,30.00,3.00,8.00,36.00,41.00,26.00,26.00,8.00,44.00,18.00,16.00,41.00,57.00,57.00,20.00,10.00,10.00,30.00,33.00,18.00,28.00,4.00,27.00,6.00,8.00,5.00,3.00,2.00,26.00,12.00
1084,38.00,2.00,2.00,2.00,8.00,5.00,16.00,10.00,3.00,9.00,3.00,3.00,2.00,4.00,6.00,2.00,2.00,7.00,5.00,8.00,2.00,4.00,0.00,1.00,2.00,0.00,18.00,23.00,31.00,29.00,21.00,31.00,19.00,42.00,8.00,19.00,11.00,12.00,12.00,16.00,7.00,19.00,30.00,11.00,2.00,3.00,1.00,1.00,6.00,3.00,5.00,2.00,2.00,1.00,2.00,0.00,0.00,0.00,1.00,0.00,0.00,1.00,0.00,0.00,0.00,1.00,2.00,2.00,0.00,0.00,1.00,0.00,0.00,0.00,0.00,0.00,2.00,1.00,6.00,2.00,3.00,10.00,5.00,6.00,1.00,11.00,3.00,17.00,7.00,18.00,26.00,3.00,0.00,3.00,43.00,31.00,10.00,9.00,38.00,9.00,13.00,27.00,40.00,41.00,15.00,8.00,9.00,23.00,28.00,17.00,17.00,2.00,14.00,5.00,4.00,4.00,4.00,0.00,6.00,1.00
1085,43.00,2.00,2.00,2.00,7.00,5.00,13.00,10.00,2.00,11.00,2.00,3.00,0.00,5.00,6.00,2.00,4.00,1.00,3.00,6.00,0.00,6.00,7.00,1.00,4.00,1.00,9.00,20.00,23.00,28.00,14.00,26.00,18.00,47.00,7.00,34.00,34.00,13.00,8.00,42.00,2.00,12.00,48.00,11.00,2.00,4.00,4.00,1.00,10.00,1.00,6.00,3.00,1.00,4.00,1.00,2.00,1.00,0.00,0.00,0.00,2.00,0.00,0.00,0.00,1.00,0.00,0.00,0.00,1.00,0.00,0.00,0.00,0.00,0.00,0.00,0.00,2.00,1.00,8.00,1.00,2.00,6.00,9.00,1.00,1.00,16.00,2.00,22.00,11.00,23.00,67.00,31.00,3.00,1.00,31.00,34.00,40.00,11.00,38.00,17.00,15.00,31.00,37.00,38.00,20.00,7.00,6.00,32.00,25.00,16.00,28.00,3.00,17.00,7.00,7.00,4.00,2.00,2.00,14.00,2.00
1086,40.00,4.00,3.00,6.00,17.00,8.00,17.00,8.00,5.00,21.00,6.00,10.00,9.00,29.00,23.00,3.00,5.00,14.00,18.00,36.00,5.00,9.00,5.00,3.00,3.00,3.00,11.00,36.00,17.00,22.00,10.00,12.00,14.00,21.00,22.00,16.00,24.00,22.00,39.00,10.00,17.00,26.00,21.00,5.00,5.00,3.00,1.00,0.00,1.00,4.00,6.00,4.00,2.00,3.00,2.00,0.00,1.00,1.00,1.00,1.00,0.00,0.00,0.00,0.00,0.00,0.00,1.00,2.00,2.00,1.00,2.00,0.00,0.00,0.00,0.00,1.00,5.00,1.00,6.00,4.00,3.00,5.00,2.00,9.00,3.00,10.00,9.00,8.00,2.00,10.00,64.00,32.00,32.00,23.00,1.00,19.00,200.00,22.00,7.00,39.00,11.00,39.00,17.00,37.00,5.00,26.00,28.00,31.00,78.00,13.00,41.00,6.00,31.00,8.00,5.00,7.00,8.00,2.00,85.00,20.00
1087,38.00,2.00,3.00,7.00,21.00,8.00,19.00,6.00,7.00,12.00,7.00,7.00,11.00,15.00,19.00,1.00,10.00,6.00,9.00,11.00,4.00,11.00,7.00,2.00,5.00,3.00,17.00,36.00,13.00,35.00,17.00,42.00,24.00,22.00,18.00,16.00,19.00,16.00,44.00,11.00,28.00,26.00,25.00,4.00,2.00,6.00,2.00,3.00,2.00,4.00,2.00,4.00,2.00,4.00,4.00,3.00,1.00,0.00,2.00,1.00,1.00,0.00,2.00,0.00,0.00,1.00,0.00,2.00,2.00,0.00,2.00,1.00,0.00,1.00,1.00,1.00,6.00,1.00,1.00,7.00,3.00,11.00,3.00,4.00,2.00,11.00,2.00,11.00,2.00,9.00,71.00,34.00,40.00,36.00,10.00,29.00,118.00,18.00,24.00,42.00,6.00,46.00,36.00,62.00,14.00,23.00,16.00,26.00,45.00,16.00,38.00,5.00,31.00,11.00,4.00,4.00,7.00,2.00,84.00,29.00
1088,130.00,4.00,4.00,9.00,29.00,12.00,146.00,77.00,15.00,50.00,14.00,33.00,27.00,54.00,45.00,10.00,13.00,19.00,35.00,63.00,6.00,27.00,13.00,8.00,9.00,4.00,92.00,105.00,77.00,141.00,90.00,203.00,116.00,164.00,94.00,108.00,69.00,82.00,120.00,111.00,75.00,113.00,155.00,53.00,23.00,22.00,19.00,13.00,23.00,30.00,19.00,20.00,20.00,19.00,15.00,14.00,13.00,2.00,5.00,4.00,1.00,2.00,3.00,2.00,1.00,2.00,2.00,6.00,4.00,0.00,4.00,1.00,1.00,2.00,3.00,4.00,17.00,6.00,25.00,11.00,19.00,47.00,26.00,26.00,9.00,57.00,11.00,78.00,29.00,69.00,119.00,38.00,14.00,53.00,312.00,140.00,18.00,27.00,251.00,11.00,79.00,27.00,308.00,235.00,110.00,58.00,82.00,225.00,173.00,152.00,217.00,30.00,126.00,63.00,34.00,29.00,29.00,11.00,9.00,7.00
1089,26.00,3.00,2.00,2.00,11.00,5.00,9.00,5.00,7.00,12.00,4.00,3.00,4.00,7.00,6.00,1.00,2.00,3.00,5.00,12.00,2.00,6.00,2.00,1.00,1.00,1.00,6.00,18.00,6.00,22.00,6.00,21.00,12.00,13.00,10.00,13.00,9.00,12.00,24.00,8.00,18.00,21.00,17.00,4.00,3.00,1.00,0.00,1.00,2.00,2.00,6.00,2.00,1.00,1.00,3.00,1.00,0.00,0.00,1.00,0.00,0.00,0.00,0.00,0.00,0.00,0.00,0.00,3.00,0.00,1.00,0.00,0.00,2.00,0.00,0.00,1.00,0.00,2.00,0.00,2.00,2.00,4.00,2.00,2.00,3.00,6.00,6.00,9.00,2.00,4.00,42.00,8.00,10.00,17.00,24.00,19.00,24.00,16.00,20.00,8.00,6.00,9.00,17.00,35.00,13.00,9.00,7.00,25.00,21.00,16.00,22.00,1.00,17.00,6.00,3.00,3.00,0.00,0.00,16.00,7.00
1090,47.00,1.00,2.00,7.00,18.00,6.00,30.00,17.00,8.00,19.00,5.00,19.00,9.00,28.00,18.00,6.00,7.00,12.00,12.00,28.00,1.00,16.00,5.00,6.00,2.00,2.00,15.00,34.00,22.00,38.00,16.00,33.00,26.00,28.00,20.00,24.00,35.00,27.00,39.00,19.00,30.00,31.00,23.00,8.00,5.00,5.00,3.00,1.00,3.00,3.00,2.00,1.00,3.00,3.00,6.00,2.00,2.00,1.00,1.00,0.00,0.00,0.00,1.00,1.00,0.00,2.00,2.00,2.00,3.00,0.00,2.00,1.00,1.00,2.00,1.00,1.00,6.00,2.00,7.00,5.00,6.00,9.00,7.00,8.00,2.00,12.00,7.00,13.00,5.00,15.00,117.00,48.00,60.00,44.00,5.00,29.00,187.00,33.00,12.00,53.00,7.00,36.00,18.00,40.00,3.00,23.00,30.00,48.00,82.00,21.00,50.00,8.00,38.00,12.00,7.00,9.00,9.00,2.00,128.00,37.00
1091,48.00,4.00,1.00,5.00,17.00,8.00,34.00,17.00,7.00,13.00,1.00,11.00,6.00,16.00,8.00,2.00,2.00,2.00,7.00,17.00,0.00,11.00,5.00,2.00,5.00,2.00,13.00,29.00,16.00,26.00,11.00,40.00,17.00,31.00,22.00,26.00,22.00,16.00,33.00,21.00,21.00,33.00,45.00,12.00,6.00,6.00,4.00,4.00,4.00,10.00,6.00,3.00,3.00,4.00,4.00,3.00,1.00,0.00,1.00,0.00,1.00,1.00,0.00,0.00,0.00,0.00,2.00,2.00,0.00,1.00,5.00,1.00,0.00,0.00,1.00,1.00,3.00,0.00,6.00,2.00,2.00,11.00,2.00,2.00,0.00,9.00,8.00,10.00,4.00,15.00,64.00,15.00,8.00,22.00,47.00,45.00,10.00,9.00,45.00,6.00,9.00,6.00,55.00,64.00,25.00,16.00,18.00,56.00,45.00,41.00,57.00,9.00,36.00,13.00,6.00,9.00,6.00,2.00,7.00,4.00
1092,31.00,3.00,0.00,5.00,13.00,10.00,11.00,7.00,2.00,4.00,2.00,2.00,1.00,7.00,2.00,1.00,0.00,3.00,6.00,11.00,0.00,2.00,1.00,1.00,3.00,2.00,5.00,11.00,3.00,5.00,5.00,16.00,14.00,9.00,8.00,11.00,19.00,7.00,20.00,7.00,8.00,12.00,19.00,2.00,1.00,0.00,1.00,0.00,0.00,2.00,5.00,1.00,1.00,0.00,2.00,0.00,1.00,0.00,1.00,0.00,0.00,0.00,0.00,0.00,1.00,0.00,0.00,0.00,0.00,0.00,1.00,0.00,0.00,0.00,1.00,0.00,1.00,1.00,1.00,1.00,2.00,3.00,1.00,0.00,1.00,1.00,2.00,6.00,1.00,2.00,31.00,19.00,16.00,13.00,7.00,7.00,50.00,8.00,6.00,8.00,5.00,6.00,15.00,25.00,5.00,8.00,14.00,21.00,25.00,9.00,24.00,1.00,20.00,8.00,3.00,2.00,2.00,0.00,46.00,7.00
1093,67.00,3.00,3.00,5.00,15.00,6.00,36.00,14.00,7.00,7.00,5.00,6.00,5.00,14.00,11.00,0.00,2.00,6.00,9.00,26.00,1.00,13.00,3.00,2.00,3.00,0.00,9.00,25.00,14.00,22.00,11.00,36.00,21.00,30.00,21.00,35.00,30.00,13.00,45.00,23.00,30.00,31.00,34.00,12.00,5.00,2.00,4.00,2.00,5.00,7.00,1.00,6.00,2.00,4.00,1.00,1.00,1.00,0.00,3.00,0.00,0.00,1.00,1.00,0.00,0.00,2.00,1.00,0.00,2.00,0.00,0.00,0.00,1.00,1.00,1.00,1.00,4.00,0.00,4.00,3.00,1.00,5.00,8.00,4.00,0.00,6.00,2.00,14.00,7.00,7.00,108.00,43.00,24.00,30.00,41.00,46.00,22.00,9.00,30.00,4.00,8.00,4.00,63.00,50.00,37.00,20.00,21.00,82.00,59.00,50.00,115.00,6.00,61.00,32.00,13.00,9.00,9.00,3.00,13.00,11.00
1094,60.00,5.00,3.00,5.00,29.00,5.00,16.00,8.00,10.00,18.00,8.00,13.00,13.00,28.00,19.00,3.00,6.00,5.00,9.00,28.00,6.00,6.00,4.00,0.00,3.00,2.00,15.00,46.00,18.00,24.00,13.00,12.00,24.00,14.00,19.00,28.00,18.00,10.00,45.00,10.00,14.00,28.00,24.00,7.00,0.00,4.00,3.00,1.00,9.00,4.00,3.00,3.00,3.00,2.00,1.00,1.00,1.00,0.00,2.00,0.00,2.00,0.00,0.00,0.00,1.00,0.00,2.00,1.00,0.00,0.00,3.00,2.00,2.00,2.00,1.00,2.00,2.00,1.00,6.00,2.00,3.00,8.00,4.00,5.00,2.00,11.00,11.00,6.00,3.00,2.00,93.00,44.00,26.00,32.00,12.00,38.00,166.00,19.00,17.00,41.00,16.00,54.00,35.00,52.00,14.00,21.00,14.00,26.00,69.00,7.00,33.00,1.00,27.00,5.00,4.00,6.00,3.00,0.00,92.00,20.00
1095,66.00,4.00,6.00,17.00,43.00,6.00,27.00,14.00,13.00,36.00,17.00,48.00,35.00,84.00,57.00,11.00,22.00,19.00,31.00,80.00,3.00,27.00,10.00,6.00,9.00,4.00,17.00,64.00,15.00,30.00,20.00,60.00,28.00,22.00,28.00,35.00,40.00,23.00,38.00,20.00,21.00,50.00,26.00,9.00,6.00,8.00,2.00,2.00,8.00,4.00,4.00,3.00,1.00,4.00,2.00,1.00,3.00,0.00,3.00,0.00,2.00,1.00,1.00,1.00,1.00,1.00,2.00,6.00,2.00,1.00,6.00,4.00,1.00,2.00,1.00,3.00,3.00,2.00,5.00,3.00,3.00,10.00,8.00,14.00,3.00,9.00,6.00,16.00,5.00,13.00,73.00,59.00,39.00,36.00,40.00,68.00,151.00,51.00,46.00,80.00,31.00,56.00,61.00,101.00,21.00,80.00,54.00,75.00,118.00,38.00,91.00,5.00,86.00,19.00,10.00,11.00,12.00,2.00,83.00,33.00
1096,31.00,3.00,2.00,2.00,10.00,5.00,10.00,2.00,4.00,5.00,4.00,2.00,3.00,3.00,7.00,2.00,5.00,6.00,9.00,22.00,1.00,7.00,4.00,2.00,3.00,2.00,3.00,15.00,2.00,6.00,3.00,13.00,2.00,9.00,8.00,10.00,5.00,3.00,9.00,5.00,7.00,11.00,13.00,2.00,0.00,1.00,1.00,0.00,0.00,0.00,2.00,2.00,2.00,2.00,2.00,0.00,0.00,0.00,0.00,0.00,0.00,0.00,0.00,1.00,0.00,0.00,2.00,2.00,0.00,0.00,3.00,0.00,1.00,0.00,0.00,1.00,1.00,0.00,0.00,1.00,0.00,2.00,1.00,1.00,1.00,1.00,1.00,1.00,1.00,3.00,30.00,13.00,15.00,10.00,6.00,11.00,63.00,11.00,3.00,18.00,6.00,26.00,14.00,16.00,2.00,14.00,24.00,27.00,37.00,8.00,29.00,2.00,28.00,8.00,4.00,3.00,4.00,2.00,31.00,13.00
1097,43.00,2.00,2.00,5.00,19.00,6.00,5.00,2.00,8.00,21.00,8.00,30.00,25.00,73.00,17.00,5.00,17.00,30.00,33.00,43.00,3.00,17.00,9.00,6.00,3.00,5.00,1.00,13.00,1.00,3.00,2.00,12.00,7.00,2.00,3.00,9.00,2.00,2.00,4.00,4.00,0.00,6.00,5.00,1.00,1.00,0.00,1.00,1.00,2.00,1.00,4.00,0.00,0.00,0.00,0.00,0.00,0.00,0.00,0.00,0.00,0.00,0.00,0.00,1.00,1.00,0.00,1.00,3.00,1.00,0.00,4.00,1.00,0.00,2.00,1.00,1.00,1.00,0.00,1.00,0.00,1.00,1.00,1.00,7.00,0.00,1.00,10.00,3.00,2.00,1.00,20.00,8.00,6.00,4.00,18.00,17.00,26.00,8.00,14.00,8.00,5.00,11.00,17.00,55.00,10.00,16.00,13.00,12.00,52.00,2.00,25.00,2.00,32.00,4.00,4.00,6.00,7.00,1.00,10.00,5.00
1098,26.00,3.00,1.00,7.00,8.00,4.00,5.00,4.00,5.00,2.00,3.00,5.00,4.00,11.00,8.00,0.00,6.00,7.00,14.00,45.00,2.00,11.00,7.00,0.00,6.00,2.00,2.00,9.00,2.00,6.00,2.00,5.00,4.00,4.00,3.00,10.00,4.00,5.00,8.00,2.00,2.00,5.00,7.00,3.00,1.00,3.00,0.00,0.00,0.00,2.00,0.00,0.00,0.00,2.00,0.00,0.00,0.00,0.00,0.00,0.00,0.00,0.00,0.00,0.00,0.00,2.00,0.00,1.00,0.00,0.00,3.00,1.00,0.00,0.00,0.00,0.00,1.00,0.00,0.00,0.00,0.00,0.00,1.00,2.00,0.00,1.00,2.00,1.00,0.00,0.00,22.00,10.00,5.00,5.00,25.00,10.00,41.00,8.00,28.00,15.00,18.00,32.00,14.00,53.00,39.00,17.00,0.00,17.00,4.00,6.00,25.00,0.00,16.00,9.00,1.00,8.00,10.00,0.00,22.00,7.00
1099,77.00,3.00,3.00,5.00,17.00,10.00,117.00,33.00,5.00,3.00,3.00,1.00,1.00,4.00,3.00,2.00,1.00,4.00,5.00,13.00,2.00,8.00,4.00,2.00,7.00,1.00,4.00,10.00,7.00,13.00,5.00,16.00,7.00,16.00,8.00,13.00,12.00,6.00,25.00,17.00,14.00,27.00,39.00,9.00,2.00,3.00,3.00,0.00,6.00,3.00,3.00,4.00,1.00,6.00,5.00,11.00,4.00,0.00,0.00,0.00,0.00,0.00,1.00,0.00,0.00,1.00,0.00,0.00,1.00,0.00,2.00,1.00,0.00,0.00,1.00,0.00,3.00,1.00,1.00,3.00,1.00,2.00,1.00,0.00,0.00,3.00,1.00,5.00,1.00,8.00,40.00,28.00,17.00,20.00,30.00,17.00,125.00,20.00,33.00,38.00,17.00,59.00,24.00,58.00,25.00,11.00,12.00,23.00,55.00,32.00,27.00,36.00,42.00,32.00,22.00,14.00,7.00,4.00,73.00,17.00
1100,81.00,6.00,4.00,10.00,39.00,12.00,13.00,9.00,19.00,9.00,4.00,8.00,8.00,22.00,21.00,2.00,14.00,18.00,36.00,127.00,4.00,42.00,21.00,7.00,13.00,7.00,4.00,27.00,3.00,10.00,9.00,17.00,12.00,10.00,9.00,21.00,6.00,7.00,9.00,12.00,8.00,24.00,15.00,6.00,4.00,5.00,5.00,2.00,4.00,4.00,3.00,6.00,3.00,3.00,4.00,2.00,1.00,0.00,1.00,0.00,0.00,0.00,0.00,1.00,0.00,1.00,0.00,0.00,2.00,1.00,4.00,1.00,0.00,1.00,0.00,2.00,2.00,1.00,1.00,3.00,1.00,1.00,5.00,1.00,1.00,4.00,1.00,4.00,1.00,5.00,41.00,32.00,17.00,12.00,58.00,33.00,86.00,16.00,54.00,33.00,26.00,46.00,65.00,97.00,35.00,62.00,6.00,58.00,20.00,13.00,58.00,4.00,56.00,17.00,13.00,26.00,28.00,2.00,55.00,9.00
1101,37.00,5.00,2.00,4.00,10.00,5.00,128.00,42.00,3.00,2.00,2.00,1.00,1.00,3.00,4.00,0.00,0.00,4.00,3.00,2.00,0.00,2.00,2.00,0.00,0.00,1.00,3.00,7.00,3.00,5.00,3.00,7.00,4.00,11.00,3.00,7.00,8.00,6.00,18.00,22.00,14.00,30.00,44.00,24.00,4.00,6.00,4.00,2.00,11.00,9.00,13.00,14.00,4.00,6.00,11.00,20.00,7.00,0.00,0.00,0.00,0.00,0.00,0.00,1.00,0.00,0.00,0.00,0.00,1.00,0.00,0.00,0.00,0.00,0.00,1.00,0.00,0.00,0.00,1.00,0.00,0.00,0.00,1.00,1.00,1.00,2.00,1.00,2.00,8.00,5.00,34.00,13.00,11.00,16.00,12.00,8.00,80.00,8.00,22.00,28.00,8.00,30.00,9.00,36.00,9.00,4.00,4.00,28.00,22.00,33.00,17.00,21.00,18.00,12.00,4.00,11.00,2.00,7.00,51.00,7.00
1102,93.00,5.00,1.00,6.00,19.00,6.00,28.00,9.00,10.00,11.00,2.00,4.00,2.00,8.00,10.00,4.00,4.00,2.00,11.00,32.00,2.00,16.00,9.00,1.00,2.00,3.00,6.00,8.00,5.00,9.00,5.00,12.00,9.00,12.00,8.00,14.00,8.00,7.00,17.00,11.00,10.00,20.00,16.00,7.00,1.00,2.00,1.00,1.00,1.00,4.00,5.00,2.00,4.00,2.00,2.00,2.00,0.00,0.00,1.00,0.00,1.00,0.00,0.00,0.00,0.00,0.00,0.00,0.00,1.00,1.00,0.00,0.00,0.00,0.00,0.00,3.00,1.00,0.00,1.00,2.00,0.00,2.00,2.00,5.00,1.00,4.00,0.00,2.00,2.00,4.00,40.00,16.00,15.00,13.00,32.00,25.00,120.00,16.00,37.00,38.00,23.00,79.00,23.00,72.00,27.00,20.00,23.00,26.00,50.00,18.00,34.00,6.00,60.00,25.00,31.00,26.00,24.00,1.00,77.00,13.00
1103,59.00,2.00,1.00,1.00,6.00,6.00,149.00,167.00,6.00,3.00,0.00,1.00,0.00,1.00,1.00,0.00,0.00,1.00,1.00,2.00,0.00,1.00,1.00,1.00,0.00,0.00,0.00,1.00,1.00,0.00,1.00,1.00,0.00,4.00,1.00,0.00,1.00,0.00,6.00,12.00,3.00,8.00,15.00,13.00,2.00,6.00,6.00,7.00,13.00,19.00,22.00,22.00,15.00,21.00,25.00,10.00,16.00,0.00,0.00,0.00,0.00,0.00,0.00,0.00,0.00,0.00,0.00,0.00,0.00,0.00,0.00,0.00,0.00,0.00,1.00,0.00,0.00,0.00,0.00,0.00,0.00,1.00,2.00,0.00,0.00,2.00,1.00,3.00,1.00,3.00,8.00,3.00,2.00,4.00,2.00,6.00,8.00,1.00,4.00,3.00,3.00,6.00,2.00,5.00,3.00,0.00,1.00,24.00,4.00,22.00,7.00,10.00,3.00,19.00,8.00,5.00,6.00,28.00,9.00,2.00
1104,184.00,3.00,0.00,7.00,27.00,10.00,27.00,10.00,15.00,5.00,5.00,2.00,1.00,7.00,7.00,7.00,3.00,7.00,19.00,47.00,1.00,48.00,25.00,4.00,8.00,4.00,3.00,9.00,3.00,6.00,3.00,6.00,8.00,5.00,7.00,9.00,7.00,7.00,10.00,6.00,8.00,14.00,13.00,1.00,3.00,2.00,4.00,1.00,2.00,3.00,4.00,2.00,1.00,3.00,3.00,1.00,0.00,1.00,1.00,0.00,2.00,0.00,0.00,1.00,0.00,0.00,1.00,2.00,0.00,0.00,2.00,1.00,0.00,3.00,0.00,7.00,1.00,1.00,0.00,1.00,0.00,2.00,3.00,3.00,0.00,4.00,4.00,2.00,3.00,3.00,21.00,13.00,13.00,10.00,19.00,14.00,66.00,12.00,31.00,17.00,18.00,41.00,19.00,64.00,24.00,28.00,11.00,51.00,59.00,14.00,58.00,7.00,78.00,22.00,62.00,59.00,85.00,2.00,45.00,10.00
1105,115.00,6.00,2.00,4.00,11.00,5.00,163.00,35.00,1.00,1.00,0.00,2.00,1.00,2.00,3.00,0.00,1.00,2.00,0.00,8.00,0.00,7.00,1.00,0.00,0.00,0.00,1.00,2.00,1.00,2.00,0.00,4.00,2.00,1.00,3.00,5.00,3.00,2.00,10.00,7.00,1.00,11.00,9.00,2.00,1.00,2.00,3.00,4.00,2.00,5.00,9.00,2.00,1.00,2.00,3.00,3.00,2.00,0.00,0.00,0.00,0.00,0.00,1.00,0.00,0.00,0.00,0.00,0.00,0.00,0.00,0.00,0.00,0.00,1.00,0.00,0.00,1.00,0.00,0.00,1.00,0.00,0.00,2.00,0.00,0.00,2.00,1.00,0.00,0.00,1.00,13.00,5.00,2.00,3.00,7.00,4.00,27.00,5.00,8.00,9.00,6.00,19.00,6.00,16.00,6.00,2.00,5.00,33.00,18.00,13.00,26.00,17.00,17.00,45.00,35.00,28.00,35.00,6.00,31.00,4.00
1106,305.00,11.00,6.00,18.00,24.00,7.00,107.00,13.00,4.00,1.00,1.00,0.00,0.00,0.00,1.00,0.00,0.00,7.00,4.00,9.00,0.00,10.00,12.00,2.00,2.00,0.00,1.00,3.00,1.00,4.00,0.00,2.00,1.00,2.00,2.00,4.00,1.00,4.00,7.00,0.00,0.00,4.00,4.00,1.00,1.00,0.00,1.00,3.00,3.00,3.00,7.00,2.00,2.00,1.00,2.00,2.00,0.00,0.00,0.00,0.00,0.00,0.00,0.00,0.00,0.00,0.00,0.00,1.00,1.00,0.00,0.00,0.00,0.00,1.00,0.00,2.00,0.00,0.00,0.00,0.00,0.00,2.00,0.00,1.00,0.00,1.00,0.00,1.00,0.00,1.00,7.00,6.00,2.00,1.00,3.00,1.00,9.00,1.00,5.00,8.00,4.00,8.00,3.00,8.00,4.00,3.00,5.00,29.00,16.00,11.00,31.00,8.00,57.00,31.00,10.00,44.00,163.00,3.00,6.00,2.00
1107,351.00,4.00,3.00,9.00,38.00,10.00,68.00,10.00,13.00,3.00,0.00,0.00,3.00,0.00,5.00,2.00,0.00,3.00,11.00,31.00,4.00,25.00,25.00,7.00,6.00,5.00,3.00,4.00,0.00,2.00,0.00,3.00,1.00,2.00,0.00,3.00,1.00,0.00,1.00,2.00,1.00,4.00,2.00,1.00,0.00,2.00,2.00,2.00,3.00,3.00,2.00,0.00,2.00,0.00,0.00,0.00,1.00,0.00,3.00,0.00,0.00,0.00,0.00,0.00,0.00,0.00,0.00,2.00,0.00,0.00,3.00,0.00,0.00,0.00,0.00,6.00,1.00,1.00,0.00,1.00,0.00,0.00,0.00,0.00,0.00,0.00,1.00,1.00,1.00,1.00,7.00,3.00,1.00,1.00,8.00,4.00,11.00,3.00,8.00,2.00,1.00,7.00,3.00,11.00,4.00,2.00,5.00,11.00,20.00,6.00,19.00,5.00,45.00,29.00,50.00,66.00,93.00,0.00,10.00,2.00
1108,843.00,7.00,5.00,14.00,21.00,10.00,43.00,11.00,16.00,0.00,0.00,0.00,0.00,2.00,4.00,3.00,4.00,7.00,15.00,34.00,3.00,48.00,88.00,22.00,13.00,19.00,1.00,2.00,1.00,1.00,0.00,1.00,0.00,5.00,1.00,1.00,0.00,1.00,4.00,1.00,2.00,3.00,3.00,0.00,2.00,1.00,0.00,0.00,0.00,1.00,1.00,1.00,2.00,2.00,1.00,2.00,1.00,0.00,0.00,0.00,0.00,0.00,0.00,0.00,0.00,0.00,0.00,1.00,1.00,0.00,0.00,0.00,0.00,1.00,1.00,3.00,2.00,2.00,0.00,2.00,0.00,1.00,3.00,0.00,2.00,2.00,2.00,0.00,1.00,3.00,6.00,2.00,2.00,2.00,6.00,4.00,12.00,2.00,8.00,4.00,4.00,6.00,2.00,16.00,2.00,9.00,5.00,11.00,22.00,4.00,25.00,7.00,96.00,52.00,198.00,123.00,7.00,1.00,8.00,3.00
1109,45.00,2.00,2.00,2.00,5.00,4.00,123.00,138.00,2.00,1.00,0.00,1.00,0.00,0.00,0.00,1.00,1.00,0.00,0.00,1.00,0.00,0.00,0.00,0.00,2.00,0.00,1.00,1.00,1.00,1.00,1.00,0.00,0.00,0.00,1.00,4.00,0.00,0.00,1.00,1.00,1.00,3.00,4.00,4.00,6.00,4.00,6.00,7.00,20.00,36.00,39.00,29.00,12.00,17.00,26.00,6.00,9.00,0.00,0.00,0.00,0.00,0.00,0.00,1.00,0.00,1.00,0.00,0.00,0.00,0.00,1.00,0.00,0.00,0.00,0.00,0.00,0.00,0.00,1.00,0.00,0.00,0.00,2.00,0.00,0.00,5.00,1.00,1.00,2.00,5.00,6.00,2.00,1.00,3.00,1.00,0.00,6.00,0.00,1.00,0.00,0.00,2.00,1.00,4.00,1.00,2.00,0.00,7.00,2.00,7.00,3.00,25.00,3.00,6.00,2.00,2.00,2.00,8.00,5.00,1.00
1110,84.00,3.00,1.00,6.00,22.00,17.00,87.00,72.00,11.00,22.00,6.00,16.00,13.00,22.00,19.00,4.00,5.00,8.00,12.00,34.00,3.00,14.00,5.00,4.00,7.00,1.00,48.00,58.00,51.00,74.00,52.00,84.00,52.00,114.00,58.00,68.00,57.00,48.00,48.00,91.00,21.00,50.00,103.00,38.00,17.00,18.00,17.00,9.00,14.00,16.00,16.00,13.00,12.00,14.00,7.00,12.00,6.00,2.00,3.00,0.00,1.00,1.00,1.00,1.00,0.00,2.00,1.00,2.00,0.00,2.00,2.00,0.00,0.00,0.00,0.00,1.00,11.00,5.00,15.00,3.00,17.00,21.00,12.00,8.00,4.00,42.00,8.00,39.00,23.00,49.00,100.00,32.00,7.00,20.00,127.00,87.00,9.00,17.00,146.00,6.00,50.00,14.00,135.00,117.00,51.00,20.00,45.00,128.00,81.00,88.00,99.00,16.00,66.00,44.00,17.00,18.00,11.00,6.00,2.00,2.00
1111,33.00,4.00,3.00,4.00,9.00,4.00,15.00,9.00,1.00,9.00,1.00,1.00,2.00,4.00,5.00,2.00,2.00,2.00,5.00,7.00,0.00,2.00,0.00,2.00,2.00,2.00,13.00,15.00,17.00,17.00,11.00,16.00,14.00,26.00,4.00,17.00,16.00,9.00,9.00,15.00,7.00,7.00,30.00,6.00,3.00,4.00,2.00,2.00,2.00,6.00,3.00,4.00,2.00,2.00,0.00,1.00,1.00,0.00,2.00,1.00,0.00,0.00,0.00,0.00,0.00,0.00,0.00,1.00,2.00,0.00,0.00,0.00,0.00,2.00,0.00,0.00,3.00,0.00,3.00,0.00,2.00,3.00,6.00,2.00,1.00,4.00,3.00,12.00,4.00,7.00,35.00,10.00,1.00,1.00,24.00,19.00,8.00,5.00,30.00,4.00,9.00,6.00,22.00,25.00,19.00,6.00,5.00,16.00,15.00,12.00,17.00,2.00,10.00,5.00,1.00,2.00,1.00,2.00,1.00,0.00
