1,135.00,0.00,5.00,25.00,33.00,1.00,138.00,55.00,70.00,9.00,22.00,13.00,10.00,25.00,13.00,26.00,19.00,43.00,89.00,74.00,111.00,70.00,203.00,176.00,374.00,212.00,8.00,21.00,7.00,10.00,4.00,21.00,12.00,14.00,9.00,10.00,11.00,8.00,12.00,15.00,8.00,17.00,17.00,14.00,12.00,7.00,12.00,11.00,15.00,17.00,12.00,10.00,7.00,13.00,18.00,9.00,12.00,3.00,8.00,7.00,10.00,6.00,4.00,6.00,9.00,6.00,13.00,19.00,9.00,5.00,21.00,11.00,16.00,18.00,17.00,88.00,6.00,4.00,6.00,10.00,6.00,7.00,4.00,4.00,8.00,11.00,5.00,9.00,8.00,12.00,21.00,17.00,17.00,16.00,20.00,14.00,39.00,14.00,22.00,20.00,19.00,28.00,27.00,29.00,15.00,21.00,16.00,33.00,40.00,24.00,45.00,28.00,98.00,82.00,183.00,222.00,419.00,30.00,28.00,10.00
2,3.00,0.00,0.00,0.00,1.00,1.00,6.00,3.00,0.00,2.00,2.00,2.00,1.00,4.00,2.00,1.00,1.00,1.00,1.00,3.00,3.00,0.00,1.00,1.00,3.00,1.00,1.00,1.00,0.00,1.00,0.00,0.00,1.00,2.00,0.00,0.00,0.00,0.00,1.00,1.00,0.00,1.00,1.00,1.00,1.00,0.00,0.00,1.00,2.00,1.00,0.00,0.00,1.00,1.00,0.00,0.00,0.00,0.00,2.00,0.00,2.00,1.00,1.00,1.00,0.00,1.00,1.00,4.00,1.00,3.00,2.00,1.00,3.00,1.00,3.00,1.00,2.00,1.00,0.00,1.00,1.00,2.00,1.00,1.00,1.00,3.00,1.00,1.00,1.00,1.00,2.00,0.00,2.00,0.00,2.00,0.00,4.00,2.00,2.00,2.00,2.00,1.00,1.00,2.00,1.00,1.00,0.00,3.00,3.00,1.00,2.00,0.00,1.00,0.00,1.00,1.00,1.00,0.00,1.00,0.00
3,3.00,0.00,0.00,0.00,0.00,0.00,4.00,3.00,1.00,2.00,3.00,1.00,3.00,1.00,1.00,3.00,3.00,1.00,1.00,1.00,1.00,1.00,1.00,2.00,0.00,0.00,0.00,2.00,0.00,1.00,0.00,0.00,0.00,2.00,0.00,0.00,1.00,0.00,1.00,1.00,0.00,2.00,2.00,1.00,0.00,0.00,1.00,0.00,1.00,2.00,0.00,0.00,0.00,2.00,2.00,0.00,0.00,0.00,1.00,1.00,2.00,2.00,3.00,0.00,2.00,3.00,3.00,8.00,3.00,0.00,2.00,1.00,1.00,1.00,2.00,1.00,1.00,0.00,1.00,3.00,1.00,1.00,0.00,1.00,1.00,2.00,0.00,0.00,0.00,2.00,1.00,0.00,0.00,0.00,1.00,0.00,4.00,0.00,1.00,2.00,1.00,0.00,2.00,3.00,0.00,1.00,0.00,1.00,0.00,0.00,1.00,1.00,1.00,0.00,1.00,2.00,4.00,1.00,2.00,0.00
4,24.00,0.00,1.00,15.00,74.00,2.00,9.00,3.00,4.00,5.00,11.00,4.00,4.00,8.00,2.00,8.00,3.00,3.00,6.00,5.00,4.00,4.00,5.00,5.00,2.00,4.00,2.00,4.00,1.00,2.00,0.00,2.00,0.00,2.00,2.00,2.00,0.00,2.00,2.00,3.00,1.00,1.00,0.00,2.00,3.00,2.00,2.00,0.00,0.00,4.00,0.00,0.00,1.00,2.00,1.00,2.00,0.00,26.00,24.00,26.00,18.00,17.00,15.00,25.00,70.00,26.00,35.00,79.00,16.00,59.00,31.00,29.00,57.00,15.00,15.00,6.00,2.00,3.00,3.00,5.00,3.00,4.00,0.00,1.00,5.00,6.00,4.00,3.00,2.00,2.00,3.00,2.00,1.00,1.00,2.00,1.00,2.00,1.00,2.00,2.00,0.00,1.00,3.00,7.00,2.00,2.00,2.00,1.00,2.00,1.00,3.00,1.00,1.00,0.00,2.00,2.00,1.00,0.00,3.00,0.00
5,29.00,0.00,1.00,68.00,481.00,3.00,18.00,13.00,19.00,8.00,18.00,6.00,7.00,15.00,8.00,23.00,14.00,16.00,30.00,20.00,51.00,12.00,26.00,30.00,52.00,38.00,3.00,8.00,2.00,5.00,3.00,8.00,1.00,5.00,3.00,2.00,3.00,2.00,3.00,6.00,4.00,5.00,5.00,2.00,4.00,2.00,5.00,2.00,2.00,2.00,1.00,2.00,0.00,4.00,2.00,1.00,2.00,12.00,13.00,35.00,23.00,39.00,43.00,50.00,104.00,60.00,64.00,136.00,43.00,256.00,95.00,168.00,462.00,187.00,173.00,111.00,3.00,3.00,4.00,7.00,2.00,6.00,1.00,4.00,8.00,6.00,5.00,3.00,3.00,2.00,10.00,6.00,3.00,4.00,14.00,5.00,12.00,5.00,10.00,5.00,7.00,6.00,16.00,21.00,5.00,10.00,7.00,8.00,19.00,6.00,9.00,2.00,15.00,5.00,9.00,15.00,10.00,2.00,8.00,4.00
6,1.00,0.00,2.00,3.00,3.00,0.00,6.00,3.00,1.00,2.00,2.00,0.00,1.00,3.00,1.00,2.00,2.00,1.00,3.00,4.00,7.00,3.00,4.00,3.00,6.00,4.00,1.00,2.00,0.00,1.00,0.00,3.00,0.00,2.00,0.00,0.00,1.00,1.00,1.00,1.00,3.00,1.00,2.00,1.00,1.00,3.00,0.00,0.00,2.00,0.00,1.00,0.00,1.00,2.00,1.00,0.00,2.00,0.00,1.00,1.00,0.00,0.00,1.00,1.00,1.00,1.00,4.00,2.00,1.00,2.00,2.00,1.00,2.00,1.00,3.00,5.00,2.00,1.00,1.00,3.00,3.00,2.00,2.00,1.00,2.00,1.00,0.00,2.00,3.00,1.00,2.00,2.00,1.00,2.00,3.00,1.00,5.00,2.00,3.00,3.00,1.00,2.00,1.00,3.00,0.00,2.00,0.00,3.00,6.00,0.00,4.00,1.00,4.00,1.00,3.00,2.00,4.00,1.00,4.00,3.00
7,94.00,2.00,2.00,6.00,9.00,2.00,182.00,65.00,2.00,0.00,0.00,4.00,2.00,1.00,1.00,0.00,1.00,1.00,1.00,5.00,1.00,2.00,3.00,1.00,2.00,1.00,1.00,5.00,2.00,0.00,2.00,6.00,5.00,10.00,5.00,3.00,6.00,3.00,6.00,9.00,5.00,9.00,11.00,10.00,8.00,8.00,13.00,9.00,14.00,17.00,25.00,27.00,29.00,45.00,46.00,31.00,38.00,0.00,0.00,0.00,1.00,0.00,0.00,0.00,0.00,0.00,0.00,2.00,0.00,0.00,0.00,0.00,0.00,0.00,0.00,1.00,0.00,0.00,2.00,1.00,1.00,1.00,5.00,1.00,0.00,3.00,1.00,3.00,4.00,3.00,13.00,4.00,5.00,4.00,9.00,9.00,39.00,4.00,8.00,16.00,6.00,13.00,8.00,14.00,3.00,3.00,6.00,62.00,3.00,71.00,16.00,79.00,18.00,89.00,69.00,38.00,32.00,77.00,18.00,4.00
8,38.00,1.00,3.00,5.00,6.00,2.00,66.00,5.00,3.00,0.00,0.00,0.00,0.00,2.00,2.00,1.00,0.00,1.00,1.00,2.00,0.00,1.00,0.00,0.00,1.00,1.00,1.00,4.00,0.00,2.00,0.00,1.00,2.00,5.00,5.00,1.00,1.00,2.00,5.00,11.00,3.00,5.00,11.00,26.00,18.00,17.00,28.00,23.00,47.00,70.00,75.00,83.00,84.00,123.00,127.00,57.00,96.00,0.00,0.00,0.00,0.00,0.00,0.00,0.00,0.00,1.00,1.00,1.00,0.00,0.00,1.00,0.00,0.00,0.00,0.00,0.00,0.00,0.00,0.00,0.00,1.00,0.00,3.00,0.00,0.00,3.00,2.00,0.00,5.00,6.00,11.00,6.00,8.00,3.00,5.00,3.00,19.00,4.00,7.00,6.00,2.00,8.00,7.00,6.00,1.00,1.00,2.00,17.00,3.00,27.00,3.00,88.00,6.00,18.00,9.00,8.00,6.00,59.00,16.00,3.00
9,43.00,1.00,2.00,10.00,21.00,0.00,8.00,4.00,24.00,0.00,11.00,1.00,3.00,6.00,3.00,31.00,18.00,17.00,27.00,14.00,104.00,12.00,45.00,116.00,141.00,100.00,3.00,2.00,1.00,1.00,0.00,5.00,1.00,2.00,1.00,1.00,0.00,2.00,3.00,6.00,1.00,3.00,0.00,1.00,0.00,1.00,1.00,0.00,1.00,3.00,1.00,0.00,1.00,0.00,0.00,1.00,0.00,0.00,4.00,1.00,2.00,3.00,2.00,1.00,1.00,4.00,4.00,7.00,2.00,4.00,16.00,3.00,6.00,25.00,32.00,175.00,1.00,4.00,1.00,0.00,0.00,3.00,1.00,4.00,2.00,1.00,1.00,3.00,0.00,1.00,2.00,3.00,1.00,1.00,2.00,2.00,4.00,2.00,6.00,2.00,2.00,3.00,3.00,11.00,0.00,5.00,2.00,4.00,8.00,1.00,5.00,1.00,9.00,3.00,0.00,7.00,9.00,0.00,2.00,0.00
1001,3.00,0.00,1.00,0.00,2.00,2.00,3.00,3.00,2.00,14.00,14.00,28.00,23.00,96.00,13.00,5.00,3.00,3.00,2.00,1.00,0.00,0.00,0.00,2.00,0.00,1.00,6.00,12.00,2.00,6.00,2.00,16.00,8.00,0.00,6.00,7.00,2.00,0.00,5.00,3.00,1.00,2.00,5.00,0.00,1.00,1.00,0.00,0.00,1.00,0.00,0.00,0.00,0.00,0.00,1.00,0.00,0.00,1.00,1.00,1.00,0.00,1.00,2.00,0.00,0.00,0.00,0.00,0.00,3.00,0.00,0.00,0.00,0.00,1.00,0.00,0.00,0.00,4.00,3.00,2.00,0.00,4.00,2.00,8.00,9.00,2.00,23.00,1.00,2.00,1.00,8.00,6.00,4.00,2.00,5.00,3.00,12.00,3.00,4.00,2.00,1.00,1.00,7.00,11.00,3.00,6.00,1.00,2.00,4.00,1.00,2.00,0.00,2.00,1.00,0.00,0.00,0.00,0.00,3.00,1.00
1002,6.00,0.00,0.00,8.00,7.00,1.00,1.00,0.00,4.00,15.00,32.00,15.00,21.00,59.00,14.00,18.00,10.00,6.00,4.00,1.00,5.00,0.00,1.00,0.00,0.00,1.00,0.00,6.00,0.00,2.00,0.00,1.00,3.00,1.00,2.00,3.00,3.00,0.00,1.00,0.00,1.00,1.00,2.00,0.00,0.00,1.00,0.00,1.00,0.00,0.00,0.00,0.00,1.00,0.00,0.00,0.00,1.00,2.00,16.00,6.00,8.00,4.00,6.00,3.00,4.00,10.00,14.00,14.00,13.00,0.00,13.00,0.00,1.00,7.00,3.00,8.00,1.00,8.00,0.00,2.00,0.00,3.00,1.00,9.00,11.00,0.00,22.00,2.00,0.00,0.00,2.00,1.00,1.00,2.00,5.00,2.00,3.00,0.00,3.00,3.00,1.00,1.00,6.00,5.00,0.00,3.00,0.00,1.00,2.00,0.00,2.00,0.00,3.00,0.00,2.00,0.00,1.00,0.00,4.00,0.00
1003,3.00,0.00,0.00,1.00,3.00,0.00,0.00,0.00,1.00,27.00,15.00,7.00,15.00,18.00,19.00,5.00,16.00,11.00,11.00,3.00,4.00,1.00,2.00,0.00,0.00,0.00,2.00,12.00,0.00,1.00,1.00,2.00,3.00,0.00,2.00,4.00,5.00,2.00,2.00,0.00,0.00,1.00,0.00,0.00,0.00,1.00,0.00,0.00,0.00,0.00,0.00,0.00,0.00,0.00,1.00,0.00,0.00,0.00,1.00,1.00,1.00,0.00,1.00,0.00,0.00,0.00,2.00,1.00,0.00,0.00,1.00,0.00,0.00,0.00,0.00,1.00,1.00,1.00,0.00,1.00,0.00,2.00,0.00,13.00,3.00,0.00,6.00,1.00,0.00,0.00,3.00,3.00,1.00,0.00,7.00,4.00,8.00,0.00,8.00,3.00,0.00,3.00,5.00,22.00,3.00,13.00,3.00,2.00,4.00,0.00,3.00,1.00,2.00,4.00,0.00,0.00,0.00,0.00,1.00,0.00
1004,3.00,0.00,0.00,2.00,5.00,0.00,1.00,2.00,0.00,13.00,15.00,21.00,12.00,26.00,13.00,10.00,8.00,6.00,3.00,2.00,4.00,0.00,0.00,1.00,2.00,0.00,1.00,11.00,1.00,0.00,0.00,0.00,2.00,1.00,1.00,1.00,2.00,0.00,3.00,1.00,0.00,0.00,0.00,0.00,0.00,0.00,0.00,0.00,2.00,0.00,0.00,0.00,0.00,0.00,0.00,0.00,0.00,0.00,1.00,2.00,3.00,0.00,0.00,2.00,0.00,2.00,2.00,3.00,3.00,1.00,3.00,1.00,0.00,2.00,2.00,5.00,0.00,0.00,1.00,1.00,1.00,2.00,0.00,3.00,11.00,1.00,2.00,0.00,0.00,0.00,1.00,4.00,0.00,0.00,1.00,5.00,5.00,2.00,1.00,4.00,1.00,2.00,6.00,7.00,2.00,7.00,0.00,1.00,1.00,0.00,1.00,0.00,0.00,0.00,0.00,2.00,0.00,0.00,3.00,1.00
1005,11.00,1.00,0.00,4.00,5.00,1.00,5.00,2.00,5.00,137.00,78.00,17.00,23.00,6.00,76.00,48.00,79.00,53.00,67.00,15.00,4.00,5.00,4.00,3.00,8.00,4.00,6.00,44.00,4.00,8.00,4.00,9.00,9.00,1.00,1.00,7.00,2.00,2.00,2.00,3.00,1.00,2.00,2.00,0.00,0.00,2.00,1.00,1.00,0.00,0.00,0.00,0.00,0.00,0.00,0.00,0.00,0.00,1.00,1.00,1.00,2.00,3.00,1.00,2.00,1.00,0.00,2.00,3.00,4.00,1.00,5.00,1.00,0.00,2.00,1.00,6.00,3.00,5.00,1.00,2.00,2.00,7.00,0.00,30.00,23.00,1.00,21.00,1.00,1.00,2.00,10.00,5.00,2.00,2.00,15.00,8.00,13.00,8.00,11.00,7.00,5.00,3.00,15.00,51.00,4.00,39.00,8.00,5.00,16.00,4.00,7.00,1.00,7.00,1.00,0.00,5.00,4.00,1.00,7.00,2.00
1006,6.00,0.00,0.00,1.00,1.00,0.00,1.00,0.00,2.00,12.00,8.00,22.00,15.00,61.00,10.00,7.00,8.00,7.00,5.00,5.00,2.00,4.00,0.00,1.00,0.00,1.00,1.00,7.00,2.00,3.00,0.00,8.00,6.00,2.00,5.00,6.00,1.00,2.00,2.00,1.00,1.00,2.00,2.00,1.00,2.00,1.00,0.00,0.00,1.00,0.00,1.00,0.00,0.00,0.00,0.00,0.00,0.00,0.00,2.00,1.00,0.00,0.00,0.00,0.00,0.00,0.00,0.00,2.00,0.00,0.00,0.00,0.00,0.00,0.00,0.00,2.00,0.00,1.00,0.00,0.00,0.00,0.00,1.00,3.00,4.00,0.00,4.00,3.00,0.00,1.00,3.00,4.00,3.00,3.00,10.00,4.00,10.00,3.00,7.00,2.00,3.00,4.00,12.00,15.00,3.00,9.00,5.00,6.00,8.00,1.00,5.00,0.00,2.00,2.00,0.00,2.00,4.00,0.00,3.00,1.00
1007,6.00,2.00,2.00,5.00,14.00,1.00,0.00,1.00,8.00,6.00,15.00,19.00,14.00,29.00,15.00,2.00,14.00,19.00,17.00,3.00,20.00,2.00,2.00,2.00,6.00,2.00,0.00,5.00,0.00,0.00,0.00,0.00,3.00,0.00,1.00,1.00,0.00,0.00,1.00,0.00,0.00,1.00,0.00,1.00,0.00,0.00,0.00,0.00,1.00,0.00,0.00,0.00,0.00,0.00,0.00,0.00,0.00,1.00,7.00,3.00,11.00,4.00,4.00,5.00,5.00,8.00,8.00,17.00,19.00,1.00,37.00,5.00,0.00,18.00,12.00,20.00,2.00,1.00,0.00,3.00,1.00,1.00,0.00,2.00,15.00,1.00,6.00,0.00,0.00,0.00,2.00,0.00,0.00,1.00,2.00,1.00,2.00,2.00,2.00,2.00,0.00,0.00,3.00,3.00,0.00,2.00,0.00,0.00,3.00,1.00,0.00,0.00,3.00,1.00,0.00,1.00,4.00,0.00,0.00,0.00
1008,9.00,0.00,1.00,4.00,5.00,0.00,2.00,1.00,4.00,8.00,10.00,14.00,9.00,53.00,11.00,12.00,5.00,7.00,11.00,16.00,10.00,5.00,1.00,3.00,3.00,4.00,1.00,1.00,0.00,0.00,0.00,6.00,4.00,1.00,1.00,3.00,0.00,0.00,1.00,0.00,1.00,1.00,1.00,0.00,0.00,0.00,0.00,0.00,0.00,0.00,0.00,0.00,0.00,0.00,0.00,0.00,0.00,0.00,3.00,3.00,2.00,1.00,2.00,1.00,0.00,3.00,3.00,4.00,1.00,0.00,4.00,0.00,0.00,2.00,2.00,4.00,1.00,1.00,0.00,0.00,0.00,0.00,0.00,1.00,1.00,0.00,3.00,0.00,1.00,0.00,4.00,2.00,1.00,1.00,3.00,5.00,4.00,0.00,2.00,1.00,0.00,3.00,4.00,8.00,1.00,5.00,2.00,1.00,5.00,0.00,3.00,0.00,3.00,0.00,0.00,0.00,3.00,0.00,2.00,0.00
1009,19.00,0.00,1.00,2.00,5.00,1.00,5.00,1.00,9.00,7.00,9.00,25.00,20.00,55.00,16.00,25.00,11.00,0.00,13.00,25.00,15.00,10.00,10.00,7.00,16.00,4.00,0.00,5.00,0.00,2.00,2.00,1.00,1.00,1.00,1.00,3.00,0.00,0.00,1.00,0.00,2.00,3.00,0.00,0.00,1.00,0.00,0.00,1.00,0.00,0.00,0.00,0.00,0.00,0.00,0.00,0.00,0.00,0.00,1.00,1.00,1.00,1.00,0.00,0.00,1.00,0.00,0.00,0.00,3.00,0.00,2.00,1.00,0.00,1.00,0.00,7.00,0.00,0.00,0.00,0.00,0.00,0.00,0.00,1.00,1.00,0.00,4.00,0.00,0.00,0.00,4.00,2.00,4.00,1.00,3.00,0.00,8.00,3.00,4.00,1.00,1.00,3.00,4.00,8.00,3.00,19.00,5.00,6.00,12.00,0.00,4.00,0.00,6.00,0.00,2.00,1.00,3.00,0.00,3.00,2.00
1010,34.00,1.00,0.00,3.00,6.00,1.00,3.00,1.00,14.00,3.00,8.00,7.00,8.00,35.00,10.00,13.00,20.00,31.00,41.00,30.00,18.00,10.00,9.00,22.00,44.00,22.00,1.00,4.00,0.00,2.00,1.00,2.00,3.00,0.00,0.00,4.00,1.00,0.00,1.00,0.00,1.00,3.00,2.00,1.00,0.00,0.00,0.00,1.00,2.00,1.00,1.00,0.00,0.00,0.00,0.00,0.00,0.00,0.00,1.00,0.00,0.00,1.00,0.00,2.00,0.00,0.00,3.00,2.00,0.00,1.00,2.00,2.00,0.00,2.00,3.00,4.00,0.00,0.00,0.00,0.00,1.00,2.00,0.00,0.00,0.00,0.00,1.00,1.00,1.00,2.00,6.00,4.00,2.00,0.00,7.00,2.00,8.00,2.00,4.00,6.00,0.00,1.00,6.00,17.00,5.00,13.00,11.00,5.00,21.00,1.00,11.00,0.00,13.00,1.00,1.00,8.00,9.00,0.00,5.00,3.00
1011,43.00,2.00,0.00,3.00,6.00,1.00,9.00,4.00,7.00,4.00,2.00,3.00,4.00,16.00,13.00,2.00,4.00,15.00,41.00,2.00,4.00,24.00,34.00,9.00,21.00,9.00,3.00,5.00,4.00,1.00,2.00,2.00,1.00,3.00,1.00,3.00,1.00,0.00,4.00,3.00,5.00,6.00,4.00,2.00,2.00,2.00,1.00,1.00,1.00,2.00,1.00,2.00,0.00,1.00,1.00,2.00,1.00,2.00,1.00,0.00,0.00,0.00,0.00,2.00,1.00,0.00,0.00,3.00,0.00,0.00,0.00,1.00,1.00,1.00,0.00,2.00,2.00,0.00,0.00,0.00,0.00,4.00,0.00,1.00,0.00,2.00,1.00,4.00,2.00,4.00,4.00,3.00,5.00,3.00,10.00,8.00,12.00,4.00,12.00,10.00,4.00,8.00,12.00,39.00,13.00,20.00,22.00,8.00,63.00,2.00,30.00,1.00,28.00,3.00,12.00,12.00,12.00,0.00,10.00,3.00
1012,39.00,2.00,1.00,2.00,16.00,2.00,0.00,0.00,60.00,2.00,11.00,3.00,4.00,8.00,2.00,13.00,9.00,21.00,19.00,4.00,16.00,2.00,6.00,23.00,20.00,14.00,0.00,0.00,0.00,0.00,1.00,1.00,0.00,0.00,0.00,0.00,0.00,0.00,0.00,0.00,0.00,0.00,0.00,0.00,0.00,0.00,0.00,0.00,0.00,0.00,0.00,0.00,0.00,0.00,0.00,0.00,0.00,1.00,1.00,0.00,0.00,4.00,0.00,0.00,0.00,0.00,1.00,6.00,1.00,0.00,9.00,0.00,0.00,5.00,11.00,42.00,0.00,1.00,0.00,0.00,0.00,0.00,0.00,1.00,1.00,0.00,1.00,0.00,0.00,0.00,3.00,2.00,1.00,0.00,4.00,3.00,3.00,0.00,3.00,0.00,0.00,3.00,0.00,0.00,1.00,6.00,0.00,1.00,1.00,1.00,0.00,0.00,1.00,0.00,0.00,1.00,3.00,0.00,2.00,0.00
1013,39.00,2.00,1.00,4.00,7.00,1.00,3.00,4.00,10.00,1.00,0.00,4.00,4.00,8.00,3.00,3.00,6.00,24.00,19.00,29.00,7.00,3.00,10.00,15.00,26.00,14.00,0.00,1.00,1.00,0.00,0.00,3.00,2.00,1.00,2.00,2.00,4.00,0.00,1.00,2.00,3.00,1.00,2.00,3.00,0.00,0.00,1.00,0.00,2.00,0.00,0.00,0.00,0.00,0.00,0.00,0.00,0.00,0.00,0.00,0.00,0.00,0.00,1.00,0.00,0.00,0.00,0.00,0.00,0.00,0.00,0.00,0.00,0.00,1.00,0.00,3.00,1.00,1.00,0.00,0.00,0.00,0.00,1.00,0.00,0.00,4.00,0.00,0.00,0.00,1.00,3.00,5.00,2.00,2.00,6.00,6.00,6.00,7.00,4.00,6.00,2.00,7.00,3.00,9.00,3.00,9.00,9.00,5.00,22.00,3.00,7.00,0.00,29.00,3.00,4.00,7.00,27.00,1.00,6.00,3.00
1014,101.00,0.00,0.00,2.00,6.00,3.00,10.00,1.00,17.00,1.00,2.00,2.00,1.00,4.00,1.00,3.00,7.00,10.00,13.00,52.00,11.00,11.00,9.00,22.00,36.00,22.00,0.00,0.00,0.00,0.00,0.00,0.00,0.00,1.00,1.00,1.00,1.00,1.00,2.00,1.00,1.00,0.00,0.00,0.00,0.00,0.00,0.00,0.00,1.00,1.00,0.00,0.00,0.00,1.00,0.00,0.00,0.00,0.00,0.00,0.00,1.00,0.00,0.00,0.00,0.00,0.00,0.00,1.00,0.00,0.00,1.00,0.00,0.00,0.00,2.00,6.00,0.00,0.00,0.00,1.00,1.00,0.00,0.00,1.00,0.00,0.00,0.00,0.00,0.00,0.00,2.00,1.00,2.00,2.00,1.00,1.00,4.00,2.00,0.00,2.00,0.00,2.00,3.00,7.00,3.00,5.00,3.00,2.00,13.00,1.00,5.00,0.00,14.00,3.00,3.00,14.00,32.00,0.00,2.00,1.00
1015,149.00,2.00,0.00,4.00,19.00,3.00,2.00,1.00,138.00,1.00,4.00,1.00,1.00,3.00,0.00,12.00,8.00,18.00,43.00,17.00,36.00,15.00,36.00,0.00,0.00,1.00,0.00,0.00,1.00,1.00,1.00,1.00,0.00,0.00,0.00,2.00,0.00,0.00,1.00,0.00,2.00,0.00,1.00,1.00,0.00,1.00,0.00,0.00,0.00,0.00,0.00,0.00,0.00,1.00,1.00,0.00,0.00,0.00,0.00,0.00,0.00,1.00,0.00,2.00,0.00,1.00,4.00,5.00,2.00,1.00,4.00,2.00,2.00,5.00,3.00,25.00,0.00,0.00,0.00,0.00,0.00,1.00,2.00,1.00,1.00,1.00,0.00,0.00,0.00,1.00,1.00,0.00,0.00,0.00,3.00,0.00,3.00,1.00,5.00,2.00,2.00,1.00,1.00,2.00,1.00,2.00,0.00,1.00,7.00,0.00,3.00,0.00,4.00,1.00,3.00,7.00,7.00,0.00,1.00,2.00
1016,131.00,2.00,0.00,2.00,17.00,2.00,2.00,1.00,90.00,1.00,5.00,0.00,1.00,2.00,2.00,3.00,8.00,17.00,39.00,26.00,24.00,25.00,31.00,0.00,0.00,3.00,1.00,0.00,0.00,0.00,0.00,1.00,0.00,1.00,1.00,1.00,2.00,1.00,1.00,0.00,1.00,2.00,2.00,2.00,0.00,0.00,0.00,0.00,0.00,0.00,0.00,0.00,0.00,0.00,1.00,0.00,0.00,0.00,0.00,0.00,1.00,1.00,0.00,0.00,3.00,0.00,1.00,1.00,0.00,0.00,1.00,0.00,0.00,5.00,4.00,16.00,0.00,0.00,0.00,0.00,0.00,0.00,0.00,0.00,1.00,0.00,0.00,0.00,0.00,0.00,3.00,0.00,1.00,0.00,3.00,2.00,1.00,0.00,2.00,1.00,0.00,3.00,3.00,5.00,1.00,6.00,3.00,2.00,8.00,0.00,3.00,0.00,5.00,0.00,2.00,4.00,8.00,0.00,2.00,0.00
1017,119.00,2.00,0.00,5.00,19.00,2.00,1.00,1.00,101.00,1.00,3.00,0.00,1.00,3.00,2.00,7.00,4.00,11.00,23.00,13.00,31.00,7.00,19.00,2.00,6.00,2.00,0.00,1.00,0.00,0.00,0.00,0.00,0.00,0.00,0.00,0.00,0.00,0.00,1.00,0.00,1.00,1.00,0.00,0.00,1.00,0.00,0.00,0.00,0.00,0.00,0.00,0.00,0.00,1.00,0.00,0.00,0.00,0.00,0.00,0.00,1.00,0.00,1.00,0.00,1.00,0.00,0.00,5.00,3.00,0.00,3.00,1.00,0.00,7.00,2.00,24.00,0.00,0.00,1.00,0.00,0.00,0.00,0.00,2.00,0.00,1.00,0.00,0.00,0.00,0.00,0.00,1.00,0.00,0.00,2.00,1.00,2.00,0.00,1.00,0.00,1.00,0.00,2.00,2.00,2.00,3.00,1.00,0.00,5.00,1.00,3.00,0.00,5.00,0.00,0.00,5.00,5.00,0.00,2.00,0.00
1018,9.00,0.00,2.00,1.00,2.00,1.00,2.00,0.00,1.00,7.00,3.00,1.00,3.00,4.00,5.00,0.00,1.00,1.00,1.00,3.00,0.00,3.00,0.00,0.00,0.00,0.00,13.00,23.00,19.00,26.00,8.00,9.00,12.00,15.00,6.00,9.00,15.00,6.00,16.00,2.00,7.00,6.00,0.00,1.00,3.00,2.00,1.00,0.00,1.00,0.00,0.00,0.00,1.00,0.00,0.00,0.00,0.00,0.00,3.00,0.00,0.00,0.00,0.00,1.00,0.00,1.00,2.00,1.00,1.00,0.00,0.00,1.00,0.00,0.00,0.00,0.00,18.00,3.00,45.00,19.00,20.00,16.00,25.00,13.00,3.00,22.00,7.00,22.00,6.00,17.00,36.00,11.00,13.00,4.00,5.00,9.00,23.00,8.00,9.00,7.00,6.00,4.00,10.00,5.00,0.00,3.00,1.00,2.00,2.00,0.00,1.00,0.00,1.00,1.00,1.00,0.00,0.00,0.00,10.00,6.00
1019,11.00,0.00,0.00,4.00,6.00,0.00,7.00,3.00,1.00,21.00,12.00,19.00,18.00,41.00,10.00,6.00,6.00,4.00,11.00,13.00,1.00,1.00,1.00,0.00,2.00,4.00,27.00,14.00,10.00,32.00,10.00,31.00,28.00,6.00,8.00,20.00,19.00,5.00,7.00,3.00,3.00,7.00,3.00,1.00,4.00,1.00,0.00,1.00,2.00,1.00,0.00,0.00,0.00,1.00,0.00,1.00,0.00,1.00,3.00,1.00,3.00,1.00,0.00,1.00,0.00,1.00,4.00,4.00,2.00,0.00,2.00,0.00,2.00,0.00,4.00,2.00,6.00,8.00,7.00,13.00,7.00,18.00,6.00,11.00,12.00,20.00,20.00,12.00,1.00,5.00,24.00,19.00,10.00,8.00,11.00,10.00,32.00,7.00,13.00,11.00,8.00,12.00,17.00,21.00,5.00,7.00,6.00,8.00,9.00,5.00,9.00,1.00,4.00,1.00,2.00,2.00,0.00,0.00,17.00,4.00
1020,1.00,0.00,1.00,0.00,1.00,0.00,3.00,1.00,1.00,1.00,1.00,0.00,0.00,2.00,1.00,0.00,0.00,0.00,0.00,1.00,0.00,2.00,1.00,0.00,0.00,0.00,13.00,5.00,3.00,12.00,3.00,5.00,7.00,5.00,8.00,5.00,7.00,4.00,10.00,5.00,4.00,7.00,4.00,3.00,3.00,1.00,1.00,0.00,0.00,0.00,1.00,1.00,0.00,1.00,0.00,0.00,0.00,0.00,0.00,0.00,0.00,0.00,0.00,0.00,0.00,0.00,0.00,1.00,0.00,0.00,0.00,0.00,0.00,0.00,0.00,0.00,1.00,0.00,2.00,1.00,1.00,3.00,5.00,1.00,0.00,28.00,0.00,9.00,7.00,9.00,21.00,12.00,10.00,6.00,8.00,5.00,13.00,1.00,3.00,6.00,0.00,3.00,10.00,2.00,0.00,0.00,0.00,3.00,1.00,2.00,1.00,0.00,0.00,0.00,0.00,0.00,1.00,0.00,13.00,8.00
1021,5.00,0.00,0.00,0.00,1.00,1.00,5.00,0.00,1.00,9.00,1.00,5.00,3.00,2.00,3.00,0.00,1.00,0.00,2.00,3.00,0.00,0.00,0.00,0.00,0.00,0.00,18.00,22.00,12.00,16.00,7.00,5.00,10.00,7.00,9.00,16.00,21.00,6.00,25.00,8.00,8.00,8.00,7.00,1.00,1.00,0.00,1.00,0.00,0.00,0.00,0.00,0.00,0.00,0.00,1.00,0.00,0.00,0.00,0.00,0.00,0.00,0.00,1.00,0.00,1.00,1.00,0.00,4.00,2.00,0.00,2.00,0.00,0.00,1.00,0.00,0.00,5.00,2.00,9.00,3.00,4.00,11.00,7.00,9.00,2.00,24.00,4.00,9.00,4.00,12.00,37.00,16.00,8.00,13.00,7.00,12.00,25.00,17.00,13.00,5.00,2.00,5.00,11.00,9.00,3.00,2.00,2.00,3.00,3.00,3.00,3.00,0.00,1.00,2.00,0.00,0.00,0.00,1.00,15.00,7.00
1022,1.00,0.00,0.00,0.00,0.00,1.00,3.00,1.00,0.00,3.00,0.00,0.00,0.00,1.00,0.00,1.00,0.00,0.00,0.00,0.00,0.00,0.00,0.00,0.00,0.00,0.00,17.00,3.00,3.00,8.00,2.00,4.00,3.00,7.00,2.00,4.00,4.00,4.00,3.00,2.00,2.00,5.00,2.00,1.00,0.00,2.00,1.00,1.00,0.00,1.00,0.00,0.00,1.00,0.00,0.00,0.00,0.00,0.00,0.00,0.00,0.00,0.00,0.00,0.00,0.00,0.00,0.00,2.00,0.00,0.00,0.00,0.00,0.00,0.00,0.00,0.00,1.00,0.00,2.00,0.00,0.00,1.00,6.00,0.00,0.00,13.00,0.00,6.00,3.00,11.00,11.00,7.00,7.00,5.00,7.00,8.00,18.00,3.00,4.00,3.00,2.00,2.00,6.00,3.00,2.00,1.00,0.00,0.00,2.00,1.00,3.00,0.00,4.00,0.00,0.00,0.00,0.00,0.00,10.00,4.00
1023,5.00,0.00,0.00,0.00,2.00,0.00,4.00,1.00,0.00,13.00,2.00,3.00,1.00,17.00,7.00,0.00,2.00,0.00,2.00,5.00,0.00,2.00,0.00,0.00,0.00,0.00,10.00,26.00,5.00,4.00,8.00,1.00,2.00,5.00,10.00,9.00,17.00,10.00,17.00,3.00,6.00,8.00,4.00,2.00,1.00,0.00,0.00,0.00,0.00,0.00,0.00,0.00,0.00,0.00,2.00,0.00,1.00,0.00,1.00,0.00,0.00,0.00,0.00,0.00,0.00,0.00,0.00,0.00,0.00,0.00,0.00,0.00,0.00,0.00,0.00,0.00,3.00,0.00,2.00,1.00,2.00,2.00,2.00,3.00,3.00,4.00,6.00,5.00,2.00,2.00,32.00,17.00,14.00,15.00,6.00,11.00,35.00,9.00,12.00,11.00,7.00,12.00,5.00,17.00,3.00,6.00,5.00,6.00,5.00,6.00,6.00,1.00,4.00,3.00,0.00,1.00,1.00,0.00,17.00,3.00
1024,2.00,0.00,0.00,2.00,0.00,0.00,1.00,2.00,0.00,9.00,0.00,1.00,5.00,7.00,5.00,0.00,2.00,0.00,0.00,4.00,0.00,0.00,0.00,1.00,0.00,1.00,11.00,21.00,7.00,4.00,4.00,1.00,4.00,5.00,10.00,5.00,17.00,7.00,12.00,6.00,4.00,5.00,3.00,1.00,0.00,0.00,0.00,0.00,0.00,0.00,0.00,0.00,0.00,1.00,0.00,0.00,0.00,0.00,0.00,1.00,0.00,0.00,0.00,0.00,0.00,0.00,0.00,0.00,0.00,0.00,0.00,0.00,0.00,0.00,0.00,0.00,1.00,2.00,3.00,1.00,0.00,2.00,3.00,3.00,0.00,6.00,2.00,4.00,3.00,1.00,24.00,16.00,9.00,8.00,8.00,9.00,30.00,5.00,6.00,10.00,4.00,9.00,10.00,9.00,2.00,4.00,3.00,3.00,6.00,2.00,2.00,0.00,4.00,3.00,0.00,0.00,0.00,0.00,14.00,3.00
1025,9.00,2.00,0.00,1.00,1.00,0.00,12.00,4.00,0.00,3.00,1.00,0.00,1.00,5.00,2.00,1.00,1.00,0.00,2.00,1.00,0.00,0.00,2.00,1.00,0.00,0.00,12.00,4.00,8.00,7.00,8.00,12.00,5.00,7.00,10.00,9.00,4.00,9.00,20.00,12.00,10.00,8.00,8.00,10.00,5.00,10.00,5.00,1.00,4.00,2.00,3.00,3.00,3.00,3.00,2.00,5.00,3.00,0.00,2.00,0.00,0.00,0.00,0.00,0.00,0.00,0.00,0.00,0.00,0.00,0.00,0.00,0.00,0.00,0.00,0.00,1.00,2.00,1.00,4.00,1.00,3.00,5.00,8.00,1.00,1.00,26.00,1.00,19.00,23.00,10.00,20.00,15.00,15.00,20.00,6.00,7.00,41.00,10.00,7.00,12.00,3.00,14.00,13.00,9.00,2.00,4.00,4.00,13.00,2.00,7.00,7.00,2.00,5.00,2.00,2.00,1.00,0.00,3.00,30.00,9.00
1026,3.00,0.00,1.00,0.00,1.00,1.00,2.00,1.00,0.00,1.00,0.00,1.00,0.00,2.00,0.00,0.00,1.00,0.00,0.00,0.00,0.00,0.00,0.00,0.00,0.00,0.00,8.00,9.00,4.00,11.00,2.00,7.00,6.00,10.00,1.00,5.00,2.00,0.00,3.00,6.00,4.00,5.00,8.00,4.00,1.00,1.00,1.00,0.00,1.00,1.00,0.00,1.00,0.00,1.00,0.00,0.00,1.00,0.00,1.00,0.00,0.00,0.00,0.00,0.00,0.00,1.00,0.00,0.00,0.00,0.00,0.00,0.00,0.00,0.00,0.00,0.00,1.00,0.00,1.00,0.00,1.00,9.00,3.00,1.00,0.00,7.00,0.00,11.00,2.00,7.00,4.00,4.00,0.00,3.00,9.00,6.00,16.00,4.00,5.00,5.00,3.00,8.00,9.00,5.00,3.00,1.00,2.00,5.00,0.00,3.00,5.00,1.00,2.00,0.00,0.00,1.00,0.00,0.00,11.00,6.00
1027,8.00,1.00,0.00,1.00,1.00,1.00,5.00,3.00,0.00,8.00,2.00,5.00,2.00,9.00,8.00,0.00,1.00,2.00,4.00,8.00,0.00,1.00,0.00,0.00,1.00,0.00,14.00,21.00,12.00,18.00,8.00,29.00,11.00,9.00,5.00,8.00,4.00,8.00,13.00,8.00,16.00,9.00,7.00,2.00,1.00,3.00,3.00,0.00,3.00,0.00,2.00,1.00,1.00,1.00,2.00,0.00,1.00,0.00,1.00,0.00,0.00,0.00,0.00,0.00,0.00,1.00,1.00,1.00,0.00,0.00,1.00,0.00,0.00,1.00,0.00,1.00,0.00,2.00,2.00,0.00,0.00,11.00,0.00,4.00,1.00,5.00,2.00,6.00,1.00,5.00,14.00,6.00,8.00,17.00,5.00,6.00,25.00,5.00,11.00,14.00,5.00,19.00,13.00,16.00,7.00,6.00,5.00,14.00,12.00,6.00,12.00,2.00,5.00,4.00,2.00,1.00,3.00,3.00,12.00,5.00
1028,8.00,1.00,0.00,0.00,4.00,0.00,5.00,1.00,0.00,1.00,3.00,1.00,1.00,6.00,3.00,0.00,2.00,0.00,1.00,4.00,0.00,1.00,0.00,1.00,0.00,0.00,17.00,12.00,17.00,29.00,5.00,20.00,16.00,12.00,1.00,3.00,0.00,8.00,13.00,5.00,14.00,13.00,7.00,4.00,1.00,3.00,1.00,2.00,4.00,2.00,1.00,0.00,1.00,0.00,2.00,0.00,1.00,1.00,1.00,0.00,0.00,0.00,0.00,0.00,0.00,0.00,0.00,0.00,0.00,0.00,1.00,0.00,0.00,0.00,0.00,0.00,1.00,1.00,3.00,0.00,2.00,14.00,4.00,2.00,1.00,7.00,1.00,8.00,2.00,4.00,5.00,3.00,2.00,13.00,6.00,7.00,17.00,6.00,9.00,8.00,4.00,14.00,4.00,9.00,5.00,2.00,3.00,7.00,4.00,3.00,5.00,1.00,5.00,2.00,0.00,2.00,0.00,1.00,16.00,4.00
1029,4.00,1.00,0.00,0.00,2.00,0.00,2.00,0.00,0.00,1.00,2.00,0.00,0.00,1.00,1.00,0.00,0.00,0.00,0.00,1.00,0.00,1.00,0.00,0.00,0.00,0.00,4.00,5.00,3.00,7.00,1.00,7.00,8.00,6.00,1.00,7.00,9.00,2.00,4.00,1.00,6.00,2.00,2.00,3.00,7.00,3.00,2.00,1.00,3.00,1.00,3.00,1.00,0.00,1.00,0.00,0.00,0.00,0.00,0.00,0.00,0.00,0.00,0.00,0.00,0.00,0.00,0.00,0.00,0.00,0.00,0.00,0.00,0.00,0.00,0.00,1.00,0.00,0.00,3.00,0.00,1.00,2.00,6.00,0.00,0.00,8.00,4.00,9.00,5.00,3.00,13.00,7.00,7.00,9.00,5.00,9.00,17.00,4.00,7.00,7.00,0.00,4.00,7.00,3.00,1.00,0.00,3.00,8.00,1.00,3.00,8.00,2.00,2.00,2.00,1.00,0.00,1.00,0.00,13.00,4.00
1030,7.00,1.00,0.00,1.00,3.00,0.00,12.00,7.00,1.00,4.00,2.00,3.00,1.00,4.00,4.00,2.00,0.00,0.00,6.00,3.00,0.00,1.00,2.00,1.00,1.00,3.00,13.00,16.00,13.00,30.00,8.00,24.00,10.00,21.00,3.00,11.00,15.00,2.00,1.00,20.00,3.00,5.00,18.00,9.00,3.00,5.00,2.00,1.00,4.00,3.00,2.00,4.00,3.00,2.00,3.00,1.00,3.00,0.00,0.00,0.00,0.00,0.00,0.00,0.00,0.00,0.00,0.00,1.00,0.00,0.00,0.00,0.00,0.00,0.00,0.00,0.00,1.00,5.00,1.00,0.00,2.00,3.00,6.00,5.00,1.00,21.00,2.00,21.00,6.00,29.00,12.00,11.00,3.00,4.00,17.00,19.00,30.00,11.00,15.00,16.00,8.00,20.00,17.00,21.00,5.00,2.00,5.00,15.00,10.00,9.00,11.00,4.00,7.00,4.00,3.00,1.00,3.00,0.00,12.00,5.00
1031,6.00,1.00,0.00,1.00,1.00,2.00,3.00,3.00,0.00,2.00,0.00,0.00,1.00,2.00,1.00,0.00,0.00,0.00,0.00,1.00,0.00,0.00,1.00,0.00,1.00,0.00,1.00,1.00,2.00,2.00,7.00,2.00,1.00,7.00,5.00,6.00,3.00,5.00,12.00,2.00,11.00,12.00,7.00,8.00,10.00,12.00,8.00,2.00,8.00,8.00,6.00,7.00,2.00,4.00,5.00,4.00,3.00,0.00,0.00,0.00,0.00,0.00,0.00,0.00,0.00,0.00,0.00,0.00,0.00,0.00,0.00,0.00,0.00,0.00,0.00,0.00,2.00,0.00,0.00,0.00,0.00,0.00,5.00,1.00,2.00,6.00,0.00,5.00,6.00,11.00,11.00,3.00,9.00,10.00,6.00,3.00,22.00,2.00,7.00,9.00,3.00,9.00,3.00,4.00,1.00,1.00,0.00,7.00,4.00,5.00,4.00,6.00,2.00,5.00,0.00,0.00,2.00,1.00,19.00,3.00
1032,1.00,0.00,0.00,1.00,2.00,0.00,2.00,2.00,1.00,0.00,0.00,1.00,0.00,0.00,0.00,0.00,0.00,0.00,1.00,2.00,0.00,0.00,1.00,0.00,0.00,0.00,1.00,2.00,3.00,5.00,2.00,2.00,2.00,8.00,2.00,7.00,7.00,3.00,3.00,13.00,0.00,0.00,11.00,10.00,1.00,1.00,0.00,1.00,0.00,0.00,1.00,1.00,1.00,1.00,0.00,0.00,1.00,0.00,0.00,0.00,0.00,0.00,0.00,0.00,0.00,0.00,0.00,0.00,0.00,0.00,0.00,0.00,0.00,0.00,0.00,0.00,0.00,0.00,1.00,0.00,0.00,1.00,1.00,0.00,0.00,3.00,0.00,6.00,0.00,11.00,16.00,8.00,2.00,1.00,6.00,6.00,18.00,3.00,10.00,6.00,3.00,7.00,5.00,4.00,4.00,0.00,1.00,5.00,3.00,3.00,6.00,0.00,3.00,2.00,0.00,1.00,2.00,0.00,6.00,1.00
1033,12.00,0.00,0.00,0.00,4.00,2.00,32.00,14.00,4.00,3.00,2.00,2.00,2.00,9.00,4.00,1.00,1.00,0.00,5.00,5.00,1.00,2.00,2.00,2.00,4.00,0.00,10.00,18.00,9.00,23.00,10.00,25.00,9.00,13.00,6.00,9.00,14.00,5.00,5.00,27.00,1.00,3.00,14.00,17.00,9.00,6.00,7.00,3.00,3.00,4.00,3.00,3.00,4.00,2.00,5.00,3.00,3.00,0.00,1.00,0.00,0.00,0.00,1.00,0.00,0.00,0.00,0.00,0.00,2.00,0.00,0.00,1.00,0.00,0.00,0.00,1.00,4.00,1.00,2.00,0.00,3.00,0.00,1.00,3.00,4.00,11.00,1.00,10.00,6.00,14.00,39.00,23.00,17.00,4.00,12.00,15.00,47.00,13.00,15.00,22.00,10.00,17.00,25.00,21.00,8.00,7.00,10.00,23.00,14.00,19.00,21.00,7.00,20.00,14.00,2.00,1.00,1.00,3.00,34.00,10.00
1034,13.00,0.00,1.00,2.00,3.00,1.00,20.00,16.00,3.00,2.00,1.00,2.00,1.00,1.00,4.00,2.00,1.00,1.00,4.00,6.00,1.00,3.00,1.00,1.00,0.00,0.00,9.00,15.00,11.00,15.00,5.00,20.00,4.00,5.00,8.00,10.00,9.00,6.00,13.00,18.00,10.00,9.00,10.00,16.00,12.00,13.00,10.00,5.00,11.00,8.00,10.00,7.00,11.00,7.00,4.00,4.00,4.00,0.00,0.00,0.00,0.00,0.00,1.00,0.00,0.00,0.00,1.00,1.00,0.00,0.00,0.00,0.00,0.00,0.00,0.00,1.00,1.00,0.00,2.00,1.00,4.00,4.00,1.00,0.00,1.00,4.00,1.00,14.00,6.00,13.00,25.00,21.00,20.00,14.00,13.00,16.00,53.00,19.00,21.00,29.00,13.00,21.00,26.00,16.00,4.00,4.00,8.00,17.00,10.00,25.00,16.00,5.00,11.00,10.00,1.00,3.00,2.00,5.00,39.00,14.00
1035,1.00,1.00,0.00,1.00,1.00,0.00,6.00,11.00,0.00,1.00,0.00,1.00,0.00,0.00,0.00,0.00,0.00,0.00,0.00,0.00,0.00,0.00,1.00,0.00,0.00,0.00,1.00,3.00,1.00,3.00,2.00,2.00,0.00,8.00,3.00,1.00,0.00,3.00,4.00,8.00,2.00,10.00,10.00,10.00,12.00,18.00,7.00,5.00,16.00,9.00,12.00,15.00,5.00,6.00,8.00,4.00,2.00,0.00,0.00,0.00,0.00,0.00,0.00,1.00,0.00,0.00,0.00,0.00,0.00,0.00,0.00,0.00,0.00,0.00,0.00,1.00,0.00,0.00,0.00,0.00,0.00,0.00,2.00,0.00,0.00,2.00,0.00,5.00,7.00,11.00,5.00,1.00,3.00,7.00,2.00,1.00,9.00,2.00,3.00,2.00,1.00,5.00,5.00,2.00,1.00,0.00,0.00,4.00,4.00,8.00,1.00,4.00,1.00,4.00,0.00,0.00,1.00,4.00,8.00,4.00
1036,4.00,1.00,0.00,1.00,2.00,0.00,3.00,6.00,0.00,0.00,0.00,0.00,0.00,0.00,0.00,0.00,0.00,0.00,0.00,0.00,0.00,0.00,0.00,1.00,0.00,0.00,1.00,1.00,2.00,1.00,0.00,0.00,0.00,0.00,1.00,0.00,1.00,1.00,2.00,5.00,1.00,1.00,4.00,7.00,0.00,3.00,2.00,2.00,39.00,30.00,31.00,17.00,10.00,7.00,9.00,1.00,3.00,0.00,0.00,0.00,0.00,0.00,0.00,0.00,0.00,0.00,0.00,0.00,0.00,0.00,1.00,0.00,0.00,0.00,0.00,0.00,0.00,0.00,0.00,0.00,0.00,0.00,0.00,1.00,0.00,0.00,1.00,3.00,11.00,10.00,1.00,1.00,1.00,1.00,0.00,0.00,4.00,0.00,1.00,3.00,0.00,2.00,0.00,1.00,0.00,0.00,0.00,1.00,0.00,1.00,0.00,1.00,0.00,0.00,0.00,0.00,1.00,2.00,5.00,1.00
1037,4.00,0.00,1.00,1.00,0.00,0.00,8.00,8.00,0.00,0.00,0.00,0.00,0.00,0.00,0.00,0.00,0.00,0.00,0.00,0.00,0.00,0.00,0.00,0.00,0.00,0.00,0.00,0.00,3.00,1.00,0.00,1.00,0.00,6.00,1.00,1.00,0.00,0.00,2.00,11.00,1.00,2.00,12.00,11.00,4.00,5.00,9.00,4.00,29.00,17.00,27.00,16.00,8.00,7.00,7.00,4.00,4.00,0.00,0.00,0.00,0.00,0.00,0.00,0.00,0.00,0.00,0.00,0.00,0.00,0.00,0.00,0.00,0.00,0.00,0.00,0.00,0.00,0.00,1.00,0.00,2.00,0.00,5.00,0.00,0.00,7.00,1.00,11.00,21.00,12.00,0.00,1.00,0.00,3.00,0.00,1.00,5.00,1.00,1.00,3.00,0.00,3.00,1.00,2.00,0.00,0.00,0.00,4.00,0.00,1.00,0.00,0.00,0.00,2.00,0.00,0.00,0.00,1.00,4.00,0.00
1038,4.00,0.00,0.00,2.00,2.00,0.00,1.00,13.00,0.00,0.00,0.00,0.00,0.00,0.00,0.00,0.00,0.00,0.00,0.00,2.00,0.00,0.00,0.00,0.00,1.00,0.00,0.00,1.00,0.00,0.00,0.00,1.00,0.00,0.00,0.00,0.00,0.00,0.00,1.00,3.00,1.00,0.00,5.00,4.00,3.00,5.00,3.00,2.00,5.00,13.00,17.00,14.00,10.00,12.00,21.00,3.00,4.00,0.00,0.00,0.00,0.00,0.00,0.00,0.00,0.00,0.00,0.00,0.00,0.00,0.00,0.00,0.00,0.00,0.00,0.00,0.00,0.00,0.00,0.00,0.00,0.00,0.00,1.00,0.00,0.00,1.00,0.00,1.00,2.00,6.00,1.00,1.00,0.00,1.00,0.00,1.00,4.00,0.00,1.00,0.00,0.00,0.00,1.00,1.00,0.00,1.00,0.00,1.00,0.00,0.00,0.00,1.00,0.00,1.00,1.00,0.00,0.00,2.00,3.00,1.00
1039,7.00,0.00,1.00,1.00,4.00,1.00,4.00,15.00,1.00,0.00,0.00,0.00,0.00,0.00,0.00,0.00,0.00,0.00,0.00,2.00,0.00,1.00,1.00,0.00,1.00,0.00,1.00,1.00,0.00,0.00,0.00,0.00,0.00,1.00,0.00,0.00,0.00,0.00,0.00,3.00,1.00,0.00,1.00,5.00,5.00,7.00,2.00,1.00,1.00,1.00,4.00,3.00,8.00,9.00,12.00,4.00,6.00,1.00,0.00,0.00,0.00,0.00,0.00,0.00,0.00,0.00,0.00,0.00,0.00,0.00,0.00,0.00,0.00,0.00,0.00,0.00,0.00,0.00,0.00,0.00,0.00,1.00,1.00,0.00,0.00,1.00,0.00,3.00,3.00,8.00,2.00,0.00,0.00,1.00,1.00,2.00,2.00,0.00,0.00,0.00,0.00,0.00,2.00,1.00,1.00,0.00,0.00,1.00,1.00,1.00,0.00,3.00,0.00,1.00,1.00,0.00,1.00,3.00,2.00,0.00
1040,13.00,0.00,1.00,3.00,5.00,0.00,28.00,82.00,2.00,0.00,0.00,1.00,0.00,0.00,0.00,1.00,0.00,1.00,1.00,32.00,0.00,1.00,0.00,0.00,1.00,0.00,3.00,1.00,3.00,1.00,1.00,3.00,1.00,7.00,4.00,0.00,2.00,2.00,3.00,17.00,1.00,2.00,12.00,21.00,77.00,56.00,7.00,0.00,3.00,1.00,5.00,3.00,7.00,27.00,12.00,20.00,8.00,0.00,0.00,0.00,1.00,0.00,0.00,0.00,0.00,1.00,0.00,0.00,0.00,0.00,0.00,0.00,0.00,0.00,0.00,0.00,2.00,0.00,1.00,0.00,2.00,0.00,2.00,0.00,1.00,4.00,0.00,6.00,17.00,17.00,3.00,0.00,2.00,4.00,3.00,3.00,7.00,2.00,8.00,5.00,3.00,4.00,3.00,2.00,2.00,2.00,0.00,1.00,0.00,6.00,1.00,6.00,1.00,1.00,2.00,1.00,1.00,21.00,8.00,1.00
1041,13.00,0.00,1.00,3.00,3.00,2.00,48.00,116.00,1.00,1.00,0.00,1.00,0.00,2.00,0.00,0.00,0.00,0.00,0.00,16.00,0.00,5.00,0.00,1.00,0.00,0.00,0.00,1.00,2.00,1.00,0.00,1.00,0.00,1.00,2.00,0.00,1.00,1.00,4.00,13.00,2.00,6.00,9.00,20.00,91.00,47.00,30.00,1.00,5.00,0.00,0.00,0.00,0.00,20.00,0.00,18.00,8.00,0.00,0.00,0.00,0.00,0.00,0.00,0.00,0.00,0.00,0.00,0.00,0.00,1.00,1.00,0.00,0.00,0.00,0.00,0.00,5.00,0.00,0.00,0.00,1.00,1.00,3.00,1.00,0.00,4.00,0.00,4.00,12.00,16.00,6.00,2.00,2.00,1.00,0.00,4.00,9.00,3.00,2.00,3.00,1.00,5.00,3.00,2.00,1.00,1.00,2.00,4.00,2.00,7.00,2.00,10.00,2.00,3.00,0.00,0.00,0.00,27.00,6.00,5.00
1042,16.00,0.00,0.00,3.00,3.00,1.00,54.00,118.00,1.00,0.00,0.00,1.00,1.00,1.00,1.00,0.00,1.00,0.00,0.00,11.00,1.00,2.00,0.00,0.00,1.00,0.00,1.00,3.00,2.00,3.00,1.00,1.00,0.00,6.00,4.00,1.00,0.00,0.00,3.00,20.00,2.00,2.00,6.00,25.00,76.00,46.00,40.00,3.00,2.00,0.00,2.00,1.00,2.00,24.00,5.00,29.00,9.00,0.00,0.00,1.00,0.00,0.00,0.00,0.00,0.00,0.00,0.00,1.00,0.00,0.00,0.00,0.00,0.00,0.00,0.00,0.00,1.00,0.00,2.00,0.00,1.00,0.00,1.00,0.00,1.00,5.00,1.00,5.00,10.00,28.00,5.00,2.00,5.00,2.00,3.00,5.00,6.00,4.00,3.00,3.00,0.00,2.00,4.00,2.00,1.00,1.00,0.00,2.00,0.00,9.00,2.00,10.00,0.00,0.00,1.00,2.00,0.00,30.00,4.00,1.00
1043,10.00,1.00,0.00,1.00,4.00,0.00,61.00,126.00,1.00,1.00,0.00,0.00,0.00,1.00,2.00,0.00,0.00,0.00,0.00,0.00,0.00,0.00,0.00,0.00,0.00,0.00,3.00,1.00,2.00,2.00,1.00,1.00,0.00,2.00,0.00,2.00,0.00,1.00,4.00,15.00,0.00,5.00,9.00,17.00,39.00,30.00,23.00,5.00,5.00,1.00,0.00,0.00,1.00,8.00,1.00,10.00,4.00,0.00,0.00,0.00,0.00,0.00,0.00,0.00,0.00,0.00,0.00,0.00,0.00,0.00,0.00,0.00,0.00,0.00,0.00,0.00,0.00,0.00,0.00,1.00,0.00,1.00,0.00,0.00,0.00,1.00,0.00,3.00,7.00,11.00,3.00,1.00,1.00,0.00,4.00,2.00,6.00,3.00,1.00,2.00,1.00,0.00,2.00,3.00,1.00,0.00,1.00,3.00,3.00,6.00,2.00,16.00,1.00,3.00,2.00,0.00,1.00,21.00,7.00,4.00
1044,3.00,0.00,0.00,0.00,0.00,0.00,26.00,79.00,0.00,0.00,0.00,0.00,0.00,0.00,0.00,0.00,1.00,0.00,0.00,0.00,0.00,0.00,0.00,0.00,0.00,0.00,0.00,1.00,0.00,0.00,0.00,0.00,0.00,2.00,0.00,1.00,0.00,0.00,0.00,5.00,0.00,2.00,4.00,6.00,19.00,20.00,19.00,4.00,4.00,0.00,1.00,0.00,0.00,2.00,0.00,2.00,0.00,0.00,0.00,0.00,0.00,0.00,0.00,0.00,0.00,0.00,0.00,0.00,0.00,0.00,0.00,0.00,0.00,0.00,0.00,0.00,0.00,1.00,0.00,0.00,0.00,0.00,0.00,0.00,0.00,1.00,0.00,1.00,1.00,5.00,0.00,1.00,1.00,3.00,1.00,1.00,6.00,0.00,0.00,1.00,0.00,2.00,0.00,2.00,0.00,0.00,0.00,2.00,0.00,4.00,3.00,5.00,0.00,1.00,0.00,0.00,0.00,5.00,4.00,1.00
1045,7.00,0.00,0.00,1.00,1.00,2.00,57.00,123.00,0.00,0.00,0.00,0.00,0.00,0.00,0.00,0.00,0.00,0.00,1.00,0.00,0.00,0.00,0.00,0.00,0.00,0.00,0.00,1.00,1.00,1.00,0.00,0.00,1.00,1.00,0.00,0.00,0.00,1.00,1.00,7.00,2.00,2.00,4.00,5.00,20.00,17.00,28.00,5.00,11.00,8.00,11.00,3.00,0.00,3.00,0.00,2.00,2.00,0.00,0.00,0.00,0.00,0.00,0.00,0.00,0.00,0.00,0.00,0.00,0.00,0.00,0.00,0.00,0.00,0.00,0.00,0.00,0.00,0.00,0.00,0.00,0.00,0.00,0.00,0.00,0.00,1.00,0.00,1.00,2.00,4.00,2.00,0.00,2.00,1.00,1.00,3.00,5.00,1.00,2.00,3.00,1.00,1.00,0.00,3.00,1.00,0.00,0.00,4.00,0.00,9.00,0.00,11.00,2.00,3.00,0.00,1.00,0.00,12.00,4.00,1.00
1046,8.00,1.00,0.00,0.00,3.00,0.00,91.00,188.00,1.00,0.00,1.00,0.00,0.00,0.00,0.00,0.00,0.00,0.00,0.00,1.00,0.00,0.00,1.00,0.00,0.00,0.00,0.00,0.00,0.00,0.00,0.00,0.00,1.00,2.00,2.00,0.00,0.00,1.00,0.00,12.00,3.00,2.00,7.00,16.00,22.00,19.00,40.00,8.00,10.00,3.00,4.00,1.00,0.00,1.00,0.00,1.00,0.00,0.00,0.00,0.00,0.00,0.00,0.00,0.00,0.00,0.00,0.00,0.00,0.00,0.00,0.00,0.00,0.00,0.00,0.00,0.00,0.00,0.00,0.00,0.00,0.00,1.00,0.00,0.00,0.00,0.00,1.00,2.00,7.00,8.00,2.00,1.00,1.00,1.00,6.00,2.00,5.00,2.00,7.00,5.00,2.00,2.00,1.00,2.00,3.00,1.00,0.00,4.00,0.00,10.00,1.00,19.00,1.00,1.00,3.00,1.00,1.00,21.00,6.00,5.00
1047,1.00,0.00,0.00,0.00,1.00,0.00,15.00,26.00,0.00,0.00,0.00,0.00,0.00,0.00,0.00,0.00,0.00,0.00,0.00,0.00,0.00,0.00,0.00,0.00,0.00,0.00,0.00,1.00,0.00,0.00,0.00,0.00,0.00,0.00,0.00,0.00,0.00,0.00,0.00,3.00,0.00,0.00,3.00,4.00,5.00,6.00,2.00,2.00,7.00,7.00,18.00,5.00,2.00,1.00,1.00,2.00,2.00,0.00,0.00,0.00,0.00,0.00,0.00,0.00,0.00,0.00,0.00,0.00,0.00,0.00,0.00,0.00,0.00,0.00,0.00,0.00,0.00,0.00,0.00,0.00,0.00,0.00,1.00,0.00,1.00,0.00,0.00,1.00,2.00,2.00,1.00,0.00,0.00,0.00,0.00,0.00,1.00,0.00,2.00,1.00,0.00,0.00,0.00,1.00,0.00,0.00,0.00,1.00,0.00,4.00,0.00,3.00,0.00,1.00,1.00,0.00,0.00,2.00,3.00,0.00
1048,3.00,0.00,0.00,0.00,1.00,0.00,17.00,58.00,0.00,0.00,0.00,0.00,0.00,1.00,0.00,0.00,0.00,0.00,0.00,2.00,0.00,0.00,0.00,0.00,0.00,0.00,0.00,0.00,0.00,0.00,0.00,0.00,1.00,1.00,0.00,0.00,0.00,0.00,0.00,2.00,0.00,2.00,3.00,4.00,3.00,4.00,5.00,7.00,5.00,3.00,8.00,3.00,0.00,1.00,1.00,0.00,1.00,0.00,0.00,0.00,0.00,0.00,0.00,0.00,0.00,0.00,0.00,0.00,0.00,0.00,0.00,0.00,0.00,0.00,0.00,0.00,0.00,0.00,0.00,0.00,0.00,0.00,0.00,0.00,1.00,0.00,0.00,1.00,0.00,1.00,0.00,0.00,1.00,3.00,1.00,0.00,3.00,0.00,0.00,0.00,0.00,2.00,0.00,2.00,1.00,0.00,1.00,5.00,0.00,2.00,0.00,6.00,0.00,0.00,1.00,0.00,0.00,3.00,0.00,0.00
1049,4.00,2.00,2.00,35.00,20.00,0.00,0.00,0.00,0.00,0.00,2.00,0.00,0.00,2.00,1.00,2.00,0.00,0.00,1.00,0.00,0.00,0.00,0.00,0.00,0.00,0.00,0.00,0.00,0.00,0.00,0.00,0.00,0.00,0.00,0.00,0.00,0.00,0.00,0.00,0.00,0.00,0.00,0.00,0.00,0.00,0.00,0.00,0.00,0.00,0.00,0.00,0.00,1.00,0.00,0.00,0.00,0.00,1.00,25.00,19.00,38.00,11.00,12.00,5.00,0.00,11.00,9.00,14.00,13.00,3.00,5.00,2.00,0.00,3.00,4.00,1.00,1.00,6.00,1.00,2.00,0.00,0.00,1.00,2.00,4.00,0.00,5.00,0.00,0.00,0.00,0.00,0.00,1.00,0.00,0.00,0.00,0.00,0.00,0.00,1.00,0.00,0.00,0.00,1.00,0.00,0.00,0.00,0.00,0.00,0.00,0.00,0.00,1.00,0.00,0.00,0.00,0.00,0.00,1.00,0.00
1050,11.00,1.00,1.00,22.00,17.00,2.00,0.00,0.00,2.00,6.00,20.00,3.00,3.00,4.00,3.00,6.00,1.00,1.00,2.00,1.00,1.00,0.00,0.00,0.00,0.00,0.00,1.00,6.00,1.00,0.00,0.00,2.00,1.00,1.00,1.00,0.00,0.00,2.00,1.00,3.00,0.00,0.00,0.00,0.00,1.00,0.00,0.00,0.00,0.00,0.00,0.00,0.00,0.00,0.00,0.00,0.00,0.00,25.00,71.00,54.00,40.00,15.00,14.00,8.00,4.00,11.00,18.00,24.00,13.00,2.00,8.00,4.00,1.00,4.00,1.00,1.00,1.00,37.00,2.00,11.00,3.00,7.00,0.00,15.00,45.00,2.00,51.00,0.00,0.00,0.00,1.00,0.00,0.00,0.00,0.00,2.00,2.00,0.00,1.00,0.00,0.00,0.00,0.00,1.00,2.00,3.00,0.00,0.00,0.00,0.00,0.00,0.00,1.00,1.00,0.00,1.00,0.00,1.00,0.00,0.00
1051,4.00,1.00,0.00,19.00,15.00,0.00,0.00,0.00,1.00,2.00,2.00,0.00,0.00,0.00,1.00,3.00,1.00,0.00,0.00,0.00,0.00,0.00,0.00,1.00,0.00,0.00,0.00,1.00,1.00,0.00,0.00,0.00,0.00,0.00,0.00,0.00,0.00,0.00,0.00,0.00,0.00,1.00,0.00,0.00,0.00,0.00,0.00,0.00,0.00,0.00,0.00,0.00,0.00,0.00,0.00,0.00,0.00,14.00,27.00,8.00,16.00,22.00,16.00,16.00,4.00,24.00,19.00,34.00,13.00,1.00,7.00,2.00,1.00,2.00,1.00,2.00,0.00,7.00,4.00,2.00,0.00,0.00,0.00,2.00,2.00,0.00,9.00,0.00,0.00,0.00,0.00,0.00,0.00,0.00,0.00,0.00,0.00,0.00,0.00,0.00,0.00,0.00,1.00,0.00,0.00,0.00,0.00,0.00,0.00,0.00,0.00,0.00,0.00,0.00,0.00,0.00,1.00,0.00,0.00,0.00
1052,3.00,0.00,1.00,9.00,6.00,2.00,0.00,0.00,1.00,1.00,7.00,1.00,0.00,2.00,1.00,3.00,0.00,1.00,0.00,0.00,1.00,0.00,0.00,0.00,0.00,0.00,0.00,2.00,0.00,0.00,0.00,1.00,0.00,1.00,0.00,0.00,0.00,0.00,0.00,0.00,0.00,0.00,0.00,0.00,0.00,0.00,0.00,0.00,0.00,0.00,0.00,0.00,0.00,0.00,0.00,0.00,0.00,28.00,33.00,16.00,3.00,6.00,17.00,11.00,4.00,40.00,33.00,43.00,17.00,2.00,16.00,2.00,2.00,5.00,1.00,2.00,2.00,5.00,1.00,0.00,0.00,0.00,0.00,1.00,6.00,1.00,9.00,0.00,0.00,0.00,0.00,0.00,0.00,0.00,0.00,0.00,0.00,0.00,0.00,0.00,0.00,0.00,0.00,1.00,0.00,0.00,0.00,0.00,1.00,0.00,0.00,0.00,0.00,0.00,1.00,0.00,0.00,0.00,1.00,0.00
1053,1.00,0.00,0.00,13.00,12.00,1.00,0.00,0.00,2.00,0.00,6.00,0.00,2.00,1.00,0.00,1.00,1.00,1.00,0.00,0.00,0.00,0.00,0.00,0.00,0.00,0.00,3.00,0.00,0.00,0.00,0.00,0.00,0.00,0.00,0.00,0.00,0.00,0.00,0.00,0.00,0.00,0.00,0.00,0.00,0.00,0.00,0.00,0.00,0.00,0.00,0.00,0.00,0.00,0.00,0.00,0.00,0.00,9.00,14.00,17.00,4.00,8.00,6.00,9.00,9.00,16.00,17.00,28.00,12.00,3.00,12.00,7.00,2.00,6.00,2.00,1.00,0.00,1.00,1.00,1.00,0.00,0.00,0.00,0.00,7.00,0.00,1.00,2.00,0.00,0.00,1.00,0.00,0.00,0.00,0.00,0.00,0.00,0.00,0.00,0.00,0.00,0.00,0.00,1.00,0.00,0.00,0.00,2.00,0.00,0.00,0.00,0.00,0.00,0.00,0.00,0.00,0.00,0.00,1.00,0.00
1054,1.00,0.00,0.00,8.00,14.00,1.00,0.00,0.00,0.00,0.00,5.00,1.00,1.00,2.00,0.00,4.00,1.00,0.00,0.00,0.00,0.00,0.00,0.00,0.00,0.00,1.00,0.00,2.00,0.00,0.00,0.00,0.00,0.00,0.00,0.00,0.00,0.00,0.00,0.00,0.00,0.00,0.00,2.00,0.00,0.00,0.00,0.00,0.00,0.00,0.00,0.00,0.00,0.00,0.00,0.00,0.00,0.00,6.00,4.00,17.00,16.00,4.00,1.00,2.00,6.00,7.00,3.00,23.00,7.00,3.00,13.00,6.00,1.00,7.00,2.00,2.00,1.00,0.00,0.00,0.00,0.00,0.00,0.00,1.00,4.00,0.00,3.00,0.00,0.00,0.00,0.00,0.00,0.00,0.00,0.00,0.00,0.00,0.00,1.00,0.00,0.00,1.00,0.00,1.00,0.00,0.00,1.00,0.00,0.00,0.00,0.00,0.00,0.00,0.00,0.00,0.00,0.00,0.00,0.00,1.00
1055,4.00,1.00,0.00,33.00,43.00,1.00,1.00,0.00,1.00,0.00,11.00,1.00,2.00,1.00,1.00,8.00,2.00,1.00,0.00,1.00,3.00,0.00,0.00,1.00,0.00,0.00,1.00,0.00,0.00,0.00,0.00,0.00,0.00,0.00,0.00,0.00,0.00,0.00,0.00,0.00,0.00,0.00,0.00,0.00,0.00,0.00,0.00,0.00,0.00,0.00,0.00,0.00,0.00,0.00,0.00,0.00,0.00,12.00,13.00,33.00,23.00,7.00,3.00,0.00,23.00,2.00,2.00,6.00,20.00,12.00,19.00,18.00,10.00,23.00,9.00,6.00,0.00,6.00,0.00,0.00,1.00,0.00,1.00,1.00,6.00,0.00,11.00,0.00,0.00,0.00,1.00,0.00,0.00,0.00,0.00,0.00,0.00,0.00,1.00,0.00,0.00,0.00,0.00,0.00,0.00,0.00,0.00,0.00,0.00,0.00,0.00,0.00,0.00,0.00,0.00,0.00,0.00,0.00,0.00,0.00
1056,1.00,0.00,1.00,45.00,48.00,0.00,1.00,0.00,2.00,0.00,3.00,0.00,1.00,0.00,2.00,2.00,0.00,0.00,0.00,1.00,0.00,0.00,0.00,0.00,0.00,0.00,0.00,1.00,0.00,0.00,0.00,0.00,0.00,0.00,0.00,0.00,0.00,0.00,0.00,0.00,0.00,0.00,0.00,0.00,0.00,0.00,0.00,0.00,0.00,0.00,0.00,0.00,0.00,0.00,0.00,0.00,0.00,1.00,3.00,5.00,4.00,8.00,8.00,17.00,7.00,25.00,16.00,51.00,8.00,10.00,14.00,1.00,8.00,6.00,3.00,3.00,0.00,0.00,0.00,0.00,0.00,0.00,0.00,0.00,0.00,0.00,0.00,0.00,0.00,0.00,0.00,0.00,0.00,0.00,0.00,0.00,0.00,0.00,0.00,0.00,0.00,0.00,0.00,0.00,0.00,0.00,0.00,0.00,0.00,0.00,0.00,0.00,0.00,0.00,0.00,0.00,0.00,0.00,0.00,0.00
1057,5.00,0.00,0.00,38.00,59.00,1.00,1.00,0.00,1.00,1.00,17.00,2.00,6.00,4.00,0.00,12.00,3.00,0.00,1.00,0.00,1.00,1.00,1.00,0.00,2.00,0.00,0.00,2.00,0.00,2.00,2.00,1.00,0.00,0.00,1.00,0.00,0.00,0.00,0.00,1.00,0.00,0.00,0.00,0.00,0.00,0.00,0.00,0.00,0.00,0.00,0.00,0.00,0.00,1.00,0.00,0.00,0.00,21.00,13.00,42.00,64.00,18.00,10.00,1.00,32.00,1.00,1.00,9.00,41.00,22.00,39.00,51.00,13.00,34.00,18.00,7.00,1.00,2.00,1.00,1.00,0.00,2.00,0.00,1.00,6.00,1.00,12.00,0.00,0.00,1.00,0.00,0.00,0.00,0.00,0.00,0.00,2.00,0.00,1.00,0.00,0.00,0.00,1.00,1.00,0.00,1.00,0.00,0.00,0.00,0.00,0.00,0.00,0.00,0.00,0.00,0.00,0.00,0.00,0.00,1.00
1058,6.00,2.00,0.00,31.00,63.00,0.00,0.00,0.00,2.00,3.00,13.00,2.00,1.00,5.00,2.00,16.00,4.00,0.00,0.00,1.00,3.00,0.00,0.00,0.00,0.00,0.00,0.00,1.00,0.00,0.00,0.00,0.00,0.00,0.00,1.00,1.00,0.00,0.00,0.00,0.00,0.00,1.00,1.00,0.00,0.00,0.00,0.00,0.00,0.00,0.00,0.00,0.00,1.00,0.00,0.00,0.00,0.00,17.00,13.00,45.00,38.00,11.00,4.00,2.00,27.00,2.00,1.00,18.00,34.00,15.00,34.00,27.00,13.00,20.00,15.00,10.00,0.00,2.00,1.00,0.00,0.00,0.00,0.00,4.00,7.00,1.00,22.00,0.00,0.00,0.00,1.00,0.00,0.00,1.00,0.00,2.00,3.00,0.00,1.00,1.00,0.00,0.00,2.00,1.00,1.00,0.00,0.00,0.00,0.00,0.00,0.00,0.00,2.00,0.00,0.00,0.00,0.00,0.00,2.00,0.00
1059,14.00,2.00,3.00,151.00,209.00,1.00,1.00,1.00,5.00,1.00,41.00,3.00,4.00,8.00,5.00,33.00,4.00,6.00,5.00,0.00,7.00,0.00,2.00,2.00,3.00,3.00,0.00,2.00,0.00,0.00,0.00,2.00,0.00,0.00,1.00,0.00,0.00,1.00,0.00,0.00,1.00,0.00,2.00,0.00,0.00,1.00,0.00,0.00,0.00,0.00,0.00,0.00,0.00,1.00,0.00,0.00,0.00,29.00,44.00,92.00,133.00,69.00,46.00,4.00,92.00,9.00,17.00,27.00,98.00,66.00,127.00,149.00,31.00,102.00,51.00,37.00,0.00,3.00,2.00,0.00,1.00,2.00,1.00,3.00,23.00,0.00,20.00,0.00,1.00,0.00,1.00,1.00,1.00,0.00,2.00,1.00,2.00,3.00,2.00,0.00,0.00,0.00,1.00,4.00,0.00,1.00,0.00,1.00,0.00,0.00,0.00,0.00,1.00,0.00,0.00,0.00,0.00,1.00,1.00,0.00
1060,4.00,1.00,2.00,19.00,33.00,0.00,0.00,0.00,0.00,2.00,16.00,2.00,1.00,4.00,0.00,23.00,5.00,7.00,4.00,0.00,3.00,0.00,0.00,1.00,0.00,1.00,2.00,1.00,0.00,0.00,0.00,0.00,0.00,0.00,0.00,0.00,0.00,0.00,0.00,0.00,0.00,0.00,0.00,0.00,0.00,0.00,0.00,0.00,0.00,0.00,0.00,0.00,0.00,0.00,0.00,0.00,0.00,4.00,9.00,17.00,14.00,18.00,15.00,21.00,14.00,35.00,37.00,62.00,19.00,7.00,30.00,14.00,5.00,17.00,6.00,5.00,0.00,2.00,1.00,2.00,0.00,2.00,1.00,1.00,4.00,0.00,4.00,1.00,0.00,0.00,0.00,0.00,0.00,0.00,1.00,0.00,0.00,0.00,1.00,0.00,0.00,2.00,0.00,0.00,1.00,1.00,0.00,1.00,0.00,0.00,0.00,0.00,0.00,0.00,0.00,0.00,1.00,0.00,1.00,0.00
1061,3.00,0.00,0.00,41.00,158.00,0.00,0.00,0.00,2.00,0.00,1.00,1.00,0.00,0.00,1.00,1.00,0.00,0.00,0.00,0.00,2.00,0.00,0.00,0.00,0.00,2.00,0.00,0.00,0.00,0.00,0.00,0.00,0.00,0.00,0.00,0.00,0.00,0.00,0.00,0.00,0.00,0.00,0.00,0.00,0.00,0.00,0.00,0.00,0.00,0.00,0.00,0.00,0.00,0.00,0.00,0.00,0.00,0.00,1.00,1.00,3.00,6.00,5.00,7.00,8.00,9.00,10.00,22.00,3.00,32.00,12.00,15.00,22.00,14.00,8.00,5.00,0.00,0.00,0.00,0.00,0.00,0.00,0.00,0.00,0.00,0.00,0.00,0.00,0.00,0.00,0.00,0.00,0.00,0.00,0.00,0.00,0.00,0.00,0.00,0.00,0.00,0.00,0.00,0.00,0.00,0.00,0.00,0.00,0.00,0.00,0.00,1.00,0.00,0.00,0.00,0.00,0.00,0.00,0.00,0.00
1062,14.00,2.00,4.00,47.00,88.00,0.00,1.00,0.00,5.00,1.00,22.00,5.00,4.00,8.00,3.00,38.00,9.00,7.00,3.00,1.00,9.00,3.00,0.00,0.00,0.00,2.00,0.00,2.00,0.00,1.00,0.00,3.00,3.00,1.00,0.00,0.00,0.00,0.00,1.00,1.00,0.00,0.00,0.00,0.00,0.00,0.00,0.00,0.00,0.00,0.00,0.00,0.00,0.00,0.00,0.00,0.00,0.00,8.00,9.00,15.00,23.00,23.00,22.00,15.00,29.00,39.00,27.00,68.00,26.00,21.00,49.00,29.00,14.00,46.00,38.00,19.00,0.00,2.00,0.00,1.00,0.00,4.00,1.00,1.00,2.00,0.00,7.00,0.00,0.00,1.00,0.00,0.00,0.00,0.00,1.00,0.00,1.00,0.00,0.00,1.00,1.00,0.00,1.00,5.00,2.00,1.00,0.00,1.00,2.00,0.00,0.00,0.00,1.00,0.00,0.00,0.00,1.00,0.00,0.00,0.00
1063,3.00,0.00,0.00,19.00,89.00,0.00,0.00,0.00,2.00,0.00,0.00,1.00,0.00,1.00,0.00,0.00,0.00,0.00,0.00,0.00,0.00,0.00,0.00,0.00,0.00,0.00,0.00,0.00,0.00,0.00,0.00,0.00,0.00,0.00,0.00,0.00,0.00,0.00,0.00,0.00,0.00,1.00,0.00,0.00,0.00,0.00,0.00,0.00,0.00,0.00,0.00,0.00,0.00,0.00,0.00,0.00,0.00,2.00,0.00,1.00,4.00,4.00,3.00,8.00,3.00,24.00,15.00,49.00,6.00,14.00,15.00,3.00,11.00,14.00,6.00,4.00,0.00,0.00,0.00,0.00,1.00,0.00,0.00,0.00,0.00,0.00,0.00,0.00,0.00,0.00,0.00,0.00,0.00,0.00,0.00,0.00,0.00,0.00,0.00,0.00,0.00,0.00,0.00,1.00,0.00,0.00,0.00,1.00,0.00,0.00,0.00,0.00,0.00,0.00,0.00,0.00,0.00,0.00,0.00,0.00
1064,8.00,0.00,0.00,27.00,251.00,0.00,0.00,0.00,3.00,0.00,1.00,0.00,1.00,1.00,0.00,1.00,0.00,0.00,0.00,0.00,1.00,0.00,0.00,0.00,0.00,0.00,0.00,0.00,0.00,0.00,0.00,0.00,1.00,0.00,0.00,0.00,0.00,0.00,0.00,0.00,0.00,0.00,0.00,0.00,0.00,0.00,0.00,0.00,0.00,0.00,0.00,0.00,0.00,0.00,0.00,0.00,0.00,1.00,1.00,1.00,1.00,3.00,2.00,3.00,9.00,8.00,7.00,12.00,2.00,23.00,8.00,7.00,22.00,20.00,10.00,5.00,0.00,0.00,0.00,0.00,0.00,0.00,0.00,0.00,0.00,0.00,0.00,0.00,0.00,0.00,0.00,0.00,0.00,0.00,0.00,1.00,1.00,0.00,0.00,0.00,0.00,0.00,0.00,0.00,1.00,1.00,0.00,0.00,0.00,0.00,0.00,0.00,0.00,1.00,0.00,0.00,0.00,0.00,0.00,0.00
1065,10.00,0.00,1.00,13.00,91.00,1.00,0.00,0.00,8.00,1.00,10.00,2.00,2.00,6.00,3.00,15.00,1.00,0.00,2.00,1.00,9.00,3.00,0.00,0.00,1.00,1.00,0.00,0.00,0.00,0.00,0.00,0.00,0.00,0.00,0.00,0.00,0.00,0.00,1.00,0.00,0.00,0.00,0.00,0.00,0.00,0.00,0.00,0.00,0.00,0.00,0.00,0.00,0.00,0.00,0.00,0.00,0.00,1.00,1.00,4.00,5.00,4.00,5.00,8.00,14.00,26.00,21.00,52.00,18.00,16.00,32.00,17.00,21.00,1.00,15.00,47.00,0.00,0.00,0.00,0.00,0.00,0.00,0.00,1.00,0.00,1.00,1.00,1.00,0.00,0.00,1.00,1.00,0.00,0.00,0.00,1.00,1.00,1.00,0.00,1.00,1.00,0.00,1.00,1.00,0.00,4.00,0.00,0.00,0.00,0.00,0.00,0.00,2.00,0.00,0.00,0.00,1.00,0.00,0.00,0.00
1066,14.00,0.00,2.00,14.00,79.00,0.00,0.00,0.00,14.00,0.00,10.00,1.00,0.00,4.00,0.00,10.00,2.00,1.00,2.00,0.00,8.00,0.00,0.00,1.00,3.00,1.00,0.00,1.00,0.00,0.00,0.00,0.00,0.00,0.00,0.00,0.00,0.00,0.00,1.00,0.00,0.00,0.00,1.00,0.00,0.00,0.00,0.00,0.00,0.00,0.00,1.00,1.00,0.00,0.00,0.00,0.00,0.00,1.00,1.00,0.00,1.00,2.00,6.00,6.00,2.00,12.00,7.00,25.00,9.00,10.00,23.00,7.00,16.00,27.00,10.00,18.00,0.00,0.00,1.00,1.00,1.00,0.00,0.00,1.00,2.00,0.00,1.00,0.00,0.00,0.00,0.00,0.00,0.00,0.00,0.00,1.00,2.00,1.00,0.00,0.00,0.00,1.00,0.00,0.00,1.00,1.00,0.00,0.00,1.00,0.00,0.00,0.00,0.00,0.00,0.00,0.00,1.00,0.00,0.00,0.00
1067,25.00,2.00,0.00,9.00,58.00,3.00,1.00,0.00,100.00,0.00,4.00,0.00,4.00,4.00,1.00,15.00,6.00,5.00,7.00,3.00,36.00,0.00,4.00,15.00,14.00,13.00,1.00,1.00,0.00,0.00,0.00,0.00,1.00,0.00,0.00,0.00,0.00,0.00,0.00,0.00,0.00,0.00,0.00,0.00,0.00,0.00,0.00,0.00,0.00,0.00,1.00,0.00,0.00,0.00,0.00,0.00,0.00,0.00,0.00,3.00,1.00,2.00,1.00,5.00,2.00,5.00,7.00,18.00,5.00,3.00,16.00,4.00,5.00,42.00,13.00,17.00,0.00,0.00,0.00,1.00,0.00,1.00,0.00,0.00,0.00,1.00,0.00,0.00,0.00,0.00,0.00,0.00,0.00,0.00,0.00,1.00,2.00,0.00,0.00,0.00,0.00,2.00,1.00,1.00,0.00,0.00,1.00,0.00,2.00,1.00,1.00,0.00,2.00,0.00,0.00,1.00,2.00,0.00,1.00,0.00
1068,5.00,0.00,0.00,2.00,5.00,0.00,0.00,1.00,1.00,0.00,0.00,0.00,1.00,2.00,0.00,1.00,0.00,0.00,0.00,2.00,1.00,1.00,0.00,0.00,0.00,1.00,23.00,4.00,2.00,4.00,0.00,0.00,0.00,3.00,2.00,1.00,0.00,0.00,3.00,1.00,2.00,0.00,1.00,0.00,0.00,1.00,1.00,0.00,0.00,1.00,1.00,0.00,1.00,0.00,0.00,0.00,0.00,1.00,3.00,3.00,0.00,2.00,0.00,0.00,0.00,0.00,0.00,1.00,1.00,0.00,0.00,0.00,0.00,0.00,0.00,0.00,1.00,16.00,43.00,39.00,11.00,22.00,11.00,9.00,5.00,26.00,5.00,9.00,1.00,2.00,1.00,0.00,1.00,0.00,0.00,0.00,5.00,0.00,3.00,3.00,0.00,2.00,0.00,0.00,1.00,1.00,1.00,1.00,2.00,0.00,0.00,0.00,0.00,0.00,0.00,0.00,0.00,0.00,2.00,0.00
1069,8.00,1.00,1.00,9.00,5.00,0.00,0.00,0.00,0.00,6.00,9.00,2.00,1.00,3.00,1.00,4.00,1.00,1.00,2.00,0.00,1.00,0.00,0.00,1.00,0.00,0.00,1.00,9.00,1.00,1.00,1.00,0.00,3.00,0.00,0.00,1.00,0.00,1.00,1.00,0.00,1.00,1.00,0.00,0.00,0.00,1.00,1.00,0.00,0.00,0.00,0.00,0.00,0.00,0.00,0.00,0.00,0.00,9.00,42.00,8.00,5.00,2.00,1.00,1.00,0.00,1.00,2.00,2.00,2.00,0.00,1.00,0.00,0.00,0.00,0.00,1.00,10.00,9.00,10.00,27.00,6.00,16.00,3.00,22.00,18.00,3.00,63.00,1.00,0.00,2.00,2.00,0.00,1.00,0.00,1.00,0.00,1.00,0.00,1.00,1.00,0.00,0.00,0.00,1.00,1.00,0.00,0.00,1.00,0.00,0.00,1.00,0.00,0.00,0.00,0.00,1.00,1.00,0.00,2.00,0.00
1070,7.00,0.00,0.00,6.00,7.00,1.00,2.00,1.00,1.00,1.00,2.00,0.00,2.00,3.00,2.00,0.00,0.00,1.00,0.00,1.00,0.00,1.00,1.00,0.00,0.00,1.00,37.00,7.00,1.00,14.00,4.00,3.00,2.00,1.00,2.00,2.00,3.00,2.00,2.00,1.00,0.00,2.00,0.00,2.00,1.00,2.00,2.00,2.00,0.00,0.00,0.00,2.00,1.00,0.00,0.00,1.00,1.00,2.00,4.00,0.00,0.00,0.00,0.00,1.00,0.00,0.00,0.00,1.00,0.00,1.00,0.00,0.00,0.00,1.00,1.00,0.00,51.00,5.00,0.00,42.00,13.00,35.00,46.00,12.00,5.00,82.00,5.00,16.00,4.00,4.00,7.00,5.00,5.00,0.00,2.00,2.00,5.00,1.00,4.00,4.00,0.00,2.00,3.00,3.00,0.00,2.00,1.00,1.00,0.00,1.00,1.00,0.00,1.00,0.00,0.00,0.00,0.00,0.00,5.00,1.00
1071,5.00,1.00,2.00,5.00,3.00,3.00,1.00,1.00,0.00,8.00,8.00,5.00,3.00,7.00,1.00,0.00,1.00,1.00,1.00,0.00,0.00,0.00,0.00,0.00,0.00,0.00,21.00,21.00,2.00,6.00,4.00,5.00,3.00,1.00,2.00,0.00,2.00,1.00,1.00,1.00,1.00,2.00,0.00,0.00,0.00,2.00,0.00,0.00,1.00,1.00,0.00,0.00,0.00,0.00,0.00,0.00,0.00,3.00,20.00,7.00,1.00,1.00,0.00,2.00,0.00,0.00,1.00,2.00,3.00,1.00,0.00,0.00,1.00,0.00,0.00,0.00,65.00,35.00,62.00,4.00,42.00,23.00,17.00,30.00,56.00,22.00,48.00,8.00,1.00,1.00,2.00,2.00,1.00,0.00,1.00,2.00,4.00,0.00,1.00,2.00,0.00,3.00,2.00,3.00,0.00,1.00,1.00,1.00,0.00,0.00,1.00,1.00,1.00,1.00,1.00,0.00,0.00,0.00,2.00,0.00
1072,1.00,1.00,0.00,1.00,1.00,0.00,0.00,0.00,0.00,2.00,1.00,1.00,1.00,0.00,1.00,0.00,0.00,1.00,0.00,0.00,0.00,0.00,0.00,0.00,0.00,0.00,15.00,7.00,0.00,6.00,0.00,2.00,0.00,2.00,0.00,0.00,3.00,1.00,2.00,1.00,0.00,0.00,1.00,0.00,0.00,1.00,0.00,0.00,0.00,0.00,0.00,2.00,0.00,0.00,0.00,0.00,0.00,0.00,1.00,1.00,0.00,1.00,0.00,0.00,0.00,0.00,0.00,1.00,0.00,0.00,0.00,0.00,0.00,1.00,0.00,0.00,9.00,4.00,12.00,24.00,9.00,23.00,18.00,3.00,1.00,20.00,3.00,13.00,4.00,1.00,3.00,0.00,0.00,1.00,1.00,1.00,3.00,0.00,3.00,1.00,0.00,1.00,1.00,2.00,0.00,0.00,0.00,1.00,1.00,0.00,0.00,0.00,0.00,0.00,0.00,0.00,0.00,1.00,6.00,1.00
1073,4.00,0.00,1.00,3.00,3.00,0.00,1.00,2.00,0.00,4.00,1.00,3.00,0.00,2.00,2.00,1.00,0.00,0.00,0.00,3.00,1.00,0.00,0.00,0.00,0.00,0.00,17.00,16.00,4.00,8.00,1.00,1.00,4.00,3.00,6.00,3.00,2.00,1.00,3.00,2.00,0.00,1.00,2.00,1.00,1.00,0.00,0.00,0.00,1.00,0.00,0.00,0.00,1.00,0.00,1.00,1.00,0.00,0.00,1.00,1.00,1.00,0.00,0.00,0.00,0.00,0.00,0.00,0.00,0.00,0.00,0.00,0.00,0.00,0.00,0.00,1.00,16.00,15.00,38.00,11.00,22.00,14.00,9.00,15.00,9.00,9.00,12.00,10.00,1.00,5.00,10.00,4.00,3.00,1.00,1.00,1.00,12.00,0.00,1.00,1.00,0.00,0.00,4.00,4.00,0.00,1.00,0.00,1.00,0.00,0.00,0.00,0.00,3.00,0.00,0.00,0.00,1.00,1.00,6.00,1.00
1074,4.00,1.00,1.00,0.00,2.00,2.00,2.00,4.00,0.00,0.00,1.00,0.00,1.00,0.00,0.00,0.00,0.00,0.00,0.00,0.00,0.00,0.00,0.00,0.00,0.00,0.00,10.00,2.00,5.00,4.00,2.00,1.00,0.00,3.00,1.00,0.00,3.00,3.00,3.00,1.00,0.00,0.00,2.00,3.00,3.00,2.00,2.00,0.00,1.00,0.00,3.00,2.00,2.00,0.00,1.00,0.00,0.00,1.00,0.00,0.00,1.00,0.00,0.00,0.00,0.00,0.00,0.00,0.00,0.00,0.00,0.00,0.00,0.00,0.00,0.00,0.00,8.00,3.00,29.00,3.00,12.00,8.00,6.00,1.00,0.00,5.00,0.00,14.00,12.00,6.00,5.00,1.00,2.00,4.00,1.00,1.00,5.00,0.00,1.00,1.00,0.00,2.00,1.00,0.00,0.00,0.00,0.00,0.00,2.00,2.00,1.00,0.00,2.00,0.00,1.00,0.00,2.00,0.00,2.00,1.00
1075,3.00,2.00,0.00,3.00,0.00,0.00,0.00,0.00,0.00,8.00,6.00,4.00,4.00,10.00,6.00,1.00,2.00,1.00,0.00,0.00,0.00,1.00,0.00,0.00,0.00,0.00,8.00,12.00,1.00,6.00,0.00,4.00,4.00,1.00,1.00,0.00,2.00,0.00,1.00,0.00,0.00,1.00,1.00,0.00,0.00,0.00,0.00,0.00,0.00,1.00,1.00,0.00,0.00,0.00,0.00,1.00,0.00,3.00,4.00,2.00,1.00,3.00,0.00,1.00,1.00,1.00,3.00,1.00,1.00,0.00,1.00,0.00,0.00,0.00,1.00,0.00,7.00,10.00,9.00,13.00,4.00,15.00,1.00,7.00,16.00,6.00,29.00,1.00,1.00,0.00,4.00,1.00,0.00,1.00,2.00,0.00,6.00,1.00,2.00,2.00,1.00,2.00,0.00,6.00,1.00,1.00,0.00,0.00,2.00,1.00,1.00,0.00,0.00,0.00,0.00,0.00,0.00,0.00,3.00,0.00
1076,5.00,1.00,0.00,5.00,7.00,1.00,1.00,1.00,1.00,11.00,13.00,3.00,5.00,12.00,4.00,5.00,2.00,0.00,0.00,0.00,0.00,0.00,0.00,0.00,0.00,0.00,2.00,9.00,0.00,1.00,0.00,1.00,1.00,0.00,1.00,1.00,0.00,2.00,2.00,0.00,0.00,1.00,2.00,0.00,0.00,0.00,2.00,1.00,0.00,0.00,0.00,0.00,0.00,0.00,0.00,0.00,0.00,7.00,46.00,10.00,7.00,2.00,5.00,3.00,1.00,3.00,3.00,11.00,7.00,1.00,5.00,1.00,0.00,0.00,0.00,3.00,5.00,16.00,6.00,23.00,2.00,7.00,1.00,17.00,16.00,3.00,38.00,0.00,0.00,0.00,3.00,0.00,2.00,1.00,1.00,1.00,1.00,2.00,0.00,0.00,1.00,2.00,2.00,0.00,1.00,1.00,0.00,1.00,0.00,1.00,0.00,0.00,0.00,0.00,0.00,0.00,0.00,0.00,1.00,0.00
1077,6.00,2.00,1.00,3.00,1.00,1.00,1.00,4.00,1.00,1.00,0.00,0.00,1.00,1.00,1.00,1.00,0.00,0.00,0.00,0.00,0.00,0.00,2.00,0.00,0.00,1.00,26.00,8.00,20.00,18.00,11.00,3.00,2.00,18.00,10.00,4.00,6.00,4.00,10.00,3.00,2.00,2.00,6.00,2.00,8.00,11.00,5.00,1.00,3.00,2.00,6.00,1.00,3.00,1.00,0.00,0.00,1.00,0.00,0.00,0.00,0.00,0.00,0.00,0.00,0.00,0.00,0.00,0.00,0.00,0.00,0.00,0.00,0.00,0.00,0.00,0.00,14.00,0.00,53.00,7.00,28.00,15.00,7.00,7.00,0.00,5.00,1.00,38.00,49.00,42.00,15.00,7.00,4.00,6.00,2.00,3.00,17.00,3.00,5.00,3.00,2.00,3.00,5.00,2.00,0.00,1.00,1.00,2.00,0.00,2.00,2.00,1.00,0.00,0.00,1.00,0.00,1.00,1.00,12.00,1.00
1078,7.00,0.00,2.00,7.00,16.00,1.00,1.00,4.00,0.00,31.00,31.00,19.00,16.00,40.00,12.00,10.00,4.00,2.00,0.00,3.00,2.00,0.00,1.00,0.00,2.00,1.00,2.00,38.00,0.00,3.00,1.00,14.00,6.00,1.00,1.00,3.00,2.00,1.00,3.00,0.00,0.00,2.00,2.00,1.00,1.00,0.00,1.00,0.00,0.00,1.00,0.00,0.00,0.00,1.00,0.00,0.00,0.00,4.00,80.00,8.00,7.00,3.00,6.00,5.00,1.00,10.00,6.00,9.00,12.00,0.00,9.00,1.00,0.00,2.00,1.00,2.00,12.00,68.00,2.00,43.00,5.00,32.00,2.00,46.00,28.00,4.00,0.00,1.00,0.00,1.00,5.00,4.00,3.00,1.00,3.00,3.00,8.00,4.00,3.00,3.00,3.00,1.00,5.00,7.00,0.00,6.00,1.00,1.00,3.00,1.00,1.00,0.00,1.00,1.00,0.00,0.00,0.00,0.00,6.00,2.00
1079,3.00,1.00,0.00,1.00,1.00,0.00,8.00,4.00,0.00,3.00,1.00,1.00,2.00,2.00,1.00,1.00,0.00,0.00,0.00,0.00,0.00,0.00,0.00,0.00,0.00,0.00,15.00,5.00,7.00,10.00,10.00,3.00,3.00,11.00,9.00,3.00,6.00,6.00,21.00,11.00,3.00,3.00,3.00,3.00,4.00,10.00,4.00,2.00,2.00,1.00,2.00,2.00,0.00,4.00,0.00,1.00,2.00,0.00,0.00,0.00,0.00,0.00,0.00,0.00,1.00,0.00,0.00,0.00,0.00,0.00,1.00,0.00,0.00,0.00,0.00,0.00,10.00,2.00,21.00,5.00,17.00,9.00,18.00,3.00,1.00,35.00,0.00,19.00,11.00,18.00,20.00,10.00,6.00,4.00,5.00,8.00,19.00,5.00,3.00,2.00,1.00,2.00,4.00,3.00,1.00,1.00,1.00,2.00,3.00,3.00,0.00,0.00,2.00,2.00,0.00,0.00,0.00,0.00,11.00,5.00
1080,4.00,0.00,0.00,1.00,2.00,0.00,0.00,3.00,0.00,2.00,2.00,0.00,0.00,0.00,0.00,0.00,0.00,1.00,0.00,2.00,0.00,1.00,0.00,0.00,0.00,0.00,5.00,4.00,7.00,4.00,3.00,1.00,1.00,13.00,3.00,2.00,3.00,4.00,8.00,11.00,1.00,0.00,4.00,8.00,16.00,23.00,5.00,4.00,7.00,5.00,11.00,3.00,4.00,3.00,0.00,1.00,3.00,0.00,0.00,1.00,0.00,0.00,0.00,0.00,0.00,0.00,0.00,0.00,0.00,0.00,0.00,0.00,0.00,0.00,0.00,0.00,1.00,1.00,5.00,1.00,2.00,2.00,11.00,0.00,1.00,39.00,0.00,13.00,12.00,31.00,5.00,2.00,5.00,3.00,2.00,1.00,3.00,1.00,2.00,1.00,0.00,3.00,1.00,3.00,3.00,0.00,0.00,1.00,0.00,2.00,0.00,1.00,1.00,0.00,0.00,0.00,0.00,0.00,6.00,3.00
1081,8.00,0.00,1.00,2.00,2.00,1.00,3.00,7.00,2.00,1.00,0.00,1.00,1.00,1.00,0.00,1.00,1.00,1.00,1.00,1.00,0.00,0.00,0.00,0.00,0.00,0.00,5.00,4.00,12.00,8.00,6.00,4.00,4.00,10.00,8.00,3.00,2.00,5.00,14.00,14.00,3.00,10.00,9.00,12.00,18.00,14.00,15.00,9.00,10.00,7.00,12.00,5.00,2.00,3.00,3.00,3.00,4.00,0.00,0.00,0.00,1.00,1.00,0.00,0.00,0.00,0.00,0.00,1.00,0.00,0.00,0.00,0.00,0.00,0.00,0.00,0.00,5.00,1.00,6.00,2.00,3.00,3.00,15.00,1.00,0.00,43.00,2.00,20.00,26.00,22.00,10.00,5.00,8.00,8.00,3.00,3.00,17.00,1.00,3.00,4.00,1.00,3.00,5.00,4.00,1.00,1.00,0.00,3.00,3.00,3.00,5.00,3.00,3.00,1.00,0.00,1.00,0.00,3.00,8.00,2.00
1082,26.00,3.00,7.00,3.00,8.00,2.00,25.00,23.00,2.00,14.00,4.00,8.00,11.00,21.00,7.00,2.00,2.00,4.00,5.00,18.00,2.00,3.00,2.00,0.00,3.00,1.00,68.00,49.00,36.00,65.00,18.00,65.00,39.00,54.00,8.00,16.00,4.00,13.00,24.00,41.00,48.00,30.00,32.00,14.00,8.00,9.00,4.00,3.00,2.00,9.00,6.00,3.00,5.00,4.00,5.00,2.00,1.00,1.00,1.00,1.00,2.00,0.00,0.00,0.00,1.00,0.00,0.00,1.00,2.00,0.00,0.00,2.00,0.00,0.00,0.00,0.00,7.00,2.00,13.00,7.00,9.00,41.00,11.00,22.00,3.00,72.00,7.00,46.00,12.00,39.00,23.00,12.00,15.00,39.00,32.00,23.00,45.00,21.00,44.00,29.00,22.00,46.00,47.00,41.00,23.00,9.00,14.00,29.00,26.00,25.00,25.00,5.00,16.00,13.00,3.00,7.00,4.00,5.00,39.00,27.00
1083,14.00,2.00,0.00,2.00,3.00,1.00,11.00,10.00,1.00,5.00,3.00,3.00,2.00,11.00,8.00,3.00,3.00,2.00,2.00,11.00,0.00,2.00,0.00,2.00,0.00,1.00,18.00,12.00,11.00,28.00,10.00,33.00,21.00,14.00,8.00,8.00,1.00,11.00,25.00,11.00,19.00,15.00,13.00,5.00,4.00,0.00,1.00,3.00,3.00,0.00,1.00,1.00,3.00,1.00,2.00,3.00,0.00,0.00,3.00,1.00,0.00,0.00,0.00,0.00,0.00,0.00,0.00,1.00,0.00,0.00,0.00,0.00,0.00,2.00,1.00,0.00,2.00,0.00,3.00,0.00,5.00,6.00,2.00,3.00,2.00,14.00,1.00,8.00,1.00,7.00,7.00,2.00,3.00,28.00,19.00,11.00,12.00,3.00,18.00,6.00,7.00,22.00,21.00,28.00,11.00,5.00,5.00,17.00,13.00,9.00,14.00,2.00,12.00,8.00,6.00,1.00,1.00,3.00,12.00,4.00
1084,11.00,0.00,0.00,1.00,2.00,1.00,5.00,5.00,0.00,2.00,1.00,1.00,0.00,5.00,7.00,1.00,1.00,2.00,2.00,3.00,1.00,1.00,2.00,0.00,0.00,0.00,10.00,8.00,9.00,11.00,7.00,11.00,10.00,16.00,5.00,8.00,4.00,8.00,5.00,8.00,4.00,9.00,7.00,3.00,3.00,1.00,1.00,0.00,1.00,4.00,3.00,1.00,0.00,1.00,0.00,0.00,2.00,0.00,1.00,0.00,0.00,0.00,0.00,0.00,0.00,0.00,0.00,0.00,1.00,0.00,1.00,0.00,0.00,0.00,0.00,0.00,1.00,1.00,5.00,3.00,1.00,4.00,3.00,3.00,0.00,3.00,2.00,10.00,4.00,6.00,7.00,3.00,0.00,0.00,14.00,12.00,4.00,3.00,14.00,5.00,9.00,8.00,16.00,13.00,7.00,3.00,3.00,12.00,8.00,11.00,15.00,3.00,6.00,6.00,2.00,4.00,1.00,1.00,1.00,0.00
1085,6.00,0.00,0.00,2.00,1.00,0.00,3.00,7.00,2.00,3.00,0.00,1.00,1.00,3.00,1.00,0.00,2.00,0.00,1.00,3.00,0.00,0.00,2.00,0.00,2.00,0.00,5.00,4.00,6.00,8.00,8.00,11.00,5.00,19.00,6.00,10.00,10.00,3.00,1.00,19.00,2.00,4.00,23.00,8.00,1.00,2.00,2.00,0.00,4.00,2.00,2.00,0.00,1.00,1.00,0.00,0.00,1.00,0.00,0.00,0.00,0.00,0.00,0.00,0.00,0.00,0.00,0.00,0.00,0.00,0.00,1.00,0.00,0.00,0.00,0.00,0.00,0.00,1.00,2.00,2.00,0.00,4.00,3.00,2.00,0.00,1.00,1.00,9.00,3.00,11.00,15.00,14.00,1.00,0.00,10.00,9.00,11.00,3.00,14.00,5.00,5.00,8.00,16.00,7.00,7.00,4.00,2.00,13.00,8.00,8.00,12.00,2.00,8.00,3.00,0.00,1.00,1.00,1.00,2.00,0.00
1086,15.00,1.00,0.00,1.00,1.00,1.00,6.00,3.00,0.00,9.00,3.00,10.00,4.00,20.00,13.00,4.00,6.00,5.00,8.00,13.00,1.00,6.00,1.00,0.00,0.00,0.00,7.00,8.00,7.00,12.00,3.00,11.00,6.00,9.00,7.00,8.00,8.00,6.00,14.00,6.00,8.00,9.00,11.00,3.00,0.00,2.00,1.00,0.00,1.00,0.00,1.00,0.00,0.00,1.00,1.00,0.00,1.00,0.00,0.00,0.00,0.00,0.00,0.00,1.00,0.00,1.00,0.00,1.00,0.00,1.00,1.00,0.00,0.00,1.00,0.00,0.00,1.00,5.00,4.00,0.00,0.00,3.00,1.00,3.00,0.00,7.00,1.00,3.00,0.00,2.00,27.00,18.00,15.00,16.00,0.00,6.00,78.00,11.00,3.00,22.00,2.00,16.00,3.00,15.00,1.00,16.00,14.00,15.00,29.00,10.00,19.00,3.00,15.00,5.00,4.00,2.00,2.00,1.00,31.00,11.00
1087,14.00,3.00,1.00,5.00,6.00,2.00,8.00,3.00,1.00,4.00,3.00,5.00,3.00,7.00,7.00,0.00,1.00,4.00,3.00,7.00,1.00,1.00,5.00,1.00,1.00,1.00,6.00,12.00,5.00,9.00,6.00,18.00,8.00,11.00,9.00,8.00,6.00,9.00,13.00,6.00,4.00,8.00,9.00,3.00,3.00,1.00,1.00,1.00,3.00,1.00,2.00,1.00,1.00,1.00,2.00,1.00,1.00,0.00,1.00,0.00,0.00,1.00,0.00,0.00,1.00,0.00,0.00,0.00,0.00,1.00,0.00,0.00,1.00,0.00,0.00,1.00,2.00,1.00,1.00,4.00,1.00,4.00,0.00,4.00,2.00,2.00,1.00,11.00,2.00,3.00,20.00,14.00,18.00,14.00,4.00,11.00,50.00,9.00,6.00,33.00,2.00,15.00,11.00,21.00,5.00,7.00,7.00,12.00,19.00,7.00,18.00,1.00,7.00,4.00,2.00,2.00,3.00,1.00,32.00,12.00
1088,75.00,4.00,2.00,7.00,17.00,4.00,121.00,72.00,6.00,36.00,10.00,27.00,18.00,51.00,34.00,9.00,10.00,11.00,26.00,41.00,6.00,23.00,10.00,7.00,9.00,5.00,72.00,88.00,70.00,102.00,57.00,143.00,72.00,133.00,72.00,63.00,33.00,51.00,75.00,109.00,39.00,70.00,105.00,39.00,14.00,24.00,15.00,9.00,19.00,20.00,16.00,13.00,15.00,11.00,13.00,8.00,17.00,1.00,4.00,3.00,1.00,2.00,1.00,1.00,0.00,1.00,4.00,2.00,3.00,1.00,1.00,0.00,0.00,2.00,0.00,3.00,17.00,7.00,22.00,12.00,17.00,45.00,22.00,21.00,6.00,46.00,12.00,54.00,20.00,54.00,58.00,15.00,3.00,25.00,160.00,60.00,7.00,8.00,98.00,4.00,26.00,13.00,178.00,151.00,85.00,42.00,53.00,150.00,117.00,112.00,157.00,18.00,102.00,38.00,18.00,21.00,16.00,9.00,2.00,3.00
1089,8.00,0.00,0.00,0.00,2.00,0.00,3.00,3.00,0.00,2.00,1.00,1.00,2.00,3.00,2.00,0.00,2.00,1.00,2.00,6.00,0.00,1.00,0.00,1.00,0.00,0.00,7.00,5.00,4.00,6.00,3.00,8.00,7.00,8.00,3.00,3.00,3.00,3.00,8.00,4.00,5.00,9.00,5.00,2.00,1.00,0.00,1.00,0.00,0.00,0.00,0.00,2.00,1.00,0.00,2.00,0.00,1.00,0.00,0.00,0.00,0.00,0.00,0.00,0.00,1.00,0.00,0.00,0.00,0.00,0.00,0.00,1.00,0.00,0.00,1.00,1.00,0.00,0.00,1.00,2.00,1.00,4.00,1.00,1.00,1.00,2.00,1.00,3.00,1.00,3.00,10.00,2.00,3.00,7.00,9.00,7.00,10.00,3.00,6.00,3.00,3.00,5.00,11.00,12.00,6.00,6.00,4.00,10.00,7.00,4.00,8.00,0.00,5.00,1.00,1.00,1.00,2.00,0.00,4.00,4.00
1090,23.00,2.00,1.00,2.00,9.00,2.00,21.00,10.00,3.00,8.00,3.00,8.00,4.00,15.00,9.00,1.00,2.00,7.00,5.00,13.00,0.00,4.00,4.00,2.00,3.00,2.00,14.00,13.00,8.00,18.00,12.00,20.00,10.00,13.00,11.00,11.00,13.00,10.00,16.00,11.00,13.00,11.00,14.00,6.00,2.00,1.00,5.00,2.00,1.00,2.00,3.00,1.00,2.00,3.00,3.00,2.00,1.00,0.00,1.00,1.00,1.00,0.00,0.00,0.00,0.00,0.00,1.00,1.00,0.00,0.00,2.00,1.00,0.00,0.00,1.00,2.00,2.00,2.00,5.00,2.00,3.00,4.00,5.00,8.00,1.00,12.00,3.00,13.00,6.00,8.00,36.00,25.00,26.00,17.00,2.00,9.00,89.00,12.00,3.00,33.00,4.00,19.00,6.00,24.00,2.00,15.00,21.00,26.00,39.00,18.00,26.00,2.00,24.00,9.00,5.00,6.00,7.00,0.00,57.00,21.00
1091,15.00,3.00,1.00,1.00,3.00,1.00,25.00,13.00,3.00,8.00,3.00,11.00,8.00,15.00,9.00,2.00,5.00,7.00,13.00,10.00,2.00,7.00,5.00,1.00,1.00,2.00,8.00,22.00,13.00,18.00,10.00,21.00,14.00,19.00,13.00,16.00,15.00,11.00,12.00,24.00,9.00,11.00,21.00,7.00,4.00,5.00,3.00,2.00,2.00,3.00,4.00,4.00,3.00,1.00,4.00,1.00,0.00,1.00,2.00,0.00,0.00,0.00,0.00,0.00,0.00,1.00,0.00,1.00,0.00,0.00,0.00,0.00,0.00,0.00,0.00,2.00,3.00,0.00,2.00,2.00,2.00,11.00,4.00,5.00,1.00,11.00,3.00,9.00,7.00,13.00,27.00,9.00,3.00,8.00,32.00,18.00,3.00,3.00,22.00,0.00,3.00,1.00,34.00,27.00,15.00,11.00,14.00,37.00,28.00,26.00,32.00,7.00,25.00,15.00,5.00,7.00,9.00,1.00,2.00,1.00
1092,8.00,1.00,1.00,0.00,2.00,2.00,7.00,2.00,0.00,2.00,0.00,3.00,2.00,2.00,2.00,1.00,3.00,0.00,2.00,4.00,0.00,2.00,0.00,0.00,0.00,0.00,2.00,5.00,2.00,4.00,0.00,7.00,4.00,3.00,4.00,8.00,4.00,5.00,6.00,4.00,5.00,5.00,4.00,1.00,0.00,0.00,0.00,0.00,1.00,0.00,0.00,0.00,0.00,0.00,0.00,0.00,1.00,0.00,0.00,1.00,0.00,0.00,0.00,0.00,0.00,0.00,0.00,0.00,0.00,0.00,0.00,0.00,0.00,0.00,0.00,0.00,0.00,0.00,1.00,0.00,1.00,2.00,1.00,1.00,0.00,2.00,0.00,2.00,2.00,2.00,16.00,7.00,7.00,10.00,3.00,3.00,25.00,2.00,2.00,7.00,1.00,4.00,6.00,20.00,2.00,5.00,7.00,16.00,16.00,5.00,15.00,1.00,11.00,6.00,1.00,2.00,1.00,0.00,16.00,6.00
1093,21.00,2.00,0.00,2.00,1.00,1.00,28.00,15.00,0.00,6.00,7.00,7.00,9.00,18.00,8.00,2.00,5.00,5.00,11.00,17.00,0.00,6.00,4.00,0.00,0.00,1.00,10.00,21.00,9.00,15.00,10.00,27.00,14.00,23.00,16.00,18.00,23.00,17.00,18.00,21.00,16.00,14.00,20.00,11.00,2.00,2.00,3.00,2.00,1.00,4.00,3.00,7.00,2.00,2.00,2.00,2.00,0.00,0.00,1.00,0.00,0.00,1.00,0.00,0.00,0.00,0.00,0.00,0.00,1.00,0.00,0.00,0.00,0.00,0.00,0.00,0.00,0.00,1.00,4.00,0.00,2.00,3.00,2.00,4.00,0.00,8.00,2.00,8.00,3.00,9.00,44.00,18.00,9.00,14.00,23.00,19.00,6.00,4.00,11.00,4.00,4.00,2.00,44.00,33.00,18.00,13.00,18.00,39.00,33.00,29.00,60.00,5.00,38.00,25.00,9.00,5.00,10.00,2.00,5.00,2.00
1094,9.00,0.00,0.00,0.00,3.00,0.00,7.00,4.00,1.00,11.00,3.00,5.00,2.00,13.00,7.00,2.00,4.00,4.00,5.00,9.00,2.00,1.00,1.00,0.00,0.00,0.00,7.00,16.00,8.00,10.00,11.00,6.00,5.00,9.00,8.00,6.00,11.00,5.00,14.00,13.00,10.00,16.00,8.00,0.00,0.00,2.00,2.00,2.00,3.00,2.00,1.00,0.00,0.00,0.00,1.00,2.00,0.00,0.00,0.00,0.00,0.00,0.00,2.00,2.00,0.00,0.00,0.00,1.00,0.00,0.00,2.00,0.00,0.00,0.00,0.00,0.00,0.00,0.00,1.00,1.00,2.00,2.00,3.00,3.00,1.00,5.00,6.00,6.00,1.00,5.00,27.00,19.00,11.00,19.00,6.00,16.00,65.00,13.00,5.00,20.00,5.00,17.00,10.00,22.00,8.00,14.00,6.00,20.00,23.00,12.00,13.00,1.00,11.00,3.00,2.00,1.00,1.00,2.00,33.00,5.00
1095,32.00,1.00,4.00,5.00,9.00,1.00,32.00,13.00,4.00,24.00,9.00,27.00,15.00,40.00,29.00,8.00,18.00,14.00,15.00,41.00,1.00,13.00,4.00,0.00,4.00,0.00,8.00,37.00,11.00,25.00,9.00,44.00,12.00,27.00,17.00,17.00,21.00,8.00,18.00,10.00,15.00,16.00,11.00,8.00,5.00,3.00,3.00,1.00,1.00,2.00,3.00,1.00,4.00,2.00,3.00,0.00,3.00,0.00,2.00,2.00,1.00,1.00,0.00,1.00,1.00,0.00,1.00,4.00,1.00,0.00,1.00,1.00,0.00,0.00,2.00,2.00,3.00,2.00,2.00,3.00,1.00,10.00,3.00,7.00,4.00,10.00,6.00,10.00,3.00,6.00,30.00,28.00,33.00,18.00,14.00,34.00,92.00,35.00,16.00,59.00,14.00,28.00,30.00,47.00,8.00,34.00,39.00,42.00,73.00,27.00,47.00,6.00,44.00,16.00,6.00,8.00,8.00,5.00,50.00,20.00
1096,7.00,0.00,0.00,1.00,2.00,0.00,5.00,2.00,2.00,2.00,2.00,1.00,1.00,4.00,2.00,0.00,1.00,2.00,3.00,7.00,0.00,2.00,1.00,0.00,0.00,0.00,3.00,3.00,1.00,1.00,1.00,2.00,4.00,3.00,5.00,7.00,2.00,1.00,1.00,2.00,5.00,5.00,4.00,2.00,0.00,0.00,1.00,1.00,0.00,0.00,0.00,0.00,1.00,0.00,1.00,0.00,0.00,0.00,0.00,0.00,0.00,0.00,1.00,0.00,0.00,0.00,0.00,0.00,0.00,0.00,1.00,0.00,0.00,0.00,0.00,0.00,0.00,1.00,0.00,0.00,0.00,0.00,0.00,0.00,0.00,3.00,1.00,0.00,1.00,0.00,6.00,7.00,2.00,1.00,1.00,5.00,25.00,3.00,1.00,10.00,1.00,11.00,6.00,9.00,0.00,3.00,16.00,7.00,15.00,4.00,7.00,1.00,9.00,4.00,1.00,1.00,1.00,0.00,8.00,4.00
1097,18.00,2.00,0.00,2.00,3.00,0.00,2.00,0.00,1.00,8.00,11.00,16.00,16.00,38.00,6.00,3.00,11.00,19.00,17.00,23.00,2.00,9.00,3.00,2.00,1.00,0.00,2.00,9.00,1.00,6.00,0.00,10.00,4.00,6.00,1.00,4.00,1.00,1.00,4.00,4.00,1.00,3.00,3.00,2.00,0.00,3.00,0.00,0.00,0.00,0.00,1.00,0.00,1.00,0.00,0.00,1.00,0.00,0.00,0.00,0.00,1.00,1.00,0.00,2.00,0.00,1.00,0.00,2.00,0.00,0.00,2.00,1.00,1.00,0.00,0.00,2.00,0.00,1.00,0.00,0.00,0.00,2.00,3.00,2.00,1.00,2.00,5.00,1.00,2.00,1.00,3.00,7.00,5.00,3.00,8.00,10.00,17.00,3.00,8.00,7.00,4.00,9.00,17.00,25.00,6.00,7.00,9.00,9.00,26.00,1.00,11.00,0.00,13.00,1.00,3.00,1.00,5.00,1.00,4.00,2.00
1098,11.00,0.00,0.00,0.00,1.00,1.00,5.00,2.00,2.00,3.00,2.00,2.00,3.00,8.00,6.00,0.00,1.00,4.00,9.00,31.00,1.00,6.00,5.00,1.00,1.00,2.00,2.00,6.00,1.00,5.00,1.00,9.00,2.00,1.00,4.00,4.00,1.00,1.00,2.00,10.00,3.00,4.00,5.00,1.00,0.00,0.00,1.00,0.00,0.00,0.00,0.00,1.00,0.00,0.00,0.00,1.00,0.00,0.00,0.00,0.00,0.00,0.00,1.00,0.00,1.00,0.00,0.00,0.00,0.00,0.00,0.00,0.00,0.00,3.00,0.00,0.00,0.00,0.00,0.00,0.00,0.00,2.00,0.00,1.00,1.00,0.00,2.00,1.00,1.00,1.00,3.00,3.00,5.00,2.00,14.00,7.00,20.00,6.00,15.00,8.00,8.00,14.00,14.00,15.00,15.00,9.00,0.00,14.00,3.00,4.00,17.00,1.00,13.00,3.00,2.00,6.00,4.00,1.00,9.00,2.00
1099,19.00,0.00,0.00,1.00,2.00,1.00,59.00,18.00,4.00,6.00,1.00,4.00,1.00,4.00,4.00,1.00,2.00,1.00,3.00,7.00,0.00,4.00,1.00,0.00,1.00,1.00,2.00,8.00,2.00,3.00,4.00,12.00,4.00,9.00,8.00,4.00,5.00,6.00,16.00,16.00,12.00,10.00,16.00,5.00,3.00,3.00,2.00,1.00,1.00,1.00,1.00,1.00,1.00,2.00,5.00,3.00,4.00,0.00,0.00,0.00,0.00,0.00,0.00,0.00,0.00,0.00,0.00,0.00,0.00,0.00,0.00,0.00,0.00,0.00,0.00,0.00,0.00,1.00,0.00,2.00,1.00,3.00,0.00,1.00,0.00,6.00,1.00,8.00,2.00,3.00,13.00,9.00,12.00,12.00,13.00,11.00,56.00,12.00,14.00,21.00,10.00,20.00,13.00,26.00,7.00,6.00,10.00,14.00,19.00,9.00,13.00,14.00,21.00,12.00,12.00,3.00,6.00,2.00,32.00,5.00
1100,36.00,2.00,2.00,2.00,12.00,3.00,12.00,5.00,8.00,10.00,4.00,8.00,9.00,20.00,16.00,6.00,8.00,13.00,30.00,70.00,5.00,21.00,11.00,4.00,3.00,1.00,6.00,15.00,4.00,12.00,5.00,25.00,9.00,9.00,6.00,12.00,10.00,6.00,10.00,8.00,9.00,15.00,12.00,5.00,2.00,3.00,0.00,1.00,1.00,3.00,2.00,2.00,0.00,1.00,1.00,1.00,2.00,0.00,0.00,0.00,0.00,0.00,0.00,0.00,0.00,0.00,0.00,0.00,0.00,0.00,3.00,1.00,0.00,2.00,1.00,3.00,1.00,0.00,0.00,0.00,3.00,7.00,0.00,3.00,0.00,5.00,1.00,4.00,2.00,5.00,20.00,10.00,20.00,10.00,30.00,20.00,46.00,14.00,27.00,29.00,18.00,21.00,32.00,40.00,25.00,32.00,3.00,29.00,9.00,11.00,36.00,3.00,33.00,11.00,3.00,10.00,6.00,3.00,21.00,4.00
1101,12.00,1.00,0.00,1.00,1.00,2.00,73.00,35.00,0.00,3.00,1.00,2.00,0.00,2.00,3.00,0.00,0.00,1.00,2.00,1.00,0.00,1.00,0.00,1.00,0.00,1.00,1.00,6.00,2.00,2.00,1.00,7.00,2.00,10.00,2.00,3.00,0.00,4.00,7.00,8.00,4.00,23.00,17.00,10.00,0.00,1.00,1.00,0.00,4.00,1.00,3.00,5.00,3.00,4.00,4.00,6.00,7.00,0.00,0.00,0.00,0.00,0.00,0.00,0.00,0.00,0.00,0.00,0.00,0.00,0.00,0.00,0.00,0.00,0.00,0.00,1.00,0.00,0.00,2.00,1.00,0.00,1.00,0.00,0.00,0.00,5.00,0.00,3.00,1.00,7.00,9.00,11.00,8.00,4.00,8.00,8.00,32.00,12.00,8.00,12.00,8.00,22.00,6.00,11.00,3.00,1.00,0.00,14.00,6.00,8.00,11.00,9.00,12.00,8.00,6.00,5.00,2.00,4.00,20.00,4.00
1102,29.00,4.00,0.00,1.00,3.00,2.00,22.00,6.00,0.00,2.00,2.00,5.00,8.00,11.00,5.00,4.00,3.00,3.00,6.00,38.00,0.00,10.00,2.00,1.00,5.00,1.00,5.00,5.00,4.00,7.00,3.00,9.00,4.00,4.00,7.00,6.00,5.00,4.00,5.00,14.00,10.00,9.00,14.00,3.00,3.00,0.00,1.00,0.00,2.00,0.00,3.00,1.00,0.00,2.00,1.00,1.00,2.00,0.00,1.00,0.00,0.00,0.00,0.00,0.00,0.00,0.00,0.00,0.00,1.00,0.00,0.00,0.00,0.00,0.00,0.00,1.00,1.00,0.00,2.00,0.00,1.00,2.00,1.00,0.00,0.00,5.00,0.00,1.00,0.00,4.00,14.00,9.00,10.00,13.00,13.00,18.00,48.00,16.00,13.00,28.00,12.00,32.00,17.00,21.00,6.00,13.00,15.00,21.00,22.00,11.00,18.00,6.00,41.00,16.00,11.00,11.00,13.00,1.00,32.00,11.00
1103,12.00,0.00,1.00,0.00,2.00,0.00,60.00,65.00,0.00,1.00,2.00,0.00,0.00,1.00,0.00,0.00,1.00,0.00,0.00,0.00,0.00,0.00,0.00,0.00,0.00,0.00,0.00,1.00,0.00,0.00,0.00,0.00,0.00,0.00,0.00,2.00,1.00,0.00,1.00,3.00,1.00,5.00,3.00,2.00,5.00,0.00,4.00,3.00,5.00,5.00,5.00,10.00,5.00,7.00,9.00,4.00,10.00,0.00,0.00,0.00,0.00,0.00,0.00,0.00,0.00,0.00,0.00,0.00,0.00,0.00,0.00,0.00,0.00,0.00,0.00,0.00,0.00,0.00,0.00,0.00,0.00,1.00,0.00,0.00,0.00,0.00,0.00,1.00,0.00,4.00,2.00,0.00,0.00,1.00,2.00,0.00,7.00,2.00,2.00,2.00,1.00,2.00,2.00,0.00,3.00,1.00,0.00,15.00,2.00,9.00,1.00,5.00,1.00,7.00,2.00,4.00,2.00,9.00,4.00,1.00
1104,51.00,1.00,1.00,0.00,5.00,2.00,19.00,4.00,2.00,1.00,2.00,2.00,5.00,8.00,6.00,0.00,6.00,3.00,14.00,26.00,0.00,20.00,14.00,3.00,2.00,1.00,1.00,5.00,2.00,2.00,4.00,6.00,3.00,5.00,5.00,5.00,2.00,3.00,5.00,4.00,4.00,6.00,3.00,4.00,0.00,1.00,0.00,0.00,1.00,0.00,0.00,1.00,1.00,1.00,2.00,2.00,1.00,0.00,0.00,0.00,0.00,0.00,0.00,0.00,0.00,0.00,0.00,0.00,0.00,0.00,0.00,0.00,0.00,0.00,0.00,0.00,1.00,0.00,0.00,0.00,0.00,0.00,1.00,0.00,0.00,0.00,2.00,3.00,1.00,1.00,8.00,7.00,4.00,5.00,11.00,12.00,30.00,11.00,11.00,13.00,10.00,26.00,9.00,26.00,14.00,13.00,17.00,18.00,26.00,9.00,20.00,2.00,26.00,12.00,28.00,28.00,40.00,1.00,20.00,4.00
1105,34.00,1.00,0.00,2.00,1.00,0.00,75.00,14.00,0.00,0.00,0.00,1.00,1.00,0.00,0.00,1.00,1.00,0.00,2.00,5.00,0.00,1.00,1.00,0.00,2.00,0.00,0.00,4.00,0.00,1.00,1.00,4.00,0.00,1.00,2.00,3.00,0.00,2.00,2.00,1.00,1.00,1.00,3.00,1.00,1.00,0.00,2.00,2.00,1.00,3.00,2.00,0.00,0.00,2.00,0.00,2.00,4.00,0.00,0.00,0.00,0.00,0.00,0.00,0.00,0.00,0.00,0.00,1.00,1.00,0.00,0.00,1.00,0.00,0.00,0.00,0.00,0.00,0.00,1.00,2.00,0.00,0.00,0.00,0.00,0.00,1.00,0.00,0.00,1.00,1.00,3.00,4.00,5.00,2.00,3.00,1.00,15.00,1.00,3.00,4.00,4.00,17.00,4.00,5.00,5.00,0.00,5.00,12.00,9.00,7.00,9.00,9.00,7.00,18.00,16.00,13.00,16.00,1.00,10.00,3.00
1106,95.00,0.00,0.00,1.00,2.00,0.00,55.00,11.00,2.00,0.00,0.00,0.00,1.00,0.00,1.00,0.00,1.00,0.00,3.00,6.00,0.00,4.00,3.00,1.00,0.00,0.00,0.00,4.00,1.00,0.00,1.00,1.00,0.00,0.00,0.00,1.00,0.00,0.00,1.00,0.00,2.00,0.00,0.00,0.00,0.00,0.00,1.00,1.00,3.00,1.00,1.00,0.00,1.00,0.00,0.00,2.00,0.00,0.00,0.00,1.00,0.00,0.00,0.00,0.00,0.00,0.00,0.00,0.00,0.00,0.00,0.00,0.00,0.00,0.00,0.00,0.00,0.00,0.00,1.00,0.00,0.00,0.00,0.00,0.00,0.00,1.00,0.00,0.00,0.00,0.00,0.00,2.00,0.00,1.00,2.00,2.00,8.00,1.00,3.00,1.00,1.00,5.00,2.00,2.00,0.00,2.00,4.00,10.00,6.00,3.00,11.00,5.00,29.00,22.00,2.00,13.00,60.00,1.00,6.00,2.00
1107,123.00,2.00,0.00,0.00,3.00,1.00,24.00,4.00,2.00,0.00,0.00,0.00,0.00,3.00,1.00,0.00,1.00,2.00,4.00,10.00,0.00,9.00,13.00,3.00,3.00,5.00,2.00,1.00,0.00,2.00,2.00,2.00,1.00,0.00,1.00,1.00,3.00,0.00,3.00,1.00,0.00,0.00,1.00,1.00,0.00,0.00,1.00,0.00,1.00,0.00,1.00,4.00,0.00,0.00,1.00,0.00,2.00,0.00,0.00,0.00,0.00,0.00,0.00,0.00,0.00,0.00,0.00,0.00,0.00,0.00,1.00,0.00,0.00,0.00,0.00,1.00,0.00,0.00,1.00,0.00,0.00,0.00,2.00,0.00,0.00,0.00,0.00,0.00,0.00,0.00,0.00,1.00,1.00,0.00,0.00,5.00,6.00,2.00,3.00,2.00,2.00,3.00,4.00,4.00,2.00,1.00,1.00,5.00,9.00,3.00,9.00,3.00,28.00,17.00,18.00,26.00,50.00,3.00,5.00,2.00
1108,405.00,2.00,1.00,1.00,7.00,2.00,38.00,11.00,8.00,1.00,2.00,1.00,1.00,2.00,1.00,0.00,0.00,0.00,15.00,25.00,2.00,36.00,53.00,11.00,13.00,9.00,2.00,4.00,1.00,1.00,0.00,3.00,1.00,1.00,1.00,1.00,1.00,0.00,1.00,1.00,1.00,2.00,0.00,2.00,2.00,1.00,0.00,0.00,0.00,0.00,0.00,1.00,0.00,0.00,1.00,0.00,0.00,0.00,0.00,0.00,0.00,0.00,0.00,0.00,0.00,1.00,0.00,0.00,2.00,0.00,1.00,0.00,0.00,0.00,0.00,2.00,0.00,0.00,0.00,0.00,0.00,1.00,1.00,0.00,0.00,1.00,0.00,1.00,1.00,0.00,5.00,2.00,4.00,4.00,5.00,2.00,7.00,1.00,6.00,5.00,2.00,5.00,4.00,4.00,5.00,7.00,6.00,7.00,15.00,6.00,23.00,7.00,72.00,38.00,104.00,60.00,4.00,0.00,7.00,2.00
1109,5.00,0.00,0.00,0.00,0.00,0.00,43.00,61.00,0.00,0.00,0.00,0.00,0.00,0.00,0.00,0.00,0.00,0.00,0.00,0.00,0.00,0.00,0.00,0.00,0.00,0.00,0.00,0.00,0.00,0.00,0.00,0.00,0.00,0.00,0.00,0.00,0.00,0.00,0.00,0.00,1.00,0.00,1.00,5.00,2.00,1.00,3.00,2.00,5.00,10.00,12.00,10.00,5.00,5.00,9.00,3.00,4.00,0.00,0.00,0.00,0.00,0.00,0.00,0.00,0.00,0.00,0.00,0.00,0.00,0.00,0.00,0.00,0.00,0.00,0.00,0.00,0.00,0.00,1.00,0.00,0.00,0.00,0.00,0.00,0.00,0.00,0.00,1.00,0.00,0.00,0.00,0.00,0.00,0.00,2.00,0.00,2.00,2.00,1.00,2.00,0.00,0.00,0.00,1.00,0.00,1.00,0.00,0.00,0.00,1.00,0.00,8.00,1.00,1.00,1.00,1.00,0.00,3.00,1.00,0.00
1110,47.00,0.00,2.00,3.00,10.00,3.00,71.00,40.00,4.00,11.00,6.00,17.00,12.00,18.00,18.00,6.00,3.00,7.00,14.00,29.00,3.00,10.00,3.00,2.00,5.00,1.00,33.00,45.00,39.00,51.00,30.00,66.00,44.00,72.00,34.00,34.00,33.00,28.00,24.00,72.00,11.00,28.00,65.00,24.00,11.00,11.00,13.00,5.00,9.00,11.00,12.00,11.00,10.00,10.00,10.00,6.00,8.00,0.00,4.00,3.00,2.00,1.00,0.00,0.00,0.00,0.00,0.00,2.00,0.00,1.00,0.00,0.00,0.00,0.00,0.00,3.00,8.00,4.00,10.00,4.00,14.00,19.00,15.00,8.00,9.00,51.00,5.00,31.00,16.00,29.00,48.00,16.00,4.00,6.00,57.00,36.00,3.00,8.00,44.00,2.00,21.00,5.00,77.00,83.00,40.00,20.00,26.00,85.00,57.00,76.00,64.00,11.00,50.00,31.00,10.00,11.00,10.00,7.00,0.00,2.00
1111,8.00,1.00,1.00,0.00,4.00,1.00,8.00,7.00,0.00,3.00,1.00,1.00,2.00,1.00,2.00,1.00,2.00,2.00,1.00,4.00,0.00,1.00,1.00,1.00,0.00,0.00,9.00,5.00,7.00,9.00,5.00,8.00,4.00,15.00,3.00,4.00,8.00,2.00,6.00,7.00,2.00,8.00,10.00,3.00,3.00,1.00,1.00,0.00,1.00,2.00,2.00,2.00,0.00,0.00,3.00,1.00,0.00,0.00,0.00,0.00,0.00,0.00,0.00,0.00,1.00,0.00,0.00,0.00,0.00,0.00,0.00,0.00,0.00,0.00,0.00,0.00,1.00,0.00,1.00,0.00,1.00,2.00,1.00,1.00,0.00,4.00,1.00,6.00,4.00,4.00,8.00,4.00,1.00,1.00,10.00,11.00,2.00,1.00,10.00,0.00,3.00,3.00,12.00,13.00,9.00,4.00,4.00,11.00,7.00,10.00,10.00,3.00,7.00,4.00,0.00,2.00,3.00,1.00,1.00,0.00
