1,566.00,11.00,39.00,175.00,134.00,5.00,553.00,190.00,196.00,43.00,66.00,33.00,27.00,81.00,45.00,102.00,74.00,133.00,227.00,205.00,289.00,212.00,548.00,745.00,833.00,727.00,45.00,64.00,27.00,45.00,18.00,39.00,31.00,71.00,35.00,53.00,35.00,27.00,58.00,53.00,22.00,81.00,67.00,34.00,78.00,44.00,88.00,54.00,118.00,76.00,80.00,59.00,40.00,74.00,61.00,43.00,58.00,34.00,69.00,39.00,30.00,30.00,26.00,25.00,22.00,34.00,44.00,123.00,36.00,30.00,93.00,20.00,47.00,70.00,93.00,198.00,40.00,44.00,69.00,51.00,40.00,40.00,43.00,31.00,42.00,60.00,53.00,48.00,46.00,97.00,135.00,77.00,68.00,51.00,65.00,68.00,331.00,47.00,109.00,94.00,49.00,116.00,65.00,115.00,40.00,68.00,37.00,130.00,164.00,69.00,153.00,83.00,291.00,209.00,496.00,645.00,1809.00,115.00,183.00,52.00
2,9.00,0.00,0.00,2.00,6.00,1.00,24.00,17.00,2.00,5.00,7.00,4.00,4.00,6.00,2.00,7.00,3.00,7.00,12.00,14.00,6.00,12.00,10.00,17.00,13.00,12.00,4.00,9.00,1.00,1.00,2.00,4.00,2.00,6.00,2.00,2.00,3.00,1.00,5.00,2.00,1.00,9.00,4.00,3.00,8.00,4.00,10.00,5.00,14.00,8.00,8.00,5.00,4.00,5.00,3.00,0.00,4.00,8.00,13.00,13.00,8.00,5.00,4.00,4.00,3.00,5.00,6.00,27.00,7.00,9.00,11.00,3.00,9.00,8.00,8.00,10.00,6.00,7.00,10.00,8.00,6.00,4.00,3.00,4.00,6.00,9.00,7.00,5.00,4.00,8.00,13.00,7.00,3.00,4.00,5.00,6.00,18.00,6.00,8.00,7.00,5.00,5.00,6.00,12.00,3.00,6.00,3.00,4.00,15.00,1.00,8.00,3.00,6.00,4.00,6.00,8.00,8.00,8.00,12.00,2.00
3,22.00,0.00,0.00,1.00,10.00,4.00,24.00,21.00,6.00,5.00,11.00,5.00,10.00,10.00,10.00,14.00,5.00,7.00,9.00,4.00,5.00,8.00,5.00,8.00,6.00,8.00,3.00,9.00,2.00,4.00,0.00,3.00,1.00,5.00,1.00,1.00,4.00,1.00,3.00,8.00,2.00,9.00,5.00,6.00,5.00,4.00,8.00,5.00,12.00,12.00,8.00,5.00,5.00,5.00,3.00,3.00,5.00,9.00,13.00,10.00,10.00,8.00,7.00,8.00,5.00,8.00,8.00,52.00,9.00,8.00,13.00,6.00,7.00,8.00,10.00,11.00,6.00,9.00,10.00,14.00,6.00,9.00,6.00,4.00,14.00,5.00,8.00,6.00,4.00,8.00,12.00,3.00,1.00,2.00,5.00,3.00,15.00,4.00,8.00,5.00,3.00,8.00,6.00,14.00,3.00,3.00,2.00,6.00,7.00,4.00,5.00,3.00,4.00,2.00,3.00,2.00,5.00,5.00,19.00,3.00
4,173.00,4.00,1.00,59.00,278.00,10.00,69.00,54.00,41.00,16.00,48.00,16.00,30.00,31.00,21.00,54.00,17.00,17.00,24.00,26.00,34.00,18.00,19.00,28.00,19.00,31.00,12.00,21.00,7.00,13.00,3.00,11.00,6.00,14.00,6.00,6.00,9.00,6.00,10.00,11.00,4.00,19.00,17.00,10.00,26.00,13.00,34.00,19.00,49.00,24.00,17.00,13.00,9.00,15.00,8.00,8.00,15.00,324.00,224.00,242.00,87.00,88.00,69.00,158.00,200.00,182.00,169.00,585.00,72.00,202.00,116.00,90.00,128.00,60.00,67.00,44.00,41.00,71.00,70.00,61.00,53.00,35.00,24.00,22.00,55.00,27.00,47.00,18.00,14.00,30.00,27.00,10.00,6.00,5.00,16.00,15.00,35.00,6.00,19.00,11.00,6.00,15.00,12.00,37.00,7.00,15.00,9.00,15.00,20.00,11.00,11.00,4.00,9.00,8.00,17.00,11.00,22.00,23.00,23.00,3.00
5,135.00,5.00,15.00,253.00,1739.00,7.00,92.00,70.00,80.00,17.00,55.00,21.00,26.00,56.00,26.00,77.00,35.00,49.00,65.00,63.00,92.00,45.00,61.00,114.00,96.00,120.00,21.00,34.00,8.00,12.00,10.00,17.00,10.00,22.00,12.00,19.00,12.00,10.00,19.00,16.00,9.00,24.00,26.00,12.00,33.00,13.00,34.00,23.00,40.00,25.00,28.00,17.00,9.00,20.00,12.00,12.00,17.00,174.00,115.00,157.00,91.00,109.00,117.00,220.00,258.00,300.00,347.00,743.00,97.00,915.00,311.00,592.00,1561.00,584.00,529.00,286.00,34.00,47.00,53.00,43.00,39.00,27.00,20.00,19.00,42.00,18.00,47.00,18.00,14.00,24.00,43.00,24.00,12.00,13.00,26.00,23.00,78.00,14.00,38.00,26.00,15.00,30.00,25.00,65.00,16.00,23.00,20.00,24.00,64.00,16.00,27.00,10.00,29.00,15.00,26.00,34.00,44.00,19.00,49.00,14.00
6,4.00,0.00,11.00,13.00,10.00,0.00,22.00,12.00,3.00,3.00,8.00,5.00,4.00,9.00,7.00,17.00,10.00,11.00,19.00,15.00,15.00,12.00,18.00,25.00,17.00,30.00,7.00,6.00,3.00,5.00,4.00,4.00,4.00,8.00,5.00,3.00,6.00,3.00,6.00,6.00,1.00,8.00,7.00,8.00,9.00,6.00,10.00,8.00,12.00,7.00,9.00,3.00,4.00,7.00,7.00,5.00,4.00,3.00,17.00,5.00,5.00,4.00,5.00,7.00,4.00,7.00,5.00,19.00,3.00,7.00,10.00,4.00,7.00,13.00,10.00,10.00,5.00,9.00,13.00,8.00,2.00,4.00,5.00,4.00,7.00,10.00,5.00,5.00,8.00,10.00,13.00,10.00,6.00,5.00,10.00,18.00,40.00,8.00,17.00,18.00,9.00,11.00,6.00,14.00,4.00,6.00,3.00,7.00,17.00,5.00,8.00,4.00,14.00,6.00,8.00,11.00,17.00,9.00,25.00,6.00
7,509.00,27.00,27.00,69.00,94.00,25.00,849.00,336.00,23.00,9.00,5.00,8.00,5.00,17.00,7.00,7.00,4.00,7.00,12.00,20.00,4.00,18.00,15.00,8.00,7.00,7.00,15.00,19.00,12.00,16.00,7.00,18.00,10.00,26.00,14.00,17.00,13.00,13.00,30.00,28.00,16.00,50.00,66.00,38.00,28.00,37.00,45.00,78.00,166.00,227.00,206.00,174.00,138.00,229.00,396.00,104.00,132.00,1.00,4.00,1.00,5.00,2.00,1.00,0.00,3.00,2.00,2.00,6.00,4.00,1.00,6.00,2.00,0.00,2.00,1.00,5.00,4.00,4.00,13.00,7.00,5.00,6.00,7.00,2.00,2.00,16.00,9.00,13.00,11.00,31.00,61.00,27.00,33.00,26.00,40.00,29.00,365.00,21.00,83.00,85.00,28.00,87.00,35.00,53.00,15.00,12.00,11.00,326.00,33.00,362.00,81.00,354.00,61.00,429.00,274.00,138.00,118.00,308.00,131.00,28.00
8,187.00,19.00,25.00,50.00,71.00,11.00,269.00,38.00,16.00,3.00,3.00,6.00,5.00,7.00,7.00,6.00,3.00,2.00,5.00,13.00,0.00,9.00,5.00,5.00,3.00,6.00,8.00,8.00,4.00,9.00,4.00,10.00,8.00,20.00,7.00,11.00,11.00,4.00,18.00,26.00,8.00,31.00,42.00,60.00,64.00,60.00,100.00,88.00,314.00,462.00,490.00,441.00,430.00,749.00,894.00,233.00,367.00,0.00,0.00,1.00,1.00,3.00,1.00,3.00,0.00,0.00,2.00,7.00,3.00,2.00,4.00,0.00,1.00,2.00,1.00,0.00,2.00,2.00,10.00,4.00,2.00,3.00,5.00,3.00,1.00,10.00,4.00,11.00,17.00,39.00,50.00,21.00,15.00,18.00,21.00,17.00,207.00,10.00,36.00,40.00,10.00,43.00,20.00,25.00,4.00,4.00,4.00,83.00,18.00,101.00,15.00,373.00,19.00,75.00,29.00,19.00,24.00,342.00,100.00,13.00
9,164.00,3.00,9.00,40.00,67.00,2.00,22.00,18.00,103.00,7.00,32.00,9.00,8.00,23.00,11.00,62.00,36.00,63.00,81.00,50.00,354.00,42.00,112.00,570.00,406.00,454.00,7.00,10.00,3.00,4.00,2.00,9.00,2.00,8.00,4.00,7.00,6.00,4.00,7.00,7.00,3.00,15.00,8.00,4.00,11.00,5.00,13.00,9.00,11.00,9.00,9.00,4.00,7.00,6.00,4.00,2.00,5.00,10.00,9.00,8.00,5.00,5.00,7.00,8.00,9.00,12.00,13.00,38.00,12.00,8.00,35.00,7.00,18.00,58.00,92.00,645.00,5.00,12.00,10.00,13.00,7.00,6.00,3.00,5.00,11.00,3.00,14.00,6.00,4.00,10.00,13.00,10.00,5.00,4.00,10.00,8.00,33.00,8.00,14.00,8.00,8.00,9.00,12.00,24.00,9.00,12.00,8.00,10.00,32.00,5.00,9.00,3.00,12.00,5.00,10.00,18.00,30.00,7.00,18.00,5.00
1001,44.00,7.00,6.00,19.00,22.00,6.00,9.00,6.00,6.00,96.00,98.00,172.00,124.00,591.00,68.00,30.00,29.00,26.00,19.00,6.00,3.00,7.00,1.00,2.00,2.00,3.00,30.00,75.00,6.00,39.00,10.00,55.00,33.00,7.00,9.00,28.00,18.00,8.00,17.00,4.00,5.00,7.00,8.00,1.00,3.00,1.00,2.00,3.00,8.00,16.00,11.00,2.00,1.00,1.00,1.00,0.00,1.00,5.00,17.00,6.00,7.00,2.00,1.00,1.00,1.00,3.00,6.00,10.00,7.00,0.00,11.00,1.00,1.00,2.00,4.00,4.00,9.00,28.00,9.00,29.00,8.00,31.00,5.00,53.00,62.00,10.00,150.00,15.00,4.00,7.00,49.00,23.00,18.00,13.00,38.00,17.00,85.00,15.00,31.00,15.00,6.00,15.00,34.00,68.00,8.00,38.00,9.00,10.00,22.00,6.00,8.00,4.00,6.00,4.00,3.00,4.00,1.00,1.00,36.00,12.00
1002,71.00,9.00,10.00,43.00,59.00,14.00,5.00,4.00,23.00,91.00,203.00,79.00,82.00,396.00,44.00,106.00,55.00,41.00,24.00,6.00,39.00,8.00,5.00,9.00,7.00,5.00,10.00,31.00,2.00,5.00,0.00,10.00,3.00,2.00,2.00,9.00,3.00,3.00,4.00,1.00,2.00,4.00,2.00,1.00,0.00,1.00,1.00,0.00,1.00,3.00,2.00,1.00,0.00,1.00,1.00,0.00,1.00,23.00,107.00,27.00,45.00,26.00,26.00,34.00,8.00,66.00,74.00,127.00,64.00,2.00,87.00,5.00,5.00,21.00,32.00,20.00,13.00,51.00,11.00,26.00,3.00,11.00,0.00,37.00,102.00,3.00,149.00,3.00,1.00,4.00,11.00,5.00,3.00,2.00,9.00,6.00,32.00,4.00,15.00,8.00,4.00,12.00,14.00,31.00,3.00,23.00,4.00,3.00,9.00,4.00,4.00,0.00,4.00,1.00,2.00,2.00,3.00,2.00,12.00,1.00
1003,28.00,4.00,5.00,12.00,16.00,4.00,3.00,2.00,5.00,154.00,70.00,84.00,85.00,112.00,85.00,44.00,63.00,63.00,31.00,15.00,9.00,4.00,1.00,3.00,2.00,3.00,9.00,64.00,3.00,10.00,2.00,16.00,6.00,3.00,4.00,15.00,7.00,3.00,7.00,3.00,1.00,5.00,4.00,1.00,0.00,1.00,0.00,0.00,3.00,2.00,1.00,1.00,0.00,2.00,1.00,1.00,0.00,1.00,7.00,1.00,3.00,3.00,2.00,3.00,1.00,4.00,4.00,13.00,4.00,2.00,9.00,2.00,0.00,7.00,6.00,4.00,3.00,13.00,3.00,10.00,3.00,10.00,1.00,29.00,29.00,3.00,41.00,3.00,2.00,4.00,18.00,11.00,4.00,3.00,27.00,15.00,75.00,10.00,34.00,21.00,5.00,13.00,27.00,88.00,6.00,52.00,11.00,8.00,20.00,4.00,7.00,1.00,6.00,1.00,1.00,2.00,4.00,2.00,22.00,5.00
1004,25.00,4.00,9.00,23.00,25.00,4.00,7.00,3.00,5.00,107.00,75.00,91.00,55.00,152.00,58.00,63.00,45.00,38.00,23.00,7.00,17.00,5.00,0.00,1.00,2.00,4.00,4.00,30.00,1.00,5.00,0.00,9.00,6.00,1.00,0.00,10.00,4.00,1.00,4.00,0.00,2.00,5.00,2.00,0.00,2.00,2.00,1.00,1.00,4.00,2.00,1.00,1.00,1.00,1.00,0.00,0.00,0.00,2.00,8.00,5.00,6.00,3.00,6.00,6.00,2.00,9.00,10.00,16.00,13.00,3.00,21.00,0.00,2.00,5.00,8.00,7.00,2.00,8.00,4.00,7.00,1.00,3.00,2.00,7.00,15.00,4.00,35.00,1.00,2.00,6.00,13.00,7.00,4.00,2.00,18.00,11.00,47.00,8.00,23.00,17.00,3.00,8.00,17.00,58.00,4.00,38.00,5.00,2.00,13.00,2.00,4.00,1.00,2.00,1.00,0.00,2.00,2.00,1.00,16.00,3.00
1005,81.00,10.00,13.00,44.00,44.00,7.00,16.00,11.00,20.00,626.00,397.00,96.00,150.00,24.00,405.00,256.00,388.00,296.00,231.00,44.00,26.00,15.00,13.00,17.00,17.00,10.00,18.00,213.00,7.00,23.00,4.00,40.00,19.00,13.00,12.00,33.00,17.00,5.00,13.00,7.00,6.00,13.00,11.00,4.00,1.00,4.00,1.00,1.00,4.00,2.00,5.00,5.00,2.00,3.00,4.00,3.00,1.00,4.00,19.00,4.00,9.00,3.00,8.00,8.00,6.00,14.00,19.00,32.00,16.00,2.00,22.00,4.00,5.00,11.00,10.00,11.00,12.00,23.00,11.00,15.00,7.00,18.00,3.00,75.00,68.00,8.00,98.00,7.00,5.00,7.00,42.00,33.00,13.00,13.00,69.00,28.00,139.00,13.00,67.00,38.00,11.00,31.00,72.00,184.00,14.00,213.00,38.00,15.00,63.00,6.00,16.00,3.00,17.00,6.00,5.00,4.00,8.00,1.00,47.00,11.00
1006,38.00,5.00,11.00,20.00,19.00,5.00,6.00,5.00,9.00,66.00,42.00,86.00,59.00,387.00,40.00,34.00,40.00,51.00,45.00,26.00,7.00,16.00,5.00,4.00,4.00,4.00,8.00,33.00,1.00,8.00,5.00,29.00,11.00,5.00,9.00,27.00,8.00,5.00,6.00,4.00,2.00,11.00,6.00,3.00,4.00,0.00,1.00,0.00,3.00,4.00,1.00,1.00,0.00,1.00,2.00,1.00,0.00,3.00,3.00,3.00,4.00,1.00,1.00,2.00,0.00,3.00,6.00,6.00,3.00,1.00,9.00,2.00,0.00,2.00,4.00,5.00,4.00,7.00,4.00,7.00,3.00,6.00,1.00,13.00,9.00,3.00,18.00,4.00,2.00,3.00,29.00,15.00,7.00,7.00,44.00,26.00,79.00,16.00,31.00,19.00,9.00,18.00,36.00,92.00,12.00,32.00,19.00,10.00,52.00,7.00,11.00,2.00,14.00,2.00,1.00,5.00,6.00,0.00,32.00,7.00
1007,85.00,8.00,14.00,52.00,79.00,12.00,6.00,7.00,48.00,26.00,105.00,52.00,69.00,245.00,41.00,10.00,74.00,115.00,65.00,10.00,81.00,5.00,7.00,19.00,23.00,19.00,5.00,16.00,2.00,4.00,1.00,4.00,0.00,2.00,2.00,5.00,5.00,1.00,3.00,2.00,2.00,4.00,4.00,2.00,2.00,0.00,1.00,2.00,2.00,2.00,4.00,3.00,2.00,0.00,1.00,1.00,0.00,9.00,39.00,14.00,26.00,17.00,19.00,36.00,11.00,74.00,77.00,144.00,88.00,8.00,148.00,9.00,10.00,59.00,62.00,73.00,5.00,16.00,5.00,19.00,5.00,7.00,2.00,8.00,44.00,5.00,53.00,1.00,1.00,3.00,15.00,6.00,4.00,3.00,8.00,6.00,28.00,2.00,13.00,6.00,4.00,6.00,8.00,24.00,1.00,17.00,4.00,4.00,9.00,2.00,2.00,1.00,4.00,0.00,1.00,1.00,3.00,0.00,10.00,4.00
1008,58.00,6.00,6.00,18.00,29.00,8.00,3.00,3.00,26.00,32.00,42.00,62.00,36.00,336.00,35.00,64.00,41.00,56.00,60.00,21.00,41.00,9.00,13.00,19.00,19.00,14.00,3.00,13.00,1.00,3.00,0.00,5.00,1.00,0.00,1.00,5.00,2.00,0.00,1.00,2.00,1.00,2.00,5.00,0.00,1.00,1.00,2.00,0.00,3.00,0.00,2.00,0.00,0.00,0.00,1.00,0.00,0.00,3.00,7.00,4.00,4.00,6.00,4.00,8.00,2.00,7.00,16.00,21.00,12.00,2.00,20.00,3.00,2.00,6.00,13.00,23.00,4.00,7.00,1.00,7.00,0.00,4.00,2.00,5.00,10.00,1.00,13.00,2.00,0.00,1.00,8.00,3.00,2.00,2.00,16.00,2.00,32.00,4.00,15.00,8.00,1.00,5.00,10.00,45.00,3.00,33.00,10.00,4.00,22.00,1.00,3.00,0.00,1.00,0.00,0.00,2.00,3.00,2.00,10.00,1.00
1009,132.00,6.00,6.00,18.00,43.00,11.00,11.00,4.00,50.00,29.00,42.00,65.00,49.00,281.00,51.00,122.00,59.00,5.00,70.00,100.00,70.00,50.00,38.00,73.00,62.00,43.00,2.00,12.00,2.00,4.00,1.00,5.00,3.00,4.00,3.00,8.00,3.00,4.00,5.00,3.00,1.00,7.00,4.00,3.00,1.00,3.00,1.00,2.00,2.00,1.00,1.00,3.00,0.00,1.00,1.00,1.00,0.00,2.00,3.00,2.00,4.00,2.00,2.00,2.00,2.00,7.00,6.00,14.00,11.00,1.00,11.00,3.00,1.00,8.00,8.00,25.00,3.00,4.00,2.00,3.00,0.00,2.00,1.00,3.00,4.00,3.00,11.00,5.00,2.00,4.00,13.00,11.00,5.00,3.00,23.00,9.00,50.00,6.00,28.00,12.00,7.00,14.00,12.00,51.00,13.00,99.00,27.00,8.00,64.00,2.00,11.00,2.00,19.00,4.00,6.00,10.00,10.00,0.00,20.00,5.00
1010,227.00,13.00,8.00,27.00,58.00,14.00,16.00,7.00,79.00,14.00,23.00,31.00,26.00,229.00,50.00,54.00,67.00,78.00,110.00,131.00,89.00,59.00,58.00,122.00,143.00,87.00,2.00,10.00,3.00,3.00,3.00,7.00,1.00,3.00,3.00,8.00,6.00,4.00,3.00,5.00,2.00,8.00,3.00,1.00,2.00,5.00,1.00,5.00,3.00,2.00,5.00,1.00,0.00,0.00,2.00,1.00,0.00,1.00,1.00,2.00,2.00,1.00,0.00,2.00,1.00,3.00,5.00,8.00,3.00,0.00,9.00,0.00,0.00,4.00,7.00,26.00,3.00,2.00,2.00,3.00,1.00,1.00,5.00,3.00,8.00,2.00,6.00,3.00,1.00,4.00,16.00,8.00,6.00,6.00,23.00,9.00,65.00,6.00,30.00,21.00,10.00,15.00,14.00,64.00,12.00,63.00,34.00,13.00,89.00,5.00,14.00,1.00,40.00,5.00,5.00,14.00,27.00,1.00,23.00,3.00
1011,196.00,16.00,8.00,25.00,54.00,16.00,23.00,10.00,47.00,8.00,7.00,20.00,12.00,48.00,29.00,13.00,25.00,95.00,159.00,8.00,15.00,125.00,205.00,79.00,114.00,53.00,8.00,14.00,5.00,7.00,2.00,12.00,7.00,9.00,7.00,19.00,7.00,6.00,16.00,8.00,9.00,17.00,10.00,7.00,5.00,6.00,3.00,5.00,8.00,5.00,6.00,3.00,2.00,4.00,4.00,3.00,2.00,2.00,1.00,1.00,1.00,0.00,0.00,0.00,1.00,4.00,2.00,6.00,2.00,1.00,3.00,1.00,0.00,3.00,4.00,9.00,2.00,1.00,3.00,1.00,2.00,6.00,3.00,3.00,3.00,6.00,3.00,8.00,4.00,8.00,31.00,19.00,10.00,13.00,46.00,18.00,130.00,17.00,55.00,33.00,25.00,37.00,31.00,132.00,35.00,97.00,105.00,34.00,275.00,11.00,62.00,3.00,128.00,17.00,25.00,60.00,64.00,2.00,54.00,8.00
1012,253.00,7.00,7.00,29.00,79.00,13.00,4.00,1.00,297.00,4.00,43.00,8.00,18.00,24.00,11.00,88.00,40.00,79.00,102.00,11.00,82.00,14.00,30.00,137.00,114.00,98.00,1.00,2.00,2.00,1.00,1.00,0.00,0.00,4.00,1.00,1.00,1.00,0.00,2.00,0.00,0.00,5.00,1.00,0.00,0.00,0.00,0.00,0.00,3.00,1.00,0.00,0.00,0.00,1.00,0.00,0.00,0.00,5.00,9.00,3.00,5.00,4.00,4.00,5.00,3.00,14.00,12.00,33.00,11.00,2.00,29.00,3.00,3.00,36.00,46.00,169.00,3.00,9.00,3.00,6.00,2.00,1.00,1.00,2.00,8.00,1.00,11.00,2.00,0.00,0.00,4.00,1.00,0.00,2.00,2.00,1.00,7.00,1.00,1.00,1.00,0.00,2.00,4.00,7.00,2.00,11.00,2.00,6.00,9.00,2.00,5.00,0.00,4.00,1.00,1.00,4.00,7.00,0.00,5.00,0.00
1013,213.00,12.00,6.00,20.00,39.00,12.00,20.00,9.00,37.00,5.00,9.00,6.00,6.00,19.00,18.00,7.00,16.00,48.00,68.00,125.00,12.00,19.00,60.00,65.00,81.00,49.00,2.00,9.00,2.00,5.00,2.00,8.00,3.00,8.00,3.00,6.00,4.00,1.00,5.00,2.00,4.00,9.00,6.00,3.00,6.00,3.00,2.00,1.00,2.00,3.00,3.00,1.00,3.00,2.00,2.00,3.00,0.00,0.00,1.00,1.00,2.00,0.00,0.00,0.00,1.00,1.00,2.00,3.00,0.00,0.00,1.00,2.00,0.00,3.00,4.00,7.00,0.00,1.00,2.00,0.00,3.00,0.00,2.00,1.00,3.00,1.00,2.00,2.00,2.00,3.00,16.00,11.00,7.00,5.00,23.00,10.00,63.00,10.00,31.00,19.00,7.00,24.00,18.00,52.00,18.00,42.00,30.00,11.00,107.00,7.00,23.00,3.00,80.00,9.00,18.00,52.00,112.00,2.00,27.00,4.00
1014,533.00,8.00,5.00,14.00,52.00,11.00,17.00,5.00,94.00,5.00,4.00,4.00,5.00,11.00,9.00,7.00,12.00,39.00,66.00,165.00,30.00,56.00,67.00,108.00,200.00,75.00,3.00,5.00,0.00,2.00,2.00,2.00,1.00,5.00,3.00,4.00,5.00,2.00,2.00,3.00,4.00,5.00,4.00,2.00,2.00,1.00,2.00,2.00,2.00,1.00,3.00,2.00,1.00,2.00,2.00,1.00,1.00,0.00,2.00,0.00,0.00,3.00,0.00,0.00,0.00,1.00,3.00,3.00,0.00,1.00,4.00,0.00,0.00,3.00,7.00,19.00,2.00,2.00,2.00,0.00,3.00,0.00,0.00,0.00,1.00,2.00,4.00,2.00,1.00,3.00,8.00,4.00,1.00,7.00,11.00,8.00,31.00,4.00,18.00,7.00,3.00,8.00,5.00,20.00,8.00,27.00,16.00,9.00,43.00,4.00,13.00,1.00,51.00,7.00,20.00,57.00,187.00,1.00,10.00,2.00
1015,666.00,17.00,14.00,33.00,112.00,21.00,6.00,5.00,566.00,1.00,10.00,8.00,4.00,17.00,8.00,22.00,22.00,90.00,134.00,67.00,163.00,65.00,104.00,3.00,1.00,9.00,1.00,4.00,2.00,1.00,0.00,1.00,2.00,2.00,4.00,2.00,3.00,2.00,6.00,2.00,2.00,4.00,2.00,1.00,2.00,1.00,3.00,2.00,2.00,4.00,2.00,3.00,0.00,1.00,0.00,1.00,2.00,0.00,1.00,0.00,1.00,0.00,1.00,1.00,2.00,3.00,2.00,9.00,1.00,0.00,8.00,1.00,1.00,10.00,11.00,122.00,2.00,0.00,2.00,0.00,1.00,1.00,0.00,0.00,1.00,0.00,4.00,2.00,3.00,2.00,9.00,3.00,1.00,1.00,5.00,3.00,18.00,3.00,5.00,6.00,1.00,4.00,7.00,8.00,3.00,13.00,3.00,6.00,22.00,2.00,3.00,1.00,11.00,1.00,6.00,18.00,47.00,0.00,9.00,2.00
1016,751.00,11.00,7.00,19.00,87.00,13.00,7.00,5.00,413.00,5.00,8.00,2.00,4.00,11.00,8.00,21.00,22.00,66.00,158.00,80.00,121.00,78.00,195.00,0.00,1.00,25.00,2.00,3.00,2.00,1.00,0.00,2.00,1.00,2.00,1.00,2.00,1.00,0.00,1.00,3.00,0.00,6.00,2.00,1.00,1.00,1.00,0.00,0.00,0.00,3.00,2.00,1.00,1.00,2.00,2.00,1.00,1.00,2.00,3.00,0.00,0.00,1.00,1.00,3.00,0.00,3.00,2.00,6.00,2.00,0.00,6.00,0.00,0.00,9.00,9.00,78.00,0.00,1.00,1.00,1.00,1.00,0.00,0.00,0.00,2.00,2.00,3.00,1.00,0.00,2.00,5.00,5.00,3.00,3.00,6.00,5.00,20.00,2.00,8.00,6.00,3.00,5.00,5.00,8.00,3.00,13.00,7.00,3.00,30.00,1.00,4.00,3.00,10.00,2.00,4.00,19.00,37.00,2.00,11.00,2.00
1017,667.00,15.00,8.00,28.00,109.00,25.00,9.00,5.00,445.00,3.00,7.00,3.00,6.00,8.00,6.00,15.00,15.00,48.00,84.00,42.00,92.00,45.00,76.00,10.00,31.00,17.00,0.00,2.00,2.00,1.00,1.00,1.00,1.00,3.00,1.00,3.00,3.00,0.00,0.00,2.00,0.00,3.00,3.00,4.00,4.00,4.00,4.00,1.00,5.00,2.00,2.00,1.00,0.00,3.00,1.00,1.00,1.00,1.00,1.00,1.00,1.00,1.00,0.00,3.00,0.00,2.00,4.00,7.00,1.00,2.00,3.00,2.00,2.00,9.00,7.00,94.00,1.00,3.00,3.00,1.00,1.00,0.00,0.00,1.00,1.00,1.00,2.00,2.00,1.00,2.00,6.00,5.00,2.00,2.00,4.00,4.00,17.00,2.00,8.00,5.00,2.00,5.00,4.00,7.00,3.00,8.00,4.00,3.00,20.00,1.00,4.00,0.00,7.00,2.00,3.00,16.00,30.00,2.00,10.00,2.00
1018,46.00,5.00,5.00,15.00,19.00,7.00,13.00,7.00,4.00,30.00,5.00,7.00,6.00,17.00,11.00,2.00,1.00,4.00,1.00,6.00,1.00,2.00,2.00,1.00,2.00,2.00,95.00,115.00,132.00,136.00,56.00,58.00,53.00,73.00,43.00,46.00,51.00,19.00,61.00,15.00,18.00,17.00,20.00,6.00,6.00,10.00,3.00,2.00,9.00,4.00,2.00,2.00,4.00,1.00,4.00,0.00,1.00,3.00,10.00,3.00,4.00,5.00,1.00,2.00,0.00,1.00,3.00,4.00,3.00,0.00,1.00,0.00,0.00,1.00,1.00,1.00,115.00,18.00,236.00,91.00,165.00,101.00,99.00,51.00,13.00,141.00,23.00,115.00,47.00,81.00,183.00,57.00,39.00,27.00,19.00,28.00,167.00,19.00,40.00,26.00,14.00,21.00,35.00,32.00,4.00,4.00,4.00,15.00,13.00,8.00,9.00,2.00,6.00,3.00,1.00,3.00,3.00,1.00,71.00,20.00
1019,69.00,7.00,10.00,27.00,32.00,8.00,23.00,12.00,5.00,79.00,35.00,69.00,44.00,209.00,32.00,12.00,15.00,14.00,13.00,14.00,4.00,8.00,4.00,4.00,3.00,4.00,124.00,62.00,35.00,104.00,31.00,130.00,85.00,29.00,30.00,91.00,50.00,18.00,42.00,13.00,11.00,26.00,24.00,7.00,3.00,6.00,4.00,4.00,10.00,9.00,9.00,5.00,4.00,2.00,3.00,1.00,1.00,5.00,19.00,7.00,4.00,3.00,2.00,2.00,5.00,2.00,3.00,8.00,3.00,0.00,5.00,0.00,0.00,3.00,2.00,1.00,27.00,31.00,44.00,85.00,30.00,95.00,19.00,68.00,53.00,53.00,97.00,34.00,15.00,23.00,156.00,72.00,38.00,26.00,52.00,55.00,191.00,31.00,56.00,48.00,19.00,46.00,79.00,101.00,14.00,34.00,17.00,20.00,32.00,13.00,18.00,4.00,12.00,5.00,5.00,3.00,7.00,2.00,87.00,22.00
1020,26.00,3.00,4.00,7.00,10.00,4.00,7.00,8.00,3.00,9.00,3.00,5.00,3.00,9.00,4.00,2.00,1.00,0.00,2.00,3.00,0.00,1.00,2.00,0.00,0.00,0.00,101.00,28.00,21.00,42.00,17.00,23.00,23.00,39.00,29.00,31.00,45.00,17.00,59.00,29.00,21.00,25.00,27.00,6.00,6.00,9.00,3.00,3.00,7.00,4.00,3.00,3.00,3.00,1.00,1.00,1.00,3.00,1.00,3.00,1.00,0.00,0.00,0.00,1.00,0.00,1.00,0.00,0.00,0.00,0.00,0.00,0.00,0.00,0.00,0.00,0.00,8.00,4.00,25.00,8.00,17.00,26.00,35.00,5.00,3.00,106.00,3.00,44.00,44.00,52.00,112.00,36.00,58.00,41.00,16.00,23.00,149.00,15.00,27.00,25.00,8.00,20.00,20.00,24.00,2.00,3.00,2.00,15.00,8.00,7.00,6.00,4.00,4.00,4.00,1.00,0.00,0.00,2.00,88.00,25.00
1021,39.00,3.00,3.00,12.00,13.00,3.00,14.00,10.00,2.00,29.00,3.00,8.00,7.00,25.00,9.00,1.00,3.00,1.00,5.00,7.00,2.00,1.00,1.00,1.00,2.00,0.00,115.00,98.00,48.00,92.00,35.00,41.00,32.00,51.00,51.00,71.00,95.00,32.00,85.00,15.00,25.00,37.00,24.00,5.00,5.00,10.00,1.00,2.00,2.00,6.00,5.00,5.00,0.00,2.00,3.00,0.00,0.00,1.00,3.00,2.00,0.00,2.00,1.00,0.00,1.00,0.00,1.00,1.00,1.00,0.00,1.00,1.00,0.00,2.00,2.00,1.00,28.00,6.00,47.00,19.00,31.00,55.00,31.00,22.00,3.00,87.00,12.00,57.00,18.00,54.00,223.00,91.00,57.00,52.00,41.00,42.00,250.00,22.00,57.00,44.00,12.00,36.00,55.00,52.00,8.00,9.00,10.00,20.00,12.00,8.00,17.00,4.00,8.00,4.00,4.00,1.00,1.00,0.00,101.00,23.00
1022,14.00,2.00,1.00,1.00,7.00,2.00,7.00,5.00,2.00,8.00,0.00,2.00,0.00,2.00,6.00,3.00,0.00,1.00,1.00,1.00,0.00,0.00,1.00,1.00,0.00,0.00,49.00,30.00,15.00,29.00,2.00,23.00,18.00,28.00,13.00,27.00,25.00,5.00,26.00,19.00,9.00,25.00,22.00,4.00,0.00,3.00,1.00,0.00,3.00,1.00,2.00,2.00,3.00,2.00,2.00,0.00,1.00,0.00,1.00,1.00,0.00,0.00,0.00,0.00,0.00,0.00,0.00,0.00,0.00,1.00,0.00,0.00,0.00,1.00,0.00,0.00,5.00,1.00,8.00,3.00,8.00,17.00,8.00,3.00,0.00,40.00,3.00,31.00,15.00,37.00,71.00,38.00,45.00,26.00,16.00,24.00,150.00,12.00,33.00,21.00,9.00,18.00,24.00,26.00,4.00,2.00,1.00,9.00,9.00,5.00,8.00,2.00,4.00,2.00,2.00,1.00,1.00,1.00,82.00,16.00
1023,31.00,3.00,6.00,8.00,12.00,5.00,14.00,9.00,5.00,47.00,10.00,18.00,8.00,35.00,30.00,2.00,10.00,2.00,5.00,9.00,2.00,8.00,3.00,0.00,2.00,3.00,53.00,131.00,27.00,36.00,26.00,13.00,8.00,25.00,44.00,63.00,88.00,30.00,69.00,10.00,21.00,31.00,22.00,6.00,2.00,4.00,2.00,1.00,7.00,4.00,3.00,2.00,0.00,1.00,2.00,2.00,1.00,0.00,4.00,3.00,1.00,1.00,1.00,0.00,0.00,1.00,1.00,5.00,2.00,0.00,2.00,1.00,0.00,1.00,1.00,0.00,8.00,3.00,11.00,8.00,6.00,14.00,5.00,20.00,8.00,17.00,17.00,18.00,5.00,17.00,209.00,129.00,50.00,49.00,36.00,70.00,354.00,42.00,57.00,69.00,36.00,51.00,30.00,78.00,23.00,17.00,16.00,23.00,27.00,13.00,25.00,2.00,15.00,5.00,2.00,4.00,2.00,0.00,123.00,24.00
1024,34.00,2.00,1.00,7.00,8.00,1.00,11.00,9.00,5.00,30.00,6.00,8.00,5.00,15.00,11.00,2.00,2.00,3.00,2.00,5.00,0.00,3.00,0.00,1.00,1.00,2.00,50.00,92.00,27.00,33.00,19.00,11.00,11.00,22.00,33.00,35.00,57.00,24.00,55.00,12.00,20.00,22.00,16.00,2.00,2.00,1.00,0.00,0.00,4.00,4.00,3.00,1.00,3.00,0.00,3.00,1.00,0.00,0.00,3.00,1.00,0.00,0.00,1.00,0.00,1.00,2.00,1.00,3.00,0.00,0.00,3.00,0.00,0.00,0.00,1.00,2.00,5.00,0.00,8.00,13.00,6.00,20.00,7.00,13.00,5.00,15.00,9.00,24.00,4.00,11.00,142.00,84.00,38.00,35.00,37.00,30.00,206.00,24.00,43.00,30.00,18.00,42.00,32.00,31.00,9.00,7.00,5.00,14.00,19.00,10.00,14.00,2.00,8.00,2.00,1.00,2.00,1.00,1.00,81.00,19.00
1025,63.00,3.00,5.00,14.00,16.00,10.00,29.00,23.00,8.00,6.00,3.00,3.00,3.00,9.00,4.00,3.00,2.00,2.00,5.00,6.00,3.00,4.00,4.00,2.00,1.00,1.00,65.00,26.00,41.00,51.00,33.00,25.00,20.00,42.00,69.00,27.00,35.00,42.00,131.00,76.00,54.00,47.00,42.00,46.00,30.00,38.00,24.00,10.00,28.00,20.00,19.00,16.00,7.00,8.00,11.00,7.00,10.00,1.00,3.00,1.00,1.00,0.00,0.00,0.00,1.00,0.00,0.00,0.00,0.00,1.00,3.00,1.00,1.00,0.00,0.00,1.00,13.00,3.00,32.00,9.00,19.00,22.00,49.00,3.00,3.00,125.00,5.00,71.00,109.00,108.00,149.00,52.00,70.00,104.00,34.00,26.00,316.00,27.00,52.00,53.00,13.00,52.00,26.00,42.00,13.00,5.00,9.00,33.00,17.00,26.00,19.00,7.00,11.00,7.00,5.00,3.00,4.00,7.00,178.00,49.00
1026,33.00,3.00,1.00,6.00,10.00,4.00,16.00,8.00,3.00,9.00,1.00,1.00,2.00,7.00,5.00,0.00,0.00,4.00,2.00,5.00,1.00,2.00,3.00,1.00,1.00,2.00,49.00,37.00,30.00,52.00,13.00,42.00,32.00,63.00,6.00,26.00,11.00,6.00,14.00,30.00,12.00,26.00,31.00,10.00,6.00,5.00,4.00,2.00,8.00,6.00,6.00,4.00,5.00,1.00,5.00,1.00,2.00,0.00,1.00,0.00,0.00,0.00,0.00,0.00,0.00,2.00,0.00,0.00,0.00,0.00,0.00,0.00,0.00,0.00,1.00,0.00,4.00,2.00,8.00,4.00,6.00,13.00,8.00,4.00,1.00,38.00,3.00,39.00,11.00,51.00,31.00,24.00,20.00,20.00,35.00,32.00,174.00,17.00,47.00,32.00,17.00,32.00,37.00,39.00,12.00,7.00,9.00,17.00,16.00,10.00,11.00,4.00,7.00,5.00,4.00,2.00,2.00,2.00,102.00,12.00
1027,62.00,5.00,4.00,13.00,18.00,5.00,23.00,15.00,7.00,28.00,10.00,16.00,11.00,34.00,30.00,6.00,7.00,7.00,9.00,17.00,2.00,9.00,5.00,2.00,4.00,3.00,51.00,83.00,30.00,96.00,33.00,74.00,41.00,31.00,32.00,26.00,19.00,31.00,81.00,18.00,37.00,48.00,38.00,10.00,4.00,5.00,3.00,2.00,9.00,7.00,7.00,6.00,3.00,3.00,5.00,1.00,2.00,1.00,2.00,2.00,1.00,0.00,1.00,0.00,1.00,3.00,3.00,5.00,2.00,0.00,4.00,1.00,0.00,0.00,1.00,1.00,8.00,3.00,12.00,5.00,9.00,16.00,8.00,8.00,5.00,22.00,8.00,19.00,8.00,20.00,84.00,37.00,47.00,64.00,33.00,36.00,224.00,30.00,53.00,60.00,29.00,85.00,48.00,79.00,29.00,23.00,23.00,44.00,45.00,22.00,37.00,5.00,25.00,10.00,5.00,8.00,5.00,2.00,132.00,31.00
1028,38.00,5.00,7.00,10.00,15.00,5.00,13.00,10.00,5.00,13.00,3.00,7.00,5.00,16.00,8.00,3.00,1.00,2.00,4.00,9.00,0.00,4.00,1.00,2.00,2.00,0.00,61.00,54.00,54.00,137.00,26.00,80.00,65.00,35.00,9.00,21.00,2.00,16.00,56.00,17.00,43.00,39.00,26.00,10.00,2.00,2.00,2.00,3.00,6.00,2.00,5.00,4.00,0.00,1.00,4.00,0.00,1.00,0.00,0.00,1.00,0.00,0.00,0.00,0.00,0.00,2.00,1.00,2.00,0.00,0.00,2.00,0.00,0.00,0.00,2.00,0.00,10.00,2.00,11.00,9.00,10.00,19.00,9.00,11.00,3.00,28.00,7.00,20.00,5.00,18.00,29.00,8.00,18.00,63.00,47.00,25.00,124.00,17.00,54.00,44.00,26.00,55.00,42.00,57.00,12.00,8.00,8.00,24.00,19.00,14.00,19.00,1.00,14.00,4.00,3.00,2.00,3.00,3.00,101.00,23.00
1029,24.00,4.00,5.00,6.00,10.00,6.00,10.00,4.00,4.00,4.00,2.00,1.00,2.00,6.00,1.00,0.00,2.00,4.00,1.00,6.00,1.00,1.00,1.00,1.00,0.00,0.00,17.00,13.00,20.00,29.00,6.00,27.00,24.00,41.00,7.00,29.00,19.00,14.00,15.00,16.00,16.00,18.00,23.00,7.00,4.00,4.00,1.00,3.00,7.00,4.00,6.00,3.00,3.00,4.00,1.00,1.00,1.00,0.00,1.00,0.00,0.00,0.00,0.00,0.00,0.00,0.00,0.00,0.00,1.00,0.00,0.00,0.00,0.00,0.00,1.00,0.00,3.00,0.00,8.00,4.00,5.00,5.00,11.00,1.00,2.00,31.00,3.00,30.00,25.00,36.00,66.00,38.00,28.00,20.00,29.00,25.00,144.00,16.00,36.00,28.00,15.00,27.00,20.00,23.00,4.00,3.00,2.00,20.00,14.00,7.00,10.00,3.00,7.00,5.00,1.00,2.00,2.00,1.00,80.00,15.00
1030,59.00,6.00,2.00,13.00,20.00,7.00,29.00,26.00,7.00,14.00,3.00,8.00,7.00,12.00,11.00,3.00,1.00,5.00,6.00,17.00,2.00,5.00,2.00,2.00,4.00,4.00,62.00,52.00,69.00,100.00,30.00,70.00,65.00,144.00,9.00,79.00,60.00,14.00,19.00,108.00,16.00,25.00,87.00,29.00,14.00,15.00,8.00,4.00,14.00,12.00,11.00,11.00,6.00,8.00,7.00,6.00,7.00,2.00,0.00,0.00,1.00,0.00,0.00,1.00,0.00,0.00,1.00,3.00,2.00,0.00,2.00,1.00,1.00,2.00,1.00,1.00,8.00,2.00,18.00,5.00,13.00,15.00,16.00,5.00,3.00,59.00,5.00,115.00,46.00,162.00,110.00,72.00,24.00,25.00,77.00,83.00,269.00,46.00,92.00,68.00,47.00,96.00,78.00,61.00,24.00,9.00,12.00,61.00,29.00,41.00,39.00,8.00,20.00,10.00,5.00,4.00,5.00,3.00,89.00,17.00
1031,47.00,6.00,3.00,14.00,16.00,5.00,25.00,29.00,5.00,5.00,3.00,4.00,2.00,6.00,4.00,2.00,0.00,1.00,2.00,8.00,1.00,6.00,1.00,2.00,2.00,1.00,13.00,13.00,26.00,22.00,16.00,12.00,10.00,66.00,22.00,15.00,13.00,19.00,95.00,30.00,57.00,92.00,49.00,42.00,48.00,63.00,36.00,21.00,87.00,46.00,61.00,52.00,17.00,21.00,25.00,16.00,15.00,0.00,1.00,1.00,0.00,1.00,0.00,0.00,0.00,0.00,0.00,3.00,3.00,0.00,2.00,0.00,0.00,1.00,1.00,0.00,7.00,2.00,9.00,4.00,4.00,6.00,13.00,2.00,3.00,25.00,3.00,40.00,59.00,90.00,85.00,22.00,33.00,87.00,24.00,25.00,242.00,15.00,43.00,48.00,15.00,59.00,18.00,38.00,5.00,6.00,4.00,42.00,15.00,56.00,19.00,26.00,11.00,13.00,3.00,3.00,4.00,6.00,149.00,31.00
1032,23.00,3.00,2.00,3.00,7.00,4.00,17.00,12.00,3.00,6.00,0.00,3.00,4.00,3.00,3.00,0.00,2.00,3.00,1.00,5.00,1.00,0.00,0.00,3.00,1.00,2.00,14.00,13.00,20.00,25.00,14.00,22.00,19.00,68.00,15.00,38.00,43.00,16.00,14.00,112.00,2.00,9.00,64.00,26.00,9.00,7.00,2.00,1.00,9.00,5.00,7.00,3.00,2.00,2.00,4.00,1.00,2.00,0.00,1.00,1.00,0.00,1.00,0.00,0.00,0.00,0.00,0.00,2.00,0.00,0.00,2.00,0.00,0.00,0.00,0.00,0.00,1.00,1.00,6.00,0.00,5.00,4.00,5.00,2.00,2.00,16.00,3.00,15.00,8.00,37.00,108.00,70.00,15.00,6.00,36.00,41.00,148.00,27.00,61.00,39.00,20.00,43.00,23.00,38.00,10.00,3.00,6.00,35.00,16.00,29.00,18.00,2.00,11.00,5.00,2.00,2.00,2.00,2.00,41.00,7.00
1033,98.00,10.00,11.00,21.00,31.00,11.00,52.00,29.00,8.00,9.00,4.00,3.00,7.00,17.00,9.00,5.00,4.00,6.00,9.00,19.00,2.00,8.00,6.00,5.00,5.00,4.00,14.00,25.00,32.00,40.00,32.00,36.00,31.00,51.00,28.00,47.00,41.00,17.00,23.00,106.00,8.00,16.00,75.00,59.00,17.00,21.00,11.00,8.00,22.00,19.00,20.00,15.00,13.00,7.00,11.00,6.00,9.00,0.00,0.00,0.00,1.00,0.00,0.00,0.00,0.00,0.00,2.00,4.00,1.00,0.00,3.00,0.00,0.00,0.00,0.00,0.00,6.00,2.00,9.00,4.00,4.00,11.00,6.00,4.00,1.00,21.00,4.00,23.00,13.00,51.00,132.00,66.00,44.00,24.00,48.00,46.00,240.00,37.00,66.00,61.00,29.00,63.00,50.00,60.00,23.00,14.00,15.00,75.00,43.00,63.00,47.00,22.00,39.00,17.00,7.00,7.00,8.00,4.00,119.00,21.00
1034,79.00,8.00,5.00,19.00,26.00,9.00,63.00,51.00,5.00,12.00,3.00,8.00,6.00,11.00,8.00,4.00,5.00,7.00,9.00,15.00,1.00,6.00,3.00,4.00,4.00,3.00,21.00,23.00,29.00,31.00,27.00,32.00,18.00,43.00,37.00,30.00,32.00,29.00,81.00,57.00,50.00,65.00,62.00,68.00,39.00,56.00,33.00,27.00,56.00,39.00,43.00,41.00,29.00,21.00,28.00,14.00,17.00,1.00,1.00,2.00,1.00,0.00,0.00,1.00,1.00,0.00,3.00,2.00,1.00,1.00,2.00,0.00,0.00,1.00,0.00,0.00,5.00,2.00,6.00,4.00,5.00,10.00,9.00,6.00,3.00,22.00,3.00,33.00,37.00,69.00,106.00,52.00,53.00,81.00,37.00,40.00,312.00,27.00,59.00,72.00,31.00,103.00,48.00,62.00,24.00,10.00,11.00,90.00,30.00,80.00,44.00,29.00,26.00,24.00,7.00,6.00,6.00,8.00,179.00,45.00
1035,34.00,4.00,3.00,9.00,14.00,7.00,35.00,61.00,3.00,2.00,2.00,0.00,1.00,3.00,3.00,0.00,0.00,2.00,1.00,6.00,1.00,0.00,0.00,3.00,3.00,1.00,5.00,6.00,8.00,7.00,4.00,6.00,4.00,42.00,11.00,9.00,10.00,7.00,29.00,46.00,22.00,53.00,66.00,72.00,50.00,73.00,40.00,32.00,100.00,69.00,90.00,77.00,26.00,26.00,34.00,27.00,14.00,1.00,0.00,0.00,0.00,0.00,1.00,0.00,1.00,0.00,1.00,1.00,1.00,0.00,0.00,1.00,0.00,0.00,0.00,0.00,1.00,0.00,2.00,4.00,1.00,1.00,5.00,2.00,2.00,11.00,0.00,21.00,46.00,74.00,32.00,12.00,13.00,20.00,11.00,10.00,94.00,6.00,18.00,22.00,6.00,19.00,8.00,13.00,5.00,4.00,2.00,21.00,9.00,49.00,13.00,28.00,3.00,7.00,2.00,1.00,2.00,9.00,55.00,13.00
1036,72.00,9.00,4.00,21.00,33.00,7.00,29.00,65.00,8.00,1.00,0.00,1.00,1.00,4.00,2.00,0.00,0.00,0.00,3.00,5.00,1.00,4.00,2.00,2.00,3.00,4.00,5.00,3.00,9.00,4.00,2.00,1.00,2.00,37.00,3.00,2.00,1.00,4.00,11.00,45.00,7.00,14.00,33.00,47.00,2.00,25.00,18.00,34.00,412.00,325.00,332.00,165.00,75.00,69.00,78.00,21.00,25.00,0.00,1.00,0.00,0.00,0.00,0.00,0.00,0.00,2.00,1.00,1.00,2.00,0.00,1.00,0.00,0.00,1.00,0.00,1.00,5.00,2.00,17.00,2.00,10.00,6.00,13.00,1.00,0.00,24.00,0.00,35.00,70.00,121.00,12.00,5.00,4.00,7.00,7.00,7.00,43.00,4.00,12.00,14.00,4.00,11.00,7.00,6.00,2.00,2.00,0.00,7.00,4.00,6.00,4.00,6.00,3.00,2.00,2.00,2.00,2.00,13.00,25.00,3.00
1037,48.00,3.00,4.00,10.00,10.00,6.00,42.00,57.00,5.00,2.00,2.00,3.00,1.00,2.00,2.00,1.00,0.00,5.00,4.00,6.00,1.00,2.00,1.00,1.00,0.00,0.00,11.00,3.00,12.00,7.00,3.00,2.00,4.00,42.00,6.00,6.00,1.00,6.00,15.00,74.00,9.00,21.00,60.00,89.00,33.00,38.00,51.00,56.00,255.00,186.00,205.00,117.00,57.00,62.00,79.00,30.00,24.00,0.00,0.00,2.00,0.00,0.00,0.00,0.00,1.00,0.00,1.00,0.00,0.00,0.00,3.00,0.00,0.00,1.00,0.00,1.00,4.00,1.00,15.00,3.00,7.00,5.00,30.00,1.00,2.00,43.00,2.00,65.00,139.00,93.00,17.00,5.00,5.00,8.00,5.00,3.00,46.00,4.00,13.00,12.00,3.00,10.00,10.00,12.00,5.00,3.00,2.00,10.00,6.00,14.00,8.00,8.00,7.00,5.00,1.00,3.00,1.00,10.00,26.00,7.00
1038,77.00,9.00,6.00,18.00,28.00,11.00,47.00,92.00,9.00,1.00,1.00,1.00,1.00,2.00,0.00,1.00,0.00,0.00,3.00,0.00,0.00,2.00,3.00,3.00,2.00,1.00,5.00,3.00,5.00,1.00,0.00,1.00,1.00,33.00,2.00,4.00,4.00,2.00,5.00,38.00,1.00,11.00,31.00,41.00,14.00,42.00,9.00,13.00,54.00,187.00,166.00,121.00,91.00,90.00,152.00,22.00,29.00,0.00,1.00,0.00,0.00,0.00,0.00,0.00,0.00,0.00,1.00,1.00,1.00,0.00,0.00,0.00,0.00,0.00,0.00,1.00,4.00,0.00,13.00,0.00,7.00,3.00,4.00,2.00,1.00,16.00,4.00,14.00,34.00,88.00,11.00,3.00,3.00,4.00,3.00,4.00,49.00,1.00,8.00,11.00,1.00,7.00,7.00,5.00,3.00,0.00,0.00,5.00,2.00,6.00,2.00,12.00,2.00,5.00,1.00,2.00,4.00,15.00,20.00,3.00
1039,41.00,6.00,2.00,13.00,13.00,5.00,71.00,80.00,4.00,7.00,2.00,0.00,0.00,2.00,1.00,2.00,0.00,0.00,1.00,4.00,0.00,1.00,1.00,4.00,1.00,1.00,2.00,7.00,2.00,0.00,1.00,2.00,2.00,9.00,0.00,1.00,2.00,2.00,4.00,20.00,2.00,8.00,23.00,30.00,31.00,45.00,13.00,4.00,7.00,28.00,27.00,33.00,34.00,49.00,67.00,24.00,31.00,0.00,1.00,0.00,0.00,0.00,0.00,0.00,0.00,0.00,0.00,0.00,0.00,1.00,0.00,0.00,0.00,0.00,0.00,1.00,1.00,1.00,6.00,1.00,4.00,0.00,3.00,0.00,2.00,6.00,1.00,7.00,20.00,41.00,4.00,4.00,3.00,3.00,2.00,4.00,36.00,2.00,4.00,8.00,1.00,5.00,2.00,4.00,1.00,0.00,1.00,5.00,2.00,5.00,3.00,12.00,0.00,4.00,0.00,2.00,0.00,14.00,12.00,4.00
1040,107.00,8.00,9.00,30.00,35.00,18.00,161.00,313.00,11.00,7.00,1.00,3.00,4.00,3.00,2.00,1.00,2.00,3.00,0.00,6.00,0.00,3.00,3.00,7.00,2.00,4.00,7.00,15.00,8.00,5.00,4.00,6.00,4.00,31.00,8.00,7.00,7.00,7.00,11.00,102.00,13.00,18.00,57.00,100.00,419.00,265.00,47.00,4.00,25.00,36.00,19.00,34.00,36.00,110.00,73.00,89.00,53.00,1.00,1.00,1.00,1.00,1.00,0.00,1.00,0.00,0.00,1.00,3.00,2.00,0.00,1.00,2.00,0.00,0.00,0.00,0.00,4.00,1.00,12.00,2.00,7.00,4.00,14.00,2.00,1.00,23.00,1.00,28.00,72.00,163.00,20.00,11.00,11.00,14.00,7.00,8.00,64.00,4.00,10.00,12.00,6.00,16.00,8.00,9.00,6.00,3.00,1.00,14.00,8.00,29.00,6.00,27.00,3.00,6.00,2.00,6.00,5.00,66.00,36.00,8.00
1041,89.00,7.00,6.00,18.00,25.00,7.00,247.00,475.00,6.00,7.00,2.00,3.00,1.00,3.00,2.00,2.00,1.00,0.00,2.00,6.00,0.00,4.00,3.00,4.00,0.00,4.00,5.00,12.00,5.00,3.00,2.00,8.00,4.00,23.00,4.00,4.00,4.00,4.00,13.00,43.00,9.00,17.00,42.00,67.00,319.00,186.00,155.00,17.00,29.00,0.00,1.00,8.00,1.00,97.00,9.00,90.00,38.00,0.00,1.00,1.00,0.00,0.00,0.00,1.00,1.00,0.00,1.00,2.00,1.00,0.00,0.00,1.00,0.00,1.00,0.00,1.00,2.00,0.00,10.00,1.00,6.00,5.00,10.00,3.00,0.00,18.00,3.00,14.00,53.00,80.00,23.00,11.00,6.00,8.00,6.00,8.00,68.00,4.00,7.00,12.00,5.00,11.00,10.00,9.00,5.00,2.00,3.00,10.00,9.00,17.00,2.00,37.00,6.00,7.00,4.00,3.00,2.00,118.00,30.00,6.00
1042,78.00,5.00,10.00,17.00,22.00,12.00,242.00,507.00,5.00,9.00,1.00,2.00,2.00,5.00,2.00,1.00,1.00,1.00,1.00,5.00,0.00,3.00,0.00,1.00,5.00,3.00,4.00,6.00,5.00,4.00,2.00,3.00,2.00,18.00,6.00,5.00,4.00,7.00,12.00,64.00,6.00,15.00,45.00,98.00,366.00,208.00,159.00,23.00,20.00,0.00,5.00,10.00,10.00,113.00,22.00,128.00,55.00,0.00,0.00,0.00,0.00,2.00,0.00,1.00,1.00,0.00,1.00,1.00,1.00,0.00,0.00,1.00,0.00,0.00,0.00,0.00,3.00,0.00,9.00,0.00,5.00,6.00,9.00,1.00,0.00,17.00,1.00,20.00,70.00,104.00,20.00,9.00,9.00,7.00,6.00,6.00,50.00,5.00,8.00,12.00,4.00,13.00,8.00,9.00,2.00,3.00,0.00,10.00,8.00,21.00,5.00,50.00,5.00,8.00,4.00,2.00,5.00,114.00,28.00,6.00
1043,67.00,6.00,7.00,15.00,18.00,6.00,183.00,465.00,3.00,2.00,1.00,0.00,1.00,2.00,3.00,1.00,1.00,0.00,1.00,3.00,0.00,1.00,1.00,0.00,0.00,1.00,4.00,4.00,5.00,4.00,3.00,3.00,3.00,13.00,4.00,3.00,3.00,3.00,9.00,62.00,4.00,14.00,37.00,73.00,167.00,134.00,116.00,31.00,28.00,7.00,8.00,4.00,4.00,50.00,6.00,55.00,22.00,0.00,0.00,0.00,0.00,0.00,0.00,0.00,0.00,1.00,0.00,2.00,0.00,0.00,1.00,0.00,1.00,0.00,0.00,1.00,4.00,1.00,6.00,0.00,9.00,2.00,2.00,0.00,0.00,9.00,3.00,10.00,30.00,66.00,21.00,7.00,6.00,8.00,5.00,6.00,43.00,2.00,7.00,8.00,5.00,15.00,6.00,10.00,3.00,2.00,2.00,11.00,6.00,24.00,7.00,63.00,4.00,8.00,4.00,3.00,6.00,89.00,22.00,8.00
1044,40.00,6.00,6.00,9.00,7.00,3.00,132.00,439.00,3.00,2.00,2.00,0.00,2.00,2.00,1.00,0.00,1.00,1.00,2.00,2.00,0.00,5.00,0.00,2.00,1.00,1.00,3.00,3.00,1.00,1.00,1.00,1.00,1.00,5.00,1.00,1.00,2.00,2.00,4.00,18.00,1.00,7.00,22.00,27.00,90.00,71.00,112.00,33.00,33.00,1.00,10.00,1.00,0.00,13.00,1.00,15.00,5.00,0.00,0.00,0.00,0.00,0.00,0.00,0.00,0.00,0.00,1.00,1.00,0.00,0.00,0.00,0.00,0.00,0.00,0.00,0.00,1.00,2.00,3.00,0.00,4.00,1.00,8.00,1.00,0.00,7.00,1.00,8.00,16.00,24.00,8.00,3.00,4.00,3.00,4.00,4.00,39.00,2.00,6.00,7.00,1.00,6.00,1.00,6.00,2.00,1.00,1.00,6.00,5.00,11.00,3.00,34.00,3.00,4.00,4.00,2.00,3.00,49.00,16.00,4.00
1045,79.00,5.00,3.00,12.00,16.00,10.00,251.00,743.00,4.00,2.00,0.00,0.00,3.00,2.00,2.00,4.00,0.00,0.00,0.00,3.00,1.00,2.00,2.00,2.00,0.00,2.00,3.00,2.00,1.00,5.00,0.00,1.00,0.00,10.00,1.00,0.00,2.00,3.00,5.00,28.00,3.00,7.00,24.00,26.00,72.00,77.00,111.00,45.00,109.00,103.00,112.00,47.00,15.00,14.00,7.00,17.00,10.00,0.00,0.00,0.00,0.00,0.00,0.00,0.00,1.00,0.00,0.00,1.00,0.00,1.00,2.00,0.00,0.00,0.00,0.00,1.00,2.00,0.00,5.00,1.00,4.00,1.00,3.00,0.00,0.00,7.00,1.00,8.00,14.00,25.00,16.00,6.00,3.00,5.00,5.00,2.00,39.00,2.00,12.00,9.00,3.00,12.00,5.00,4.00,1.00,1.00,0.00,10.00,6.00,22.00,3.00,54.00,0.00,8.00,2.00,2.00,5.00,59.00,17.00,3.00
1046,68.00,5.00,5.00,12.00,13.00,6.00,381.00,892.00,2.00,3.00,0.00,3.00,0.00,1.00,1.00,1.00,0.00,0.00,3.00,3.00,3.00,3.00,0.00,1.00,1.00,1.00,5.00,3.00,3.00,1.00,0.00,2.00,2.00,9.00,2.00,3.00,4.00,3.00,6.00,28.00,3.00,10.00,31.00,32.00,81.00,85.00,157.00,70.00,82.00,10.00,24.00,8.00,0.00,7.00,1.00,7.00,7.00,0.00,0.00,0.00,0.00,0.00,0.00,0.00,0.00,0.00,0.00,1.00,0.00,1.00,1.00,0.00,0.00,1.00,0.00,0.00,0.00,0.00,1.00,3.00,1.00,3.00,4.00,1.00,1.00,6.00,1.00,6.00,14.00,25.00,13.00,3.00,5.00,4.00,9.00,8.00,35.00,7.00,16.00,7.00,3.00,7.00,8.00,4.00,2.00,1.00,0.00,15.00,8.00,23.00,5.00,67.00,7.00,9.00,8.00,3.00,4.00,92.00,19.00,5.00
1047,40.00,3.00,3.00,6.00,8.00,3.00,96.00,218.00,2.00,0.00,1.00,1.00,0.00,1.00,0.00,2.00,2.00,1.00,0.00,1.00,0.00,1.00,0.00,0.00,0.00,1.00,2.00,4.00,2.00,1.00,1.00,0.00,0.00,7.00,1.00,1.00,1.00,0.00,2.00,16.00,3.00,8.00,15.00,24.00,17.00,26.00,18.00,21.00,84.00,92.00,126.00,54.00,13.00,11.00,6.00,5.00,6.00,0.00,0.00,0.00,1.00,0.00,0.00,0.00,0.00,0.00,0.00,1.00,0.00,0.00,0.00,0.00,0.00,0.00,0.00,0.00,1.00,0.00,2.00,1.00,4.00,1.00,2.00,0.00,2.00,3.00,0.00,1.00,6.00,18.00,7.00,3.00,4.00,2.00,2.00,3.00,27.00,3.00,4.00,6.00,0.00,4.00,2.00,3.00,0.00,0.00,3.00,12.00,3.00,21.00,3.00,20.00,4.00,6.00,2.00,3.00,3.00,14.00,10.00,2.00
1048,50.00,3.00,1.00,8.00,9.00,5.00,130.00,358.00,3.00,0.00,0.00,0.00,0.00,3.00,0.00,0.00,0.00,1.00,0.00,1.00,0.00,0.00,0.00,0.00,0.00,0.00,2.00,1.00,0.00,1.00,0.00,2.00,0.00,6.00,1.00,1.00,0.00,0.00,4.00,13.00,2.00,7.00,15.00,12.00,27.00,26.00,25.00,33.00,50.00,37.00,49.00,19.00,6.00,10.00,6.00,7.00,5.00,0.00,0.00,0.00,0.00,0.00,0.00,0.00,0.00,1.00,0.00,1.00,0.00,0.00,0.00,1.00,0.00,0.00,0.00,0.00,0.00,0.00,5.00,0.00,1.00,2.00,0.00,0.00,0.00,4.00,0.00,2.00,7.00,22.00,6.00,3.00,2.00,4.00,2.00,1.00,32.00,1.00,6.00,3.00,1.00,4.00,2.00,5.00,0.00,0.00,0.00,10.00,2.00,13.00,2.00,31.00,0.00,5.00,2.00,1.00,2.00,27.00,11.00,2.00
1049,37.00,7.00,12.00,304.00,158.00,4.00,0.00,1.00,4.00,4.00,19.00,5.00,1.00,7.00,1.00,10.00,2.00,2.00,1.00,1.00,4.00,0.00,0.00,2.00,1.00,1.00,3.00,2.00,0.00,1.00,1.00,0.00,2.00,2.00,1.00,1.00,0.00,0.00,1.00,1.00,0.00,0.00,1.00,0.00,0.00,0.00,0.00,1.00,0.00,1.00,0.00,0.00,0.00,0.00,1.00,0.00,0.00,7.00,207.00,115.00,236.00,101.00,51.00,69.00,12.00,95.00,87.00,155.00,39.00,8.00,28.00,12.00,7.00,17.00,7.00,3.00,17.00,87.00,10.00,22.00,6.00,6.00,1.00,5.00,52.00,0.00,36.00,2.00,1.00,1.00,4.00,1.00,1.00,0.00,2.00,0.00,4.00,1.00,1.00,0.00,0.00,2.00,2.00,1.00,1.00,1.00,0.00,0.00,2.00,0.00,1.00,1.00,1.00,1.00,1.00,0.00,0.00,0.00,2.00,0.00
1050,90.00,16.00,22.00,240.00,113.00,24.00,5.00,2.00,11.00,19.00,95.00,13.00,5.00,16.00,6.00,35.00,6.00,6.00,3.00,2.00,8.00,2.00,1.00,2.00,1.00,2.00,15.00,20.00,1.00,4.00,1.00,4.00,3.00,5.00,1.00,2.00,2.00,2.00,4.00,1.00,1.00,0.00,4.00,0.00,0.00,1.00,0.00,0.00,0.00,1.00,0.00,3.00,2.00,0.00,0.00,0.00,1.00,187.00,483.00,250.00,202.00,98.00,48.00,60.00,16.00,88.00,83.00,145.00,76.00,6.00,37.00,10.00,5.00,10.00,14.00,11.00,31.00,434.00,27.00,171.00,22.00,27.00,4.00,50.00,337.00,3.00,338.00,7.00,2.00,2.00,5.00,3.00,2.00,1.00,0.00,3.00,18.00,4.00,4.00,5.00,4.00,3.00,3.00,7.00,3.00,3.00,1.00,3.00,4.00,1.00,1.00,2.00,2.00,2.00,0.00,2.00,2.00,0.00,6.00,2.00
1051,43.00,12.00,12.00,249.00,162.00,6.00,3.00,2.00,7.00,6.00,24.00,4.00,5.00,5.00,1.00,14.00,4.00,2.00,2.00,2.00,5.00,0.00,0.00,2.00,2.00,0.00,4.00,8.00,1.00,3.00,0.00,1.00,0.00,4.00,1.00,0.00,0.00,0.00,2.00,0.00,1.00,0.00,0.00,2.00,1.00,1.00,1.00,1.00,1.00,0.00,1.00,1.00,1.00,0.00,0.00,1.00,0.00,116.00,248.00,38.00,129.00,118.00,99.00,134.00,33.00,223.00,193.00,335.00,76.00,10.00,49.00,15.00,13.00,19.00,13.00,8.00,18.00,92.00,14.00,26.00,7.00,10.00,3.00,8.00,71.00,2.00,78.00,4.00,3.00,2.00,2.00,1.00,1.00,1.00,2.00,0.00,7.00,2.00,4.00,1.00,2.00,1.00,0.00,4.00,0.00,1.00,0.00,1.00,2.00,1.00,0.00,1.00,0.00,0.00,0.00,1.00,0.00,0.00,2.00,0.00
1052,31.00,7.00,8.00,93.00,85.00,6.00,1.00,0.00,6.00,8.00,41.00,3.00,5.00,9.00,5.00,25.00,5.00,3.00,0.00,0.00,5.00,0.00,0.00,1.00,3.00,0.00,2.00,4.00,1.00,1.00,0.00,1.00,0.00,2.00,1.00,2.00,1.00,1.00,0.00,0.00,0.00,0.00,1.00,0.00,0.00,0.00,0.00,0.00,1.00,1.00,2.00,0.00,0.00,0.00,0.00,0.00,0.00,231.00,196.00,114.00,28.00,43.00,76.00,123.00,28.00,310.00,209.00,391.00,66.00,8.00,73.00,15.00,5.00,25.00,13.00,8.00,5.00,27.00,7.00,15.00,3.00,5.00,2.00,7.00,52.00,1.00,51.00,2.00,1.00,1.00,2.00,1.00,1.00,2.00,3.00,2.00,6.00,0.00,1.00,2.00,1.00,2.00,2.00,2.00,1.00,1.00,1.00,3.00,0.00,0.00,1.00,0.00,0.00,0.00,1.00,2.00,0.00,0.00,4.00,0.00
1053,21.00,4.00,5.00,80.00,96.00,4.00,0.00,1.00,3.00,3.00,22.00,2.00,4.00,5.00,3.00,22.00,2.00,2.00,1.00,1.00,6.00,0.00,1.00,0.00,0.00,0.00,2.00,2.00,0.00,1.00,0.00,1.00,0.00,0.00,0.00,1.00,0.00,0.00,0.00,0.00,0.00,1.00,0.00,1.00,0.00,1.00,0.00,0.00,1.00,2.00,1.00,0.00,0.00,0.00,0.00,1.00,0.00,105.00,93.00,116.00,37.00,35.00,26.00,46.00,33.00,128.00,64.00,232.00,55.00,15.00,63.00,20.00,8.00,24.00,13.00,8.00,4.00,15.00,4.00,9.00,2.00,3.00,0.00,2.00,22.00,1.00,21.00,1.00,0.00,2.00,1.00,0.00,2.00,0.00,1.00,0.00,5.00,0.00,4.00,3.00,0.00,2.00,2.00,7.00,0.00,0.00,0.00,2.00,0.00,0.00,1.00,0.00,0.00,0.00,1.00,0.00,1.00,0.00,1.00,2.00
1054,18.00,4.00,6.00,56.00,89.00,7.00,1.00,0.00,4.00,2.00,26.00,5.00,4.00,8.00,2.00,18.00,5.00,2.00,2.00,1.00,3.00,0.00,1.00,2.00,1.00,1.00,1.00,3.00,1.00,0.00,0.00,0.00,1.00,0.00,0.00,1.00,0.00,1.00,0.00,0.00,0.00,0.00,0.00,0.00,0.00,0.00,0.00,1.00,0.00,1.00,0.00,0.00,0.00,0.00,0.00,2.00,1.00,50.00,44.00,92.00,77.00,20.00,6.00,19.00,28.00,57.00,14.00,184.00,54.00,19.00,73.00,29.00,9.00,29.00,9.00,6.00,2.00,7.00,1.00,3.00,0.00,1.00,3.00,1.00,14.00,2.00,18.00,0.00,0.00,0.00,1.00,1.00,2.00,0.00,2.00,6.00,3.00,2.00,1.00,1.00,0.00,1.00,0.00,5.00,0.00,0.00,1.00,1.00,1.00,0.00,0.00,1.00,0.00,0.00,0.00,0.00,0.00,0.00,0.00,1.00
1055,28.00,7.00,8.00,149.00,240.00,4.00,3.00,4.00,8.00,5.00,34.00,3.00,8.00,9.00,1.00,40.00,6.00,1.00,2.00,0.00,8.00,0.00,0.00,1.00,3.00,2.00,1.00,3.00,1.00,1.00,0.00,2.00,1.00,1.00,0.00,0.00,0.00,0.00,2.00,0.00,0.00,2.00,0.00,1.00,0.00,0.00,0.00,0.00,1.00,3.00,0.00,2.00,1.00,0.00,0.00,0.00,0.00,73.00,55.00,152.00,133.00,46.00,20.00,3.00,85.00,5.00,8.00,29.00,90.00,43.00,74.00,82.00,26.00,78.00,36.00,18.00,1.00,11.00,3.00,7.00,1.00,2.00,2.00,6.00,17.00,2.00,40.00,0.00,1.00,0.00,1.00,2.00,0.00,1.00,2.00,0.00,8.00,1.00,2.00,0.00,0.00,2.00,3.00,5.00,0.00,1.00,0.00,1.00,0.00,1.00,1.00,0.00,0.00,0.00,0.00,0.00,1.00,1.00,1.00,0.00
1056,11.00,3.00,7.00,217.00,271.00,3.00,0.00,1.00,3.00,1.00,8.00,2.00,4.00,2.00,0.00,10.00,2.00,2.00,1.00,1.00,2.00,0.00,1.00,1.00,0.00,3.00,1.00,1.00,0.00,1.00,0.00,0.00,0.00,0.00,0.00,0.00,0.00,0.00,0.00,0.00,0.00,0.00,0.00,1.00,0.00,0.00,0.00,1.00,1.00,1.00,0.00,0.00,0.00,1.00,0.00,0.00,0.00,15.00,12.00,29.00,26.00,37.00,29.00,93.00,46.00,157.00,111.00,339.00,44.00,46.00,81.00,12.00,28.00,30.00,10.00,6.00,1.00,2.00,2.00,2.00,0.00,0.00,0.00,0.00,4.00,1.00,6.00,0.00,1.00,0.00,1.00,1.00,0.00,0.00,0.00,2.00,2.00,0.00,1.00,1.00,0.00,2.00,0.00,0.00,1.00,0.00,1.00,0.00,1.00,0.00,0.00,0.00,0.00,0.00,0.00,0.00,1.00,0.00,1.00,0.00
1057,29.00,8.00,11.00,187.00,316.00,6.00,1.00,3.00,10.00,4.00,73.00,3.00,11.00,15.00,3.00,74.00,6.00,6.00,6.00,2.00,13.00,0.00,0.00,2.00,2.00,3.00,1.00,3.00,1.00,1.00,1.00,3.00,2.00,0.00,0.00,3.00,1.00,1.00,2.00,2.00,0.00,3.00,0.00,0.00,1.00,1.00,0.00,0.00,1.00,1.00,0.00,0.00,1.00,2.00,1.00,0.00,0.00,101.00,72.00,255.00,359.00,135.00,60.00,4.00,160.00,6.00,14.00,52.00,200.00,87.00,215.00,216.00,53.00,167.00,81.00,41.00,3.00,13.00,1.00,3.00,1.00,3.00,0.00,7.00,26.00,0.00,41.00,0.00,1.00,1.00,4.00,0.00,1.00,1.00,1.00,2.00,6.00,2.00,3.00,1.00,1.00,2.00,2.00,6.00,2.00,2.00,1.00,1.00,2.00,1.00,0.00,0.00,0.00,1.00,0.00,0.00,0.00,0.00,3.00,0.00
1058,40.00,9.00,9.00,171.00,342.00,7.00,2.00,1.00,8.00,6.00,82.00,4.00,13.00,22.00,7.00,72.00,14.00,6.00,7.00,0.00,11.00,0.00,0.00,3.00,3.00,1.00,2.00,3.00,1.00,1.00,3.00,1.00,2.00,0.00,0.00,1.00,1.00,0.00,1.00,1.00,1.00,1.00,1.00,0.00,1.00,1.00,1.00,1.00,0.00,0.00,0.00,0.00,1.00,0.00,0.00,0.00,0.00,85.00,88.00,209.00,241.00,64.00,16.00,7.00,115.00,15.00,14.00,88.00,165.00,76.00,154.00,105.00,58.00,121.00,62.00,29.00,3.00,16.00,1.00,2.00,1.00,4.00,2.00,9.00,26.00,1.00,45.00,0.00,0.00,1.00,5.00,1.00,0.00,0.00,5.00,1.00,8.00,2.00,8.00,4.00,1.00,1.00,5.00,7.00,2.00,2.00,1.00,2.00,2.00,1.00,2.00,0.00,1.00,1.00,0.00,0.00,0.00,0.00,2.00,1.00
1059,122.00,31.00,61.00,644.00,794.00,19.00,7.00,9.00,33.00,14.00,143.00,14.00,21.00,40.00,11.00,157.00,23.00,19.00,11.00,6.00,35.00,5.00,3.00,10.00,9.00,7.00,4.00,11.00,1.00,4.00,2.00,4.00,2.00,3.00,2.00,6.00,3.00,1.00,1.00,3.00,1.00,4.00,2.00,0.00,2.00,2.00,4.00,3.00,4.00,3.00,4.00,1.00,1.00,3.00,0.00,1.00,1.00,176.00,153.00,366.00,445.00,247.00,181.00,29.00,361.00,53.00,93.00,147.00,362.00,189.00,478.00,444.00,123.00,389.00,211.00,118.00,7.00,30.00,12.00,17.00,6.00,6.00,3.00,12.00,61.00,4.00,91.00,2.00,2.00,2.00,10.00,5.00,2.00,4.00,7.00,5.00,15.00,3.00,8.00,5.00,3.00,3.00,8.00,17.00,3.00,6.00,1.00,5.00,6.00,1.00,3.00,0.00,4.00,2.00,1.00,2.00,2.00,2.00,8.00,2.00
1060,27.00,6.00,9.00,75.00,100.00,6.00,3.00,1.00,9.00,8.00,63.00,5.00,12.00,16.00,4.00,78.00,12.00,7.00,2.00,2.00,18.00,1.00,1.00,4.00,1.00,2.00,3.00,5.00,0.00,3.00,1.00,1.00,0.00,2.00,1.00,1.00,1.00,1.00,2.00,1.00,1.00,1.00,2.00,0.00,0.00,0.00,0.00,0.00,3.00,0.00,0.00,1.00,0.00,0.00,0.00,0.00,0.00,43.00,66.00,75.00,64.00,63.00,55.00,85.00,39.00,182.00,143.00,343.00,72.00,18.00,119.00,34.00,13.00,50.00,27.00,14.00,4.00,15.00,6.00,8.00,3.00,2.00,1.00,6.00,35.00,2.00,38.00,2.00,0.00,1.00,4.00,1.00,2.00,1.00,3.00,2.00,7.00,2.00,2.00,2.00,2.00,2.00,1.00,4.00,1.00,2.00,0.00,4.00,1.00,2.00,1.00,0.00,0.00,0.00,1.00,0.00,2.00,1.00,2.00,0.00
1061,25.00,5.00,7.00,172.00,869.00,4.00,0.00,1.00,4.00,2.00,4.00,0.00,1.00,2.00,1.00,6.00,1.00,0.00,2.00,1.00,2.00,1.00,1.00,0.00,0.00,2.00,2.00,2.00,0.00,1.00,1.00,0.00,0.00,0.00,0.00,0.00,0.00,1.00,0.00,1.00,0.00,0.00,0.00,0.00,0.00,0.00,0.00,0.00,1.00,0.00,0.00,0.00,0.00,0.00,0.00,0.00,0.00,9.00,7.00,11.00,9.00,17.00,16.00,38.00,48.00,80.00,66.00,171.00,16.00,131.00,78.00,101.00,127.00,76.00,39.00,12.00,2.00,1.00,1.00,0.00,0.00,0.00,0.00,0.00,3.00,1.00,3.00,0.00,0.00,0.00,0.00,0.00,0.00,0.00,0.00,0.00,1.00,0.00,2.00,1.00,0.00,0.00,1.00,0.00,0.00,1.00,0.00,0.00,1.00,0.00,0.00,1.00,0.00,0.00,0.00,0.00,1.00,0.00,2.00,0.00
1062,83.00,12.00,21.00,137.00,307.00,9.00,6.00,3.00,28.00,9.00,98.00,14.00,21.00,20.00,10.00,143.00,20.00,11.00,10.00,2.00,31.00,4.00,2.00,8.00,7.00,7.00,2.00,3.00,0.00,0.00,1.00,1.00,2.00,1.00,2.00,2.00,1.00,2.00,1.00,4.00,1.00,2.00,1.00,0.00,0.00,1.00,1.00,0.00,0.00,1.00,0.00,1.00,0.00,2.00,1.00,1.00,1.00,28.00,39.00,51.00,91.00,72.00,73.00,74.00,94.00,211.00,159.00,475.00,129.00,74.00,213.00,94.00,60.00,163.00,142.00,89.00,3.00,7.00,3.00,5.00,1.00,4.00,4.00,2.00,19.00,0.00,27.00,0.00,2.00,3.00,5.00,3.00,2.00,1.00,3.00,2.00,10.00,0.00,5.00,3.00,0.00,3.00,4.00,9.00,1.00,6.00,3.00,2.00,3.00,1.00,2.00,1.00,2.00,1.00,1.00,0.00,3.00,1.00,3.00,0.00
1063,18.00,6.00,2.00,88.00,566.00,7.00,0.00,1.00,5.00,2.00,5.00,0.00,0.00,3.00,1.00,6.00,0.00,1.00,0.00,0.00,4.00,0.00,0.00,2.00,0.00,1.00,1.00,1.00,0.00,0.00,0.00,0.00,1.00,0.00,0.00,1.00,0.00,0.00,1.00,0.00,0.00,1.00,0.00,0.00,0.00,0.00,1.00,0.00,2.00,0.00,0.00,0.00,0.00,1.00,0.00,0.00,0.00,10.00,7.00,14.00,18.00,20.00,29.00,61.00,13.00,182.00,93.00,387.00,30.00,70.00,82.00,13.00,42.00,65.00,28.00,9.00,2.00,1.00,1.00,1.00,1.00,0.00,0.00,1.00,2.00,0.00,3.00,1.00,0.00,0.00,0.00,0.00,1.00,0.00,0.00,0.00,1.00,0.00,1.00,0.00,0.00,0.00,1.00,3.00,0.00,1.00,0.00,0.00,1.00,0.00,0.00,1.00,2.00,0.00,0.00,0.00,0.00,1.00,2.00,0.00
1064,42.00,10.00,9.00,136.00,1457.00,8.00,1.00,0.00,14.00,0.00,6.00,2.00,3.00,2.00,0.00,10.00,1.00,3.00,1.00,1.00,5.00,0.00,0.00,1.00,1.00,1.00,0.00,0.00,0.00,0.00,0.00,0.00,0.00,1.00,1.00,0.00,0.00,0.00,1.00,1.00,0.00,1.00,0.00,0.00,0.00,0.00,0.00,0.00,1.00,1.00,0.00,1.00,0.00,0.00,0.00,1.00,0.00,8.00,4.00,7.00,7.00,7.00,9.00,22.00,32.00,45.00,53.00,104.00,9.00,99.00,57.00,47.00,110.00,106.00,57.00,20.00,1.00,1.00,0.00,0.00,0.00,1.00,0.00,1.00,2.00,0.00,4.00,0.00,0.00,0.00,0.00,1.00,0.00,0.00,0.00,0.00,0.00,2.00,1.00,1.00,0.00,0.00,2.00,1.00,0.00,0.00,0.00,0.00,0.00,0.00,1.00,0.00,0.00,0.00,0.00,0.00,2.00,0.00,1.00,0.00
1065,63.00,7.00,9.00,64.00,559.00,13.00,1.00,2.00,41.00,3.00,25.00,7.00,6.00,8.00,3.00,57.00,8.00,6.00,4.00,5.00,39.00,2.00,2.00,8.00,7.00,6.00,1.00,5.00,0.00,0.00,1.00,2.00,2.00,1.00,1.00,0.00,1.00,0.00,3.00,1.00,1.00,1.00,0.00,1.00,0.00,0.00,1.00,0.00,0.00,0.00,0.00,0.00,0.00,1.00,0.00,0.00,0.00,16.00,8.00,20.00,25.00,24.00,29.00,68.00,29.00,155.00,110.00,367.00,57.00,62.00,149.00,69.00,135.00,0.00,109.00,222.00,1.00,2.00,3.00,4.00,2.00,2.00,0.00,1.00,5.00,3.00,7.00,0.00,0.00,1.00,3.00,0.00,2.00,0.00,3.00,2.00,6.00,1.00,3.00,0.00,0.00,1.00,3.00,4.00,0.00,2.00,1.00,0.00,3.00,2.00,1.00,1.00,1.00,0.00,1.00,0.00,2.00,0.00,0.00,2.00
1066,88.00,10.00,9.00,74.00,485.00,9.00,3.00,1.00,65.00,2.00,36.00,4.00,8.00,11.00,4.00,68.00,12.00,9.00,8.00,2.00,44.00,1.00,6.00,10.00,10.00,10.00,1.00,2.00,0.00,0.00,0.00,0.00,0.00,0.00,0.00,0.00,0.00,0.00,0.00,0.00,1.00,0.00,1.00,0.00,0.00,1.00,0.00,0.00,1.00,1.00,1.00,0.00,0.00,0.00,0.00,0.00,0.00,10.00,8.00,11.00,12.00,18.00,15.00,38.00,14.00,81.00,78.00,205.00,29.00,37.00,134.00,31.00,62.00,114.00,70.00,71.00,1.00,3.00,2.00,4.00,0.00,0.00,1.00,2.00,7.00,1.00,6.00,2.00,1.00,1.00,2.00,2.00,1.00,2.00,3.00,0.00,3.00,0.00,1.00,2.00,0.00,0.00,1.00,6.00,1.00,5.00,2.00,1.00,3.00,1.00,1.00,1.00,3.00,0.00,2.00,3.00,2.00,0.00,1.00,0.00
1067,216.00,12.00,14.00,52.00,279.00,12.00,4.00,1.00,600.00,3.00,31.00,4.00,10.00,9.00,5.00,72.00,24.00,30.00,29.00,11.00,193.00,5.00,18.00,116.00,76.00,97.00,2.00,1.00,1.00,0.00,1.00,0.00,1.00,1.00,0.00,3.00,0.00,0.00,2.00,0.00,1.00,2.00,1.00,1.00,0.00,0.00,0.00,0.00,0.00,0.00,1.00,2.00,1.00,1.00,1.00,1.00,0.00,6.00,4.00,9.00,9.00,11.00,8.00,29.00,7.00,45.00,34.00,103.00,21.00,13.00,95.00,13.00,23.00,248.00,92.00,124.00,2.00,2.00,4.00,1.00,1.00,1.00,0.00,1.00,3.00,1.00,6.00,0.00,0.00,0.00,1.00,5.00,0.00,3.00,3.00,1.00,4.00,0.00,4.00,1.00,1.00,2.00,2.00,4.00,1.00,6.00,2.00,2.00,4.00,2.00,4.00,2.00,3.00,2.00,2.00,5.00,5.00,0.00,3.00,0.00
1068,42.00,5.00,7.00,39.00,33.00,7.00,3.00,5.00,7.00,10.00,12.00,5.00,4.00,13.00,6.00,3.00,1.00,3.00,2.00,3.00,3.00,2.00,0.00,0.00,1.00,1.00,129.00,31.00,12.00,28.00,6.00,6.00,7.00,16.00,6.00,6.00,10.00,4.00,9.00,6.00,2.00,4.00,5.00,2.00,9.00,6.00,6.00,1.00,3.00,4.00,3.00,2.00,1.00,1.00,1.00,0.00,2.00,15.00,30.00,17.00,4.00,3.00,0.00,1.00,0.00,3.00,4.00,5.00,4.00,0.00,3.00,2.00,0.00,2.00,3.00,0.00,3.00,114.00,315.00,511.00,95.00,213.00,102.00,61.00,49.00,117.00,52.00,91.00,22.00,21.00,21.00,9.00,5.00,4.00,12.00,8.00,53.00,3.00,16.00,10.00,3.00,8.00,8.00,15.00,1.00,2.00,2.00,3.00,6.00,1.00,4.00,1.00,3.00,2.00,2.00,0.00,1.00,1.00,19.00,8.00
1069,56.00,11.00,9.00,72.00,44.00,14.00,5.00,2.00,8.00,24.00,44.00,8.00,6.00,22.00,7.00,13.00,6.00,4.00,4.00,2.00,4.00,2.00,1.00,1.00,0.00,2.00,21.00,33.00,4.00,5.00,1.00,6.00,4.00,4.00,2.00,2.00,3.00,0.00,1.00,2.00,1.00,1.00,5.00,0.00,1.00,3.00,0.00,1.00,1.00,1.00,0.00,0.00,0.00,1.00,1.00,1.00,0.00,84.00,395.00,80.00,26.00,11.00,7.00,10.00,1.00,14.00,16.00,25.00,12.00,1.00,6.00,2.00,2.00,1.00,5.00,4.00,116.00,91.00,100.00,301.00,69.00,107.00,19.00,88.00,124.00,12.00,423.00,13.00,4.00,7.00,10.00,2.00,1.00,2.00,6.00,5.00,21.00,2.00,8.00,4.00,2.00,2.00,2.00,8.00,1.00,3.00,2.00,4.00,2.00,1.00,2.00,0.00,1.00,1.00,0.00,0.00,1.00,0.00,7.00,1.00
1070,67.00,11.00,14.00,64.00,43.00,8.00,12.00,13.00,9.00,12.00,10.00,5.00,3.00,11.00,5.00,4.00,2.00,3.00,1.00,4.00,0.00,1.00,2.00,4.00,2.00,1.00,269.00,47.00,27.00,44.00,12.00,19.00,12.00,40.00,6.00,12.00,11.00,6.00,17.00,8.00,6.00,10.00,5.00,2.00,14.00,14.00,13.00,6.00,14.00,12.00,10.00,3.00,3.00,2.00,1.00,1.00,4.00,14.00,26.00,16.00,8.00,5.00,1.00,3.00,2.00,2.00,2.00,7.00,5.00,1.00,3.00,1.00,0.00,2.00,1.00,2.00,330.00,92.00,2.00,403.00,84.00,285.00,346.00,56.00,55.00,533.00,49.00,140.00,55.00,54.00,41.00,14.00,14.00,8.00,18.00,11.00,77.00,5.00,22.00,18.00,9.00,9.00,14.00,17.00,2.00,6.00,7.00,8.00,7.00,3.00,6.00,1.00,3.00,1.00,0.00,3.00,0.00,2.00,40.00,8.00
1071,74.00,9.00,9.00,62.00,46.00,15.00,7.00,5.00,11.00,31.00,23.00,14.00,11.00,15.00,6.00,15.00,5.00,5.00,2.00,1.00,7.00,2.00,1.00,3.00,0.00,1.00,105.00,89.00,8.00,22.00,6.00,9.00,14.00,11.00,7.00,3.00,9.00,5.00,9.00,6.00,2.00,5.00,5.00,2.00,3.00,3.00,2.00,2.00,4.00,1.00,2.00,1.00,1.00,2.00,2.00,1.00,2.00,28.00,167.00,22.00,13.00,9.00,3.00,5.00,1.00,4.00,3.00,11.00,8.00,1.00,4.00,1.00,1.00,4.00,4.00,3.00,471.00,304.00,386.00,32.00,319.00,135.00,54.00,116.00,254.00,69.00,195.00,57.00,13.00,16.00,18.00,10.00,9.00,5.00,7.00,9.00,47.00,6.00,13.00,7.00,5.00,8.00,9.00,14.00,3.00,3.00,3.00,6.00,5.00,5.00,7.00,3.00,6.00,2.00,1.00,1.00,1.00,1.00,18.00,4.00
1072,40.00,7.00,6.00,43.00,37.00,5.00,3.00,6.00,5.00,6.00,5.00,1.00,2.00,8.00,4.00,4.00,2.00,2.00,1.00,1.00,1.00,0.00,2.00,1.00,0.00,1.00,161.00,34.00,21.00,33.00,5.00,6.00,5.00,22.00,6.00,9.00,9.00,3.00,9.00,4.00,3.00,5.00,6.00,1.00,7.00,8.00,3.00,3.00,4.00,7.00,4.00,6.00,2.00,3.00,1.00,0.00,0.00,8.00,20.00,11.00,4.00,3.00,2.00,0.00,1.00,2.00,1.00,4.00,5.00,0.00,3.00,2.00,0.00,1.00,0.00,1.00,93.00,71.00,75.00,308.00,62.00,183.00,143.00,47.00,30.00,181.00,34.00,103.00,36.00,30.00,30.00,7.00,9.00,4.00,7.00,7.00,52.00,3.00,12.00,11.00,4.00,4.00,7.00,6.00,2.00,3.00,1.00,3.00,3.00,1.00,2.00,0.00,3.00,2.00,2.00,0.00,0.00,1.00,24.00,4.00
1073,44.00,6.00,6.00,32.00,26.00,6.00,9.00,7.00,5.00,24.00,15.00,7.00,5.00,19.00,7.00,3.00,5.00,2.00,2.00,4.00,3.00,2.00,0.00,1.00,2.00,0.00,103.00,84.00,24.00,54.00,12.00,17.00,21.00,19.00,13.00,17.00,22.00,7.00,13.00,7.00,4.00,8.00,10.00,3.00,3.00,4.00,2.00,1.00,6.00,1.00,2.00,4.00,0.00,2.00,2.00,0.00,1.00,7.00,29.00,7.00,8.00,3.00,1.00,2.00,1.00,1.00,3.00,7.00,6.00,2.00,1.00,1.00,1.00,3.00,2.00,3.00,221.00,118.00,281.00,126.00,203.00,93.00,68.00,66.00,68.00,103.00,106.00,55.00,18.00,22.00,66.00,23.00,13.00,14.00,14.00,13.00,84.00,8.00,25.00,14.00,4.00,10.00,12.00,22.00,4.00,5.00,3.00,6.00,5.00,2.00,4.00,3.00,3.00,2.00,3.00,2.00,1.00,0.00,33.00,9.00
1074,45.00,5.00,6.00,27.00,24.00,8.00,13.00,8.00,2.00,3.00,2.00,0.00,2.00,4.00,2.00,2.00,0.00,0.00,2.00,2.00,1.00,2.00,0.00,1.00,0.00,2.00,100.00,16.00,30.00,29.00,6.00,5.00,5.00,53.00,6.00,4.00,8.00,8.00,17.00,11.00,2.00,5.00,9.00,6.00,14.00,29.00,7.00,3.00,14.00,13.00,10.00,7.00,8.00,2.00,6.00,1.00,3.00,1.00,5.00,2.00,2.00,1.00,1.00,1.00,1.00,0.00,3.00,5.00,1.00,0.00,4.00,0.00,1.00,1.00,0.00,1.00,88.00,21.00,342.00,56.00,140.00,74.00,32.00,10.00,12.00,41.00,8.00,102.00,92.00,84.00,28.00,12.00,10.00,10.00,12.00,10.00,58.00,5.00,22.00,10.00,3.00,10.00,3.00,10.00,1.00,3.00,2.00,4.00,7.00,2.00,4.00,0.00,3.00,3.00,3.00,1.00,1.00,1.00,25.00,5.00
1075,34.00,5.00,3.00,17.00,18.00,6.00,6.00,2.00,6.00,55.00,36.00,29.00,11.00,69.00,14.00,9.00,3.00,6.00,1.00,3.00,3.00,1.00,2.00,1.00,1.00,2.00,59.00,57.00,5.00,19.00,4.00,19.00,11.00,4.00,3.00,9.00,13.00,2.00,5.00,0.00,2.00,4.00,4.00,2.00,1.00,2.00,1.00,0.00,4.00,2.00,0.00,0.00,2.00,1.00,1.00,0.00,0.00,6.00,52.00,8.00,9.00,3.00,1.00,8.00,2.00,8.00,7.00,11.00,6.00,1.00,3.00,1.00,0.00,2.00,2.00,2.00,71.00,95.00,59.00,103.00,50.00,63.00,10.00,48.00,79.00,29.00,209.00,11.00,3.00,3.00,22.00,8.00,4.00,3.00,11.00,5.00,39.00,2.00,17.00,8.00,2.00,7.00,11.00,16.00,0.00,8.00,1.00,3.00,5.00,1.00,4.00,0.00,3.00,0.00,0.00,0.00,1.00,0.00,13.00,2.00
1076,52.00,8.00,11.00,53.00,45.00,10.00,3.00,2.00,10.00,55.00,92.00,25.00,19.00,74.00,12.00,39.00,10.00,4.00,5.00,3.00,7.00,0.00,0.00,2.00,2.00,3.00,18.00,44.00,4.00,5.00,1.00,7.00,4.00,4.00,2.00,5.00,3.00,1.00,4.00,0.00,0.00,2.00,2.00,1.00,2.00,1.00,3.00,0.00,2.00,0.00,0.00,1.00,0.00,0.00,1.00,0.00,0.00,57.00,312.00,79.00,59.00,24.00,18.00,20.00,6.00,29.00,28.00,56.00,34.00,3.00,17.00,4.00,3.00,5.00,5.00,3.00,52.00,120.00,60.00,245.00,36.00,68.00,9.00,82.00,148.00,16.00,226.00,10.00,4.00,5.00,13.00,5.00,3.00,1.00,7.00,6.00,25.00,2.00,10.00,3.00,1.00,3.00,6.00,10.00,4.00,5.00,2.00,4.00,4.00,2.00,2.00,0.00,2.00,1.00,0.00,0.00,3.00,1.00,8.00,1.00
1077,65.00,8.00,6.00,23.00,20.00,8.00,13.00,14.00,5.00,9.00,6.00,4.00,2.00,6.00,5.00,2.00,3.00,2.00,2.00,7.00,0.00,4.00,2.00,2.00,2.00,2.00,148.00,46.00,112.00,89.00,41.00,17.00,14.00,122.00,35.00,21.00,27.00,28.00,49.00,27.00,10.00,19.00,22.00,14.00,22.00,45.00,16.00,8.00,26.00,12.00,12.00,7.00,7.00,8.00,7.00,1.00,3.00,3.00,4.00,1.00,2.00,0.00,0.00,1.00,1.00,0.00,1.00,5.00,1.00,0.00,3.00,2.00,2.00,2.00,2.00,1.00,99.00,11.00,465.00,56.00,180.00,97.00,42.00,22.00,10.00,22.00,14.00,242.00,274.00,225.00,92.00,27.00,30.00,23.00,21.00,18.00,138.00,11.00,29.00,22.00,4.00,18.00,22.00,21.00,4.00,5.00,3.00,13.00,14.00,8.00,9.00,3.00,8.00,3.00,4.00,3.00,3.00,2.00,79.00,14.00
1078,53.00,10.00,10.00,37.00,46.00,7.00,4.00,2.00,10.00,151.00,148.00,48.00,40.00,105.00,26.00,57.00,13.00,8.00,8.00,4.00,12.00,3.00,0.00,2.00,3.00,1.00,27.00,106.00,4.00,17.00,3.00,22.00,13.00,6.00,2.00,10.00,11.00,7.00,5.00,3.00,2.00,4.00,4.00,3.00,2.00,0.00,2.00,1.00,4.00,3.00,1.00,2.00,1.00,1.00,1.00,1.00,0.00,41.00,348.00,78.00,52.00,22.00,26.00,34.00,8.00,45.00,50.00,82.00,38.00,3.00,23.00,3.00,2.00,5.00,8.00,5.00,63.00,442.00,53.00,200.00,37.00,117.00,9.00,239.00,237.00,12.00,3.00,8.00,2.00,2.00,19.00,9.00,4.00,4.00,11.00,9.00,38.00,7.00,13.00,8.00,3.00,7.00,10.00,17.00,2.00,11.00,3.00,6.00,5.00,1.00,2.00,1.00,3.00,1.00,1.00,2.00,2.00,0.00,14.00,2.00
1079,52.00,5.00,6.00,18.00,20.00,9.00,19.00,12.00,3.00,11.00,2.00,3.00,2.00,6.00,4.00,1.00,2.00,3.00,2.00,5.00,0.00,2.00,0.00,1.00,0.00,2.00,93.00,39.00,45.00,56.00,31.00,20.00,18.00,77.00,36.00,17.00,18.00,27.00,105.00,40.00,16.00,25.00,35.00,20.00,33.00,71.00,16.00,6.00,25.00,18.00,19.00,13.00,8.00,5.00,9.00,2.00,3.00,2.00,7.00,2.00,1.00,1.00,0.00,0.00,1.00,2.00,2.00,1.00,2.00,1.00,1.00,1.00,0.00,0.00,0.00,1.00,79.00,17.00,145.00,55.00,104.00,52.00,97.00,13.00,9.00,223.00,7.00,89.00,97.00,164.00,113.00,31.00,37.00,33.00,15.00,17.00,150.00,18.00,30.00,16.00,8.00,16.00,15.00,23.00,3.00,3.00,3.00,14.00,10.00,8.00,8.00,4.00,4.00,2.00,2.00,3.00,4.00,2.00,75.00,20.00
1080,47.00,4.00,4.00,14.00,12.00,8.00,14.00,17.00,3.00,3.00,2.00,4.00,1.00,3.00,2.00,1.00,1.00,0.00,2.00,3.00,0.00,0.00,3.00,1.00,2.00,2.00,44.00,13.00,44.00,17.00,16.00,6.00,5.00,120.00,11.00,6.00,7.00,21.00,41.00,59.00,8.00,16.00,37.00,48.00,81.00,128.00,43.00,19.00,69.00,49.00,71.00,30.00,17.00,11.00,14.00,4.00,8.00,0.00,3.00,0.00,0.00,0.00,0.00,0.00,0.00,1.00,1.00,2.00,0.00,0.00,2.00,0.00,1.00,1.00,1.00,0.00,25.00,7.00,60.00,11.00,37.00,14.00,105.00,1.00,2.00,260.00,4.00,96.00,84.00,226.00,30.00,10.00,12.00,14.00,10.00,5.00,58.00,8.00,18.00,16.00,5.00,10.00,10.00,8.00,2.00,2.00,3.00,10.00,2.00,5.00,5.00,4.00,4.00,2.00,1.00,3.00,1.00,2.00,34.00,11.00
1081,87.00,9.00,12.00,23.00,23.00,12.00,32.00,38.00,6.00,8.00,3.00,3.00,3.00,7.00,3.00,3.00,3.00,2.00,3.00,5.00,2.00,4.00,1.00,3.00,2.00,2.00,79.00,22.00,58.00,55.00,47.00,16.00,11.00,107.00,49.00,17.00,14.00,33.00,143.00,89.00,32.00,48.00,63.00,66.00,119.00,90.00,85.00,44.00,155.00,86.00,95.00,56.00,23.00,26.00,24.00,15.00,20.00,2.00,3.00,2.00,3.00,2.00,0.00,0.00,0.00,1.00,0.00,3.00,0.00,1.00,2.00,1.00,0.00,0.00,1.00,0.00,17.00,5.00,55.00,13.00,29.00,19.00,90.00,5.00,6.00,226.00,5.00,164.00,219.00,147.00,97.00,28.00,41.00,51.00,16.00,14.00,161.00,10.00,33.00,33.00,5.00,19.00,13.00,26.00,4.00,3.00,4.00,19.00,12.00,24.00,12.00,9.00,5.00,5.00,5.00,2.00,5.00,14.00,91.00,15.00
1082,142.00,26.00,24.00,34.00,41.00,16.00,73.00,57.00,15.00,44.00,14.00,27.00,21.00,44.00,31.00,10.00,7.00,11.00,16.00,40.00,4.00,20.00,6.00,8.00,6.00,6.00,197.00,155.00,129.00,256.00,78.00,217.00,151.00,165.00,28.00,76.00,31.00,65.00,112.00,90.00,121.00,133.00,116.00,35.00,18.00,21.00,11.00,6.00,24.00,20.00,24.00,17.00,13.00,13.00,14.00,9.00,8.00,2.00,5.00,3.00,3.00,3.00,1.00,1.00,1.00,2.00,2.00,9.00,3.00,1.00,5.00,1.00,0.00,3.00,2.00,3.00,21.00,9.00,43.00,18.00,36.00,74.00,31.00,24.00,14.00,108.00,26.00,127.00,34.00,114.00,109.00,55.00,50.00,143.00,144.00,114.00,271.00,58.00,211.00,121.00,73.00,183.00,165.00,140.00,44.00,35.00,29.00,107.00,75.00,51.00,69.00,11.00,48.00,24.00,14.00,15.00,15.00,5.00,191.00,60.00
1083,104.00,7.00,6.00,15.00,23.00,9.00,30.00,19.00,11.00,25.00,8.00,16.00,6.00,32.00,16.00,7.00,4.00,7.00,8.00,18.00,2.00,14.00,4.00,5.00,4.00,6.00,55.00,67.00,40.00,98.00,38.00,133.00,81.00,63.00,26.00,43.00,7.00,42.00,74.00,25.00,66.00,72.00,47.00,10.00,7.00,3.00,4.00,4.00,8.00,11.00,8.00,5.00,5.00,5.00,4.00,2.00,2.00,0.00,3.00,4.00,1.00,0.00,1.00,1.00,0.00,0.00,3.00,4.00,2.00,2.00,3.00,1.00,0.00,1.00,1.00,2.00,8.00,2.00,16.00,7.00,12.00,25.00,10.00,15.00,4.00,30.00,9.00,33.00,9.00,25.00,54.00,8.00,10.00,71.00,79.00,59.00,72.00,17.00,104.00,48.00,33.00,105.00,93.00,97.00,28.00,21.00,18.00,58.00,52.00,26.00,42.00,5.00,27.00,16.00,9.00,8.00,8.00,3.00,62.00,23.00
1084,70.00,4.00,2.00,6.00,16.00,9.00,23.00,17.00,6.00,14.00,3.00,7.00,3.00,15.00,9.00,3.00,2.00,4.00,4.00,12.00,1.00,7.00,3.00,3.00,5.00,0.00,38.00,40.00,63.00,55.00,41.00,53.00,35.00,85.00,26.00,46.00,19.00,31.00,23.00,36.00,14.00,46.00,48.00,17.00,5.00,3.00,3.00,3.00,13.00,8.00,9.00,5.00,3.00,4.00,2.00,1.00,3.00,0.00,4.00,1.00,1.00,0.00,1.00,0.00,0.00,0.00,0.00,2.00,0.00,0.00,2.00,1.00,0.00,2.00,1.00,0.00,6.00,3.00,13.00,7.00,7.00,15.00,11.00,6.00,2.00,31.00,10.00,40.00,11.00,41.00,45.00,11.00,0.00,6.00,70.00,68.00,23.00,16.00,102.00,13.00,29.00,47.00,72.00,62.00,18.00,12.00,16.00,38.00,35.00,23.00,28.00,5.00,26.00,10.00,6.00,2.00,6.00,2.00,9.00,2.00
1085,45.00,3.00,3.00,8.00,12.00,7.00,29.00,23.00,5.00,11.00,3.00,4.00,3.00,14.00,9.00,3.00,3.00,3.00,6.00,16.00,0.00,4.00,2.00,1.00,4.00,1.00,29.00,22.00,41.00,51.00,27.00,44.00,31.00,108.00,21.00,65.00,54.00,19.00,20.00,90.00,6.00,26.00,87.00,22.00,9.00,10.00,4.00,1.00,9.00,11.00,5.00,7.00,7.00,5.00,7.00,3.00,4.00,1.00,1.00,0.00,1.00,1.00,0.00,1.00,0.00,1.00,1.00,2.00,0.00,0.00,3.00,0.00,0.00,0.00,0.00,2.00,5.00,3.00,10.00,3.00,5.00,9.00,9.00,3.00,4.00,21.00,1.00,37.00,15.00,50.00,133.00,69.00,8.00,2.00,52.00,66.00,123.00,28.00,89.00,44.00,29.00,59.00,60.00,58.00,19.00,9.00,9.00,50.00,26.00,35.00,28.00,5.00,25.00,14.00,4.00,4.00,5.00,0.00,22.00,2.00
1086,62.00,7.00,6.00,17.00,24.00,8.00,38.00,24.00,9.00,34.00,12.00,32.00,20.00,83.00,44.00,13.00,14.00,22.00,25.00,42.00,4.00,26.00,7.00,3.00,3.00,6.00,23.00,52.00,18.00,46.00,18.00,36.00,34.00,34.00,36.00,33.00,46.00,25.00,67.00,22.00,32.00,44.00,37.00,8.00,7.00,6.00,3.00,3.00,5.00,8.00,8.00,5.00,3.00,5.00,7.00,5.00,1.00,2.00,2.00,0.00,2.00,3.00,1.00,1.00,1.00,1.00,2.00,5.00,1.00,0.00,1.00,2.00,0.00,3.00,2.00,1.00,7.00,3.00,14.00,7.00,6.00,11.00,8.00,12.00,5.00,20.00,11.00,13.00,10.00,18.00,145.00,89.00,71.00,54.00,5.00,34.00,566.00,44.00,10.00,102.00,15.00,95.00,24.00,78.00,7.00,50.00,57.00,59.00,122.00,32.00,56.00,7.00,51.00,20.00,10.00,13.00,12.00,3.00,191.00,41.00
1087,74.00,5.00,6.00,13.00,27.00,14.00,29.00,22.00,8.00,17.00,4.00,16.00,11.00,32.00,24.00,5.00,5.00,10.00,12.00,20.00,1.00,12.00,4.00,4.00,3.00,5.00,31.00,50.00,23.00,48.00,19.00,67.00,42.00,32.00,36.00,40.00,26.00,29.00,68.00,24.00,40.00,43.00,35.00,8.00,6.00,6.00,4.00,1.00,11.00,7.00,7.00,6.00,3.00,3.00,8.00,2.00,1.00,0.00,1.00,1.00,0.00,0.00,1.00,0.00,2.00,3.00,1.00,3.00,2.00,0.00,1.00,1.00,1.00,1.00,1.00,0.00,6.00,2.00,11.00,8.00,4.00,15.00,5.00,8.00,2.00,14.00,9.00,17.00,7.00,17.00,109.00,57.00,66.00,64.00,33.00,48.00,281.00,43.00,42.00,93.00,13.00,75.00,56.00,103.00,16.00,26.00,21.00,49.00,62.00,30.00,46.00,6.00,29.00,14.00,7.00,6.00,11.00,2.00,167.00,41.00
1088,334.00,27.00,20.00,52.00,86.00,56.00,381.00,214.00,32.00,83.00,34.00,81.00,51.00,152.00,92.00,27.00,32.00,59.00,68.00,147.00,7.00,65.00,35.00,18.00,22.00,19.00,178.00,190.00,166.00,283.00,172.00,402.00,224.00,331.00,192.00,230.00,126.00,152.00,292.00,250.00,147.00,235.00,323.00,109.00,48.00,52.00,54.00,39.00,67.00,79.00,58.00,44.00,44.00,48.00,39.00,26.00,38.00,3.00,11.00,7.00,6.00,5.00,6.00,6.00,1.00,9.00,10.00,17.00,11.00,2.00,9.00,3.00,0.00,6.00,4.00,4.00,58.00,22.00,89.00,42.00,61.00,97.00,63.00,40.00,21.00,152.00,39.00,158.00,64.00,172.00,277.00,76.00,20.00,127.00,526.00,268.00,31.00,54.00,425.00,22.00,107.00,70.00,593.00,507.00,226.00,125.00,170.00,489.00,329.00,312.00,411.00,85.00,281.00,155.00,59.00,59.00,63.00,36.00,22.00,12.00
1089,48.00,4.00,2.00,10.00,13.00,9.00,21.00,11.00,3.00,9.00,4.00,9.00,6.00,15.00,16.00,3.00,2.00,5.00,6.00,12.00,0.00,11.00,4.00,3.00,2.00,2.00,20.00,23.00,16.00,24.00,12.00,44.00,25.00,28.00,19.00,29.00,17.00,22.00,42.00,14.00,28.00,43.00,29.00,8.00,5.00,4.00,2.00,2.00,10.00,2.00,8.00,2.00,3.00,3.00,3.00,1.00,1.00,0.00,2.00,1.00,0.00,0.00,0.00,1.00,0.00,3.00,2.00,3.00,2.00,0.00,0.00,0.00,0.00,1.00,1.00,1.00,4.00,1.00,8.00,5.00,4.00,12.00,4.00,4.00,4.00,10.00,7.00,14.00,9.00,13.00,61.00,19.00,20.00,31.00,43.00,44.00,52.00,17.00,57.00,14.00,8.00,18.00,49.00,81.00,24.00,16.00,24.00,51.00,45.00,19.00,41.00,4.00,30.00,13.00,6.00,6.00,6.00,0.00,28.00,15.00
1090,119.00,10.00,9.00,23.00,36.00,16.00,79.00,39.00,11.00,32.00,18.00,28.00,21.00,74.00,38.00,9.00,17.00,29.00,29.00,50.00,2.00,28.00,13.00,4.00,9.00,4.00,31.00,50.00,28.00,55.00,40.00,61.00,40.00,50.00,50.00,55.00,58.00,44.00,97.00,41.00,54.00,68.00,57.00,15.00,8.00,10.00,9.00,5.00,10.00,11.00,11.00,10.00,6.00,10.00,16.00,4.00,6.00,1.00,4.00,1.00,2.00,3.00,2.00,3.00,2.00,3.00,7.00,7.00,1.00,1.00,3.00,2.00,1.00,5.00,1.00,6.00,13.00,7.00,19.00,9.00,10.00,19.00,15.00,15.00,7.00,34.00,12.00,34.00,15.00,27.00,200.00,99.00,95.00,82.00,10.00,41.00,512.00,53.00,18.00,122.00,16.00,68.00,36.00,86.00,5.00,47.00,67.00,84.00,118.00,46.00,65.00,11.00,68.00,31.00,22.00,22.00,25.00,9.00,245.00,72.00
1091,92.00,8.00,6.00,12.00,25.00,15.00,100.00,49.00,8.00,18.00,7.00,28.00,23.00,53.00,23.00,8.00,8.00,25.00,22.00,45.00,2.00,20.00,7.00,9.00,4.00,5.00,33.00,42.00,27.00,48.00,27.00,82.00,37.00,56.00,36.00,58.00,48.00,28.00,73.00,56.00,42.00,61.00,79.00,29.00,13.00,11.00,15.00,12.00,21.00,16.00,12.00,10.00,8.00,11.00,8.00,5.00,5.00,1.00,2.00,1.00,1.00,3.00,1.00,1.00,0.00,1.00,2.00,5.00,1.00,0.00,2.00,1.00,0.00,1.00,2.00,0.00,8.00,4.00,15.00,11.00,11.00,15.00,13.00,9.00,2.00,32.00,10.00,25.00,15.00,33.00,124.00,43.00,14.00,43.00,98.00,108.00,23.00,19.00,128.00,8.00,16.00,10.00,106.00,149.00,52.00,34.00,57.00,134.00,110.00,84.00,114.00,17.00,86.00,51.00,20.00,17.00,16.00,5.00,13.00,7.00
1092,49.00,2.00,5.00,8.00,17.00,9.00,28.00,12.00,3.00,6.00,2.00,5.00,4.00,14.00,11.00,4.00,0.00,7.00,8.00,21.00,1.00,7.00,2.00,2.00,4.00,1.00,9.00,21.00,7.00,14.00,12.00,34.00,17.00,19.00,14.00,32.00,23.00,15.00,44.00,13.00,21.00,29.00,27.00,7.00,5.00,5.00,1.00,2.00,4.00,4.00,4.00,3.00,1.00,3.00,6.00,0.00,2.00,0.00,1.00,0.00,1.00,0.00,0.00,0.00,0.00,0.00,1.00,2.00,1.00,0.00,1.00,0.00,0.00,0.00,1.00,1.00,4.00,3.00,5.00,4.00,3.00,4.00,4.00,2.00,3.00,8.00,3.00,11.00,5.00,8.00,78.00,33.00,28.00,28.00,15.00,12.00,130.00,8.00,15.00,20.00,4.00,19.00,38.00,58.00,10.00,15.00,28.00,61.00,61.00,28.00,57.00,5.00,41.00,15.00,5.00,9.00,9.00,2.00,71.00,16.00
1093,110.00,10.00,9.00,17.00,31.00,12.00,88.00,48.00,9.00,16.00,11.00,17.00,14.00,49.00,22.00,7.00,8.00,23.00,19.00,44.00,5.00,24.00,13.00,5.00,6.00,5.00,24.00,47.00,20.00,42.00,21.00,68.00,42.00,55.00,36.00,86.00,60.00,30.00,95.00,70.00,50.00,60.00,111.00,32.00,18.00,14.00,12.00,6.00,19.00,13.00,13.00,14.00,10.00,12.00,8.00,8.00,5.00,0.00,4.00,1.00,1.00,1.00,2.00,1.00,0.00,1.00,3.00,3.00,3.00,0.00,3.00,0.00,1.00,2.00,2.00,2.00,9.00,4.00,14.00,5.00,6.00,10.00,4.00,6.00,3.00,30.00,12.00,17.00,10.00,25.00,189.00,91.00,55.00,70.00,98.00,87.00,70.00,17.00,67.00,11.00,15.00,11.00,120.00,148.00,73.00,39.00,75.00,203.00,125.00,105.00,228.00,14.00,155.00,77.00,34.00,24.00,24.00,6.00,30.00,17.00
1094,62.00,6.00,5.00,13.00,18.00,8.00,26.00,16.00,10.00,37.00,13.00,31.00,17.00,69.00,35.00,7.00,10.00,11.00,11.00,23.00,2.00,15.00,5.00,5.00,4.00,3.00,35.00,80.00,24.00,48.00,24.00,21.00,30.00,25.00,37.00,44.00,42.00,21.00,74.00,19.00,27.00,49.00,30.00,8.00,5.00,9.00,7.00,3.00,8.00,6.00,8.00,7.00,5.00,5.00,8.00,1.00,3.00,2.00,2.00,3.00,1.00,0.00,0.00,2.00,0.00,3.00,3.00,8.00,0.00,1.00,3.00,0.00,0.00,1.00,1.00,1.00,5.00,4.00,10.00,8.00,6.00,12.00,7.00,14.00,5.00,17.00,10.00,15.00,11.00,16.00,145.00,104.00,62.00,59.00,23.00,53.00,539.00,41.00,34.00,95.00,35.00,110.00,55.00,123.00,35.00,41.00,40.00,59.00,92.00,23.00,50.00,5.00,39.00,12.00,8.00,7.00,8.00,3.00,203.00,39.00
1095,140.00,12.00,15.00,43.00,48.00,15.00,54.00,30.00,17.00,72.00,33.00,98.00,61.00,197.00,98.00,25.00,46.00,48.00,68.00,133.00,3.00,52.00,18.00,7.00,10.00,8.00,43.00,101.00,23.00,58.00,24.00,94.00,39.00,41.00,46.00,85.00,46.00,27.00,68.00,40.00,37.00,63.00,63.00,15.00,10.00,10.00,7.00,7.00,14.00,10.00,9.00,9.00,8.00,5.00,8.00,5.00,4.00,2.00,5.00,4.00,4.00,4.00,4.00,3.00,3.00,4.00,5.00,11.00,5.00,1.00,9.00,1.00,2.00,6.00,4.00,6.00,12.00,9.00,12.00,17.00,8.00,18.00,8.00,21.00,12.00,22.00,21.00,23.00,11.00,25.00,155.00,105.00,67.00,66.00,78.00,108.00,520.00,65.00,80.00,135.00,60.00,131.00,126.00,202.00,40.00,132.00,88.00,139.00,193.00,57.00,154.00,12.00,145.00,33.00,20.00,20.00,25.00,4.00,202.00,39.00
1096,39.00,5.00,3.00,8.00,15.00,5.00,17.00,4.00,6.00,9.00,3.00,6.00,3.00,15.00,16.00,1.00,3.00,8.00,12.00,34.00,0.00,13.00,6.00,1.00,3.00,3.00,8.00,14.00,3.00,10.00,3.00,19.00,9.00,11.00,13.00,28.00,8.00,4.00,20.00,5.00,15.00,18.00,17.00,4.00,1.00,3.00,2.00,2.00,3.00,2.00,4.00,2.00,1.00,4.00,1.00,2.00,2.00,0.00,1.00,0.00,1.00,0.00,0.00,0.00,0.00,0.00,2.00,1.00,0.00,1.00,1.00,0.00,0.00,0.00,1.00,0.00,1.00,2.00,3.00,5.00,1.00,4.00,3.00,3.00,1.00,9.00,1.00,5.00,1.00,7.00,45.00,27.00,18.00,17.00,6.00,17.00,230.00,23.00,5.00,46.00,8.00,66.00,32.00,41.00,0.00,32.00,90.00,41.00,81.00,21.00,44.00,3.00,40.00,8.00,2.00,4.00,7.00,1.00,78.00,18.00
1097,66.00,7.00,6.00,13.00,19.00,8.00,15.00,10.00,9.00,42.00,22.00,60.00,43.00,207.00,32.00,15.00,41.00,98.00,67.00,88.00,9.00,34.00,28.00,14.00,11.00,8.00,7.00,34.00,2.00,11.00,4.00,18.00,8.00,6.00,6.00,21.00,7.00,6.00,10.00,3.00,6.00,11.00,10.00,2.00,4.00,3.00,2.00,1.00,2.00,4.00,3.00,5.00,1.00,1.00,1.00,0.00,2.00,1.00,2.00,1.00,1.00,3.00,0.00,1.00,0.00,2.00,1.00,7.00,3.00,1.00,3.00,1.00,3.00,2.00,3.00,4.00,1.00,3.00,6.00,7.00,1.00,6.00,3.00,11.00,6.00,5.00,8.00,7.00,2.00,6.00,28.00,17.00,12.00,8.00,51.00,26.00,128.00,15.00,42.00,28.00,15.00,35.00,46.00,128.00,28.00,39.00,35.00,20.00,119.00,5.00,42.00,4.00,51.00,9.00,7.00,9.00,18.00,3.00,38.00,6.00
1098,34.00,2.00,3.00,6.00,13.00,5.00,9.00,6.00,8.00,8.00,4.00,11.00,3.00,45.00,22.00,3.00,11.00,26.00,39.00,108.00,3.00,30.00,18.00,5.00,9.00,8.00,3.00,17.00,2.00,7.00,2.00,14.00,7.00,4.00,8.00,16.00,8.00,5.00,13.00,6.00,7.00,16.00,9.00,4.00,1.00,1.00,0.00,1.00,1.00,3.00,2.00,3.00,0.00,0.00,2.00,0.00,1.00,0.00,2.00,0.00,0.00,1.00,0.00,0.00,0.00,1.00,1.00,0.00,2.00,0.00,0.00,0.00,0.00,1.00,1.00,3.00,1.00,1.00,3.00,2.00,1.00,2.00,2.00,2.00,1.00,1.00,3.00,4.00,2.00,4.00,25.00,23.00,16.00,9.00,61.00,26.00,167.00,21.00,71.00,51.00,30.00,59.00,37.00,92.00,103.00,37.00,2.00,47.00,11.00,17.00,58.00,1.00,60.00,14.00,7.00,10.00,15.00,0.00,71.00,5.00
1099,123.00,7.00,6.00,14.00,26.00,10.00,329.00,88.00,8.00,10.00,5.00,8.00,4.00,15.00,10.00,3.00,8.00,7.00,12.00,30.00,5.00,12.00,7.00,3.00,4.00,4.00,13.00,22.00,16.00,20.00,11.00,26.00,16.00,39.00,19.00,38.00,25.00,19.00,58.00,48.00,41.00,66.00,84.00,29.00,7.00,12.00,6.00,6.00,13.00,10.00,12.00,10.00,6.00,12.00,14.00,13.00,10.00,1.00,2.00,1.00,1.00,1.00,0.00,0.00,0.00,0.00,2.00,2.00,2.00,1.00,3.00,0.00,1.00,0.00,2.00,3.00,5.00,2.00,8.00,3.00,4.00,6.00,6.00,3.00,1.00,9.00,4.00,12.00,7.00,21.00,97.00,51.00,39.00,54.00,64.00,50.00,457.00,51.00,79.00,131.00,52.00,193.00,58.00,127.00,38.00,19.00,37.00,72.00,97.00,71.00,63.00,66.00,100.00,78.00,39.00,22.00,22.00,11.00,229.00,38.00
1100,187.00,19.00,7.00,23.00,59.00,13.00,41.00,23.00,23.00,21.00,10.00,24.00,15.00,62.00,50.00,6.00,22.00,55.00,91.00,277.00,7.00,104.00,45.00,16.00,24.00,17.00,15.00,42.00,11.00,24.00,11.00,38.00,18.00,21.00,16.00,44.00,23.00,13.00,30.00,18.00,18.00,44.00,34.00,10.00,7.00,8.00,9.00,3.00,12.00,8.00,8.00,7.00,6.00,6.00,7.00,2.00,4.00,0.00,2.00,1.00,2.00,2.00,0.00,0.00,1.00,0.00,2.00,4.00,3.00,0.00,4.00,2.00,2.00,2.00,3.00,4.00,3.00,3.00,5.00,5.00,5.00,4.00,3.00,4.00,2.00,14.00,7.00,13.00,6.00,13.00,74.00,50.00,33.00,28.00,123.00,73.00,310.00,45.00,118.00,95.00,61.00,112.00,104.00,198.00,86.00,124.00,13.00,97.00,58.00,39.00,120.00,9.00,141.00,29.00,18.00,40.00,53.00,2.00,139.00,21.00
1101,68.00,4.00,4.00,11.00,17.00,8.00,365.00,95.00,5.00,4.00,4.00,1.00,1.00,6.00,6.00,2.00,0.00,2.00,5.00,8.00,1.00,4.00,4.00,3.00,2.00,3.00,7.00,14.00,6.00,9.00,6.00,15.00,8.00,29.00,13.00,17.00,11.00,4.00,33.00,60.00,26.00,61.00,81.00,43.00,8.00,17.00,6.00,6.00,26.00,15.00,22.00,26.00,12.00,20.00,22.00,20.00,12.00,0.00,1.00,0.00,0.00,0.00,0.00,1.00,0.00,1.00,0.00,2.00,0.00,0.00,0.00,0.00,0.00,2.00,1.00,3.00,4.00,2.00,6.00,0.00,5.00,4.00,5.00,2.00,0.00,12.00,3.00,5.00,6.00,21.00,51.00,24.00,26.00,33.00,31.00,27.00,292.00,22.00,43.00,83.00,29.00,94.00,28.00,55.00,15.00,6.00,11.00,59.00,27.00,44.00,32.00,50.00,28.00,35.00,16.00,9.00,9.00,24.00,151.00,24.00
1102,151.00,7.00,4.00,13.00,23.00,9.00,92.00,20.00,9.00,10.00,4.00,5.00,4.00,16.00,14.00,3.00,2.00,8.00,16.00,59.00,2.00,26.00,9.00,4.00,6.00,5.00,8.00,29.00,7.00,19.00,9.00,32.00,13.00,19.00,10.00,37.00,21.00,14.00,30.00,17.00,21.00,50.00,44.00,16.00,6.00,7.00,4.00,3.00,8.00,5.00,7.00,5.00,3.00,6.00,5.00,2.00,2.00,0.00,1.00,0.00,2.00,0.00,3.00,0.00,1.00,0.00,1.00,2.00,1.00,0.00,1.00,1.00,1.00,0.00,2.00,1.00,2.00,5.00,7.00,5.00,3.00,4.00,3.00,3.00,2.00,8.00,3.00,6.00,4.00,11.00,59.00,43.00,32.00,27.00,50.00,49.00,403.00,39.00,62.00,112.00,50.00,206.00,53.00,136.00,38.00,44.00,56.00,61.00,114.00,31.00,58.00,13.00,136.00,50.00,74.00,41.00,50.00,5.00,172.00,26.00
1103,79.00,3.00,3.00,8.00,9.00,4.00,341.00,391.00,4.00,3.00,2.00,1.00,0.00,5.00,2.00,0.00,3.00,1.00,2.00,3.00,0.00,5.00,1.00,1.00,2.00,1.00,2.00,1.00,4.00,3.00,1.00,2.00,1.00,10.00,2.00,5.00,1.00,0.00,9.00,28.00,4.00,22.00,30.00,28.00,6.00,9.00,13.00,12.00,31.00,37.00,50.00,62.00,27.00,44.00,64.00,21.00,34.00,0.00,0.00,0.00,0.00,0.00,0.00,1.00,0.00,0.00,0.00,2.00,2.00,0.00,1.00,0.00,0.00,0.00,1.00,0.00,0.00,0.00,3.00,2.00,0.00,2.00,1.00,1.00,0.00,2.00,1.00,5.00,3.00,10.00,10.00,9.00,7.00,6.00,6.00,10.00,68.00,3.00,12.00,16.00,3.00,17.00,4.00,16.00,3.00,2.00,2.00,60.00,6.00,57.00,12.00,21.00,12.00,37.00,19.00,9.00,13.00,47.00,31.00,5.00
1104,261.00,8.00,5.00,15.00,29.00,10.00,69.00,21.00,16.00,8.00,4.00,7.00,7.00,23.00,16.00,6.00,4.00,19.00,45.00,124.00,3.00,78.00,53.00,9.00,12.00,6.00,6.00,13.00,7.00,7.00,6.00,22.00,6.00,15.00,10.00,25.00,10.00,13.00,16.00,11.00,13.00,40.00,23.00,5.00,5.00,5.00,4.00,3.00,6.00,4.00,2.00,2.00,1.00,2.00,4.00,2.00,1.00,0.00,0.00,1.00,1.00,0.00,0.00,1.00,0.00,2.00,1.00,2.00,2.00,1.00,2.00,0.00,1.00,0.00,0.00,2.00,2.00,3.00,6.00,3.00,2.00,3.00,2.00,4.00,2.00,9.00,3.00,10.00,5.00,7.00,44.00,33.00,25.00,22.00,58.00,38.00,251.00,28.00,66.00,83.00,36.00,142.00,47.00,136.00,42.00,51.00,55.00,90.00,125.00,34.00,119.00,12.00,127.00,49.00,128.00,119.00,222.00,4.00,128.00,18.00
1105,204.00,6.00,4.00,10.00,14.00,7.00,433.00,91.00,4.00,0.00,0.00,2.00,0.00,5.00,4.00,3.00,1.00,5.00,6.00,12.00,3.00,8.00,6.00,2.00,1.00,3.00,2.00,7.00,3.00,8.00,2.00,8.00,2.00,6.00,5.00,11.00,5.00,5.00,11.00,12.00,3.00,16.00,22.00,7.00,1.00,7.00,8.00,10.00,15.00,18.00,14.00,7.00,7.00,5.00,8.00,7.00,4.00,0.00,1.00,0.00,0.00,0.00,0.00,0.00,0.00,0.00,1.00,1.00,0.00,0.00,0.00,0.00,0.00,0.00,1.00,0.00,0.00,1.00,3.00,2.00,0.00,0.00,0.00,1.00,1.00,1.00,1.00,2.00,2.00,3.00,23.00,9.00,10.00,12.00,18.00,10.00,134.00,8.00,34.00,43.00,17.00,66.00,11.00,29.00,9.00,6.00,17.00,72.00,28.00,30.00,52.00,42.00,46.00,73.00,85.00,62.00,116.00,12.00,72.00,5.00
1106,464.00,4.00,4.00,14.00,18.00,7.00,279.00,39.00,8.00,6.00,2.00,1.00,1.00,3.00,2.00,1.00,1.00,2.00,8.00,21.00,0.00,20.00,17.00,4.00,3.00,4.00,2.00,4.00,1.00,4.00,1.00,2.00,3.00,5.00,2.00,6.00,5.00,2.00,7.00,4.00,1.00,6.00,5.00,2.00,0.00,0.00,1.00,0.00,4.00,7.00,2.00,5.00,2.00,4.00,4.00,3.00,3.00,0.00,0.00,0.00,0.00,0.00,0.00,0.00,0.00,0.00,0.00,2.00,1.00,0.00,0.00,0.00,0.00,0.00,2.00,0.00,1.00,1.00,4.00,1.00,1.00,1.00,1.00,1.00,2.00,6.00,2.00,3.00,0.00,4.00,12.00,7.00,8.00,7.00,13.00,8.00,61.00,6.00,18.00,17.00,5.00,31.00,8.00,18.00,4.00,5.00,3.00,43.00,17.00,14.00,74.00,18.00,120.00,91.00,21.00,99.00,378.00,3.00,26.00,5.00
1107,630.00,5.00,3.00,10.00,27.00,13.00,140.00,24.00,14.00,2.00,1.00,2.00,2.00,5.00,5.00,1.00,2.00,9.00,16.00,52.00,3.00,52.00,56.00,17.00,14.00,13.00,2.00,3.00,1.00,2.00,1.00,5.00,2.00,2.00,4.00,6.00,4.00,1.00,2.00,2.00,1.00,7.00,6.00,3.00,2.00,2.00,2.00,2.00,8.00,7.00,3.00,4.00,4.00,0.00,4.00,2.00,1.00,0.00,0.00,0.00,0.00,1.00,0.00,0.00,0.00,1.00,0.00,0.00,0.00,0.00,1.00,1.00,0.00,0.00,3.00,4.00,2.00,2.00,1.00,1.00,3.00,1.00,1.00,4.00,2.00,3.00,3.00,2.00,2.00,1.00,11.00,7.00,5.00,3.00,14.00,6.00,57.00,6.00,19.00,15.00,12.00,20.00,9.00,17.00,6.00,9.00,7.00,25.00,40.00,7.00,43.00,11.00,113.00,64.00,89.00,126.00,253.00,2.00,28.00,3.00
1108,1816.00,10.00,5.00,15.00,43.00,18.00,122.00,24.00,30.00,2.00,1.00,4.00,1.00,8.00,6.00,1.00,6.00,10.00,32.00,67.00,8.00,137.00,210.00,41.00,43.00,33.00,4.00,5.00,1.00,1.00,0.00,3.00,1.00,4.00,4.00,6.00,2.00,1.00,10.00,2.00,5.00,8.00,5.00,4.00,3.00,1.00,2.00,1.00,5.00,3.00,4.00,2.00,3.00,3.00,3.00,1.00,4.00,0.00,1.00,2.00,0.00,1.00,1.00,0.00,1.00,2.00,1.00,4.00,0.00,1.00,2.00,0.00,0.00,0.00,3.00,7.00,0.00,2.00,3.00,0.00,0.00,3.00,1.00,4.00,2.00,4.00,1.00,2.00,3.00,4.00,12.00,8.00,5.00,7.00,16.00,12.00,58.00,7.00,24.00,15.00,8.00,20.00,8.00,27.00,5.00,19.00,17.00,24.00,53.00,6.00,56.00,7.00,249.00,124.00,410.00,263.00,19.00,5.00,28.00,3.00
1109,105.00,5.00,2.00,11.00,16.00,8.00,279.00,361.00,4.00,1.00,2.00,0.00,2.00,3.00,1.00,0.00,0.00,2.00,0.00,2.00,0.00,3.00,2.00,0.00,1.00,0.00,0.00,0.00,1.00,3.00,0.00,1.00,1.00,7.00,1.00,1.00,4.00,0.00,3.00,7.00,1.00,6.00,7.00,10.00,18.00,10.00,14.00,16.00,69.00,119.00,108.00,81.00,45.00,56.00,85.00,14.00,28.00,0.00,0.00,0.00,0.00,0.00,0.00,0.00,0.00,0.00,0.00,1.00,1.00,0.00,1.00,0.00,1.00,0.00,0.00,0.00,1.00,1.00,2.00,0.00,2.00,1.00,1.00,0.00,0.00,2.00,0.00,1.00,3.00,13.00,3.00,4.00,1.00,2.00,1.00,3.00,26.00,3.00,7.00,4.00,1.00,5.00,1.00,3.00,2.00,0.00,1.00,10.00,2.00,13.00,1.00,36.00,4.00,12.00,4.00,3.00,3.00,18.00,11.00,1.00
1110,203.00,20.00,17.00,30.00,53.00,26.00,138.00,99.00,17.00,31.00,12.00,32.00,20.00,55.00,32.00,8.00,13.00,23.00,21.00,62.00,7.00,29.00,8.00,7.00,7.00,11.00,70.00,87.00,99.00,108.00,80.00,135.00,91.00,196.00,119.00,128.00,101.00,83.00,103.00,151.00,44.00,108.00,186.00,62.00,26.00,26.00,23.00,15.00,36.00,37.00,35.00,25.00,21.00,18.00,21.00,13.00,17.00,3.00,8.00,4.00,2.00,0.00,1.00,3.00,2.00,5.00,3.00,7.00,2.00,2.00,5.00,1.00,1.00,3.00,1.00,2.00,19.00,4.00,47.00,14.00,25.00,41.00,28.00,14.00,7.00,87.00,16.00,77.00,39.00,105.00,179.00,61.00,8.00,28.00,192.00,149.00,19.00,29.00,204.00,11.00,60.00,34.00,230.00,194.00,85.00,36.00,68.00,240.00,146.00,152.00,188.00,32.00,133.00,85.00,24.00,25.00,28.00,15.00,3.00,2.00
1111,53.00,4.00,4.00,6.00,12.00,8.00,27.00,15.00,4.00,9.00,3.00,3.00,3.00,10.00,5.00,1.00,1.00,6.00,3.00,10.00,0.00,8.00,3.00,2.00,1.00,1.00,16.00,20.00,27.00,25.00,21.00,29.00,14.00,57.00,9.00,30.00,23.00,12.00,13.00,42.00,12.00,26.00,44.00,14.00,3.00,10.00,3.00,2.00,8.00,7.00,7.00,7.00,4.00,5.00,3.00,1.00,4.00,2.00,1.00,0.00,0.00,0.00,0.00,0.00,0.00,3.00,0.00,1.00,0.00,0.00,0.00,0.00,0.00,1.00,0.00,1.00,4.00,1.00,5.00,3.00,3.00,8.00,6.00,3.00,2.00,21.00,6.00,20.00,7.00,22.00,59.00,21.00,4.00,1.00,35.00,49.00,10.00,13.00,73.00,7.00,15.00,17.00,42.00,45.00,13.00,9.00,6.00,37.00,22.00,23.00,22.00,6.00,22.00,8.00,6.00,2.00,6.00,1.00,4.00,0.00
