,1,2,3,4,5,6,7,8,9,1001,1002,1003,1004,1005,1006,1007,1008,1009,1010,1011,1012,1013,1014,1015,1016,1017,1018,1019,1020,1021,1022,1023,1024,1025,1026,1027,1028,1029,1030,1031,1032,1033,1034,1035,1036,1037,1038,1039,1040,1041,1042,1043,1044,1045,1046,1047,1048,1049,1050,1051,1052,1053,1054,1055,1056,1057,1058,1059,1060,1061,1062,1063,1064,1065,1066,1067,1068,1069,1070,1071,1072,1073,1074,1075,1076,1077,1078,1079,1080,1081,1082,1083,1084,1085,1086,1087,1088,1089,1090,1091,1092,1093,1094,1095,1096,1097,1098,1099,1100,1101,1102,1103,1104,1105,1106,1107,1108,1109,1110,1111
1,127,1,7,25,28,1,95,57,29,4,4,5,1,16,4,13,10,24,33,41,41,36,93,150,93,110,5,12,3,5,3,3,2,9,2,12,8,3,8,7,1,25,13,4,2,3,4,3,12,12,11,10,6,4,10,1,1,3,6,2,2,0,1,6,2,5,8,28,3,3,17,2,5,12,13,34,2,3,6,6,2,5,3,3,5,7,8,5,6,7,26,11,9,7,15,15,68,8,29,17,11,23,11,39,5,10,7,22,43,12,24,10,62,37,80,133,402,4,45,8
2,1,0,0,0,2,0,2,1,0,0,0,1,1,1,0,2,0,0,0,3,1,1,0,2,1,1,1,2,0,0,0,1,0,2,1,0,1,0,0,0,0,1,0,1,0,0,0,0,0,0,0,0,1,0,1,1,0,0,1,1,1,0,0,1,0,0,2,3,0,0,0,0,1,2,1,1,0,2,0,1,0,0,0,0,1,1,1,2,0,1,2,0,1,1,1,2,4,0,0,0,0,0,0,1,0,1,0,1,1,0,1,0,0,1,0,0,0,0,3,0
3,8,0,0,0,1,0,3,3,2,0,1,0,0,1,2,1,0,0,0,1,0,0,0,1,0,0,0,2,0,1,0,1,0,0,0,0,1,0,1,0,2,2,1,1,1,1,0,1,1,0,1,0,1,1,1,1,0,1,3,1,1,0,0,0,0,0,1,8,1,0,3,0,1,1,0,2,0,0,0,0,0,0,1,0,1,0,1,0,0,2,4,1,0,1,1,0,3,0,1,2,0,1,0,2,0,1,0,1,0,0,0,0,0,0,0,0,2,0,2,0
4,29,0,0,14,58,3,7,7,8,3,7,1,4,7,2,10,2,3,4,5,3,2,2,4,1,4,2,6,1,0,1,1,1,3,0,3,3,1,2,0,2,4,2,2,0,1,1,0,3,2,2,3,1,2,1,0,2,15,13,13,7,8,10,43,48,41,30,177,18,41,36,13,30,7,16,7,0,2,3,2,2,2,3,2,3,3,6,2,1,2,6,2,0,2,4,2,9,1,3,2,1,3,1,8,1,1,1,0,4,2,2,0,2,2,2,0,3,0,5,2
5,23,0,3,45,441,2,12,9,15,3,8,2,3,7,2,15,4,8,10,11,8,8,7,24,19,16,3,2,2,1,2,2,0,1,0,2,2,2,2,1,0,7,4,2,3,1,0,1,4,4,1,2,1,1,2,0,0,10,17,11,6,5,8,52,32,63,53,180,25,137,58,79,222,90,68,43,3,2,5,3,1,1,2,2,4,5,9,2,3,2,10,4,5,2,3,8,17,2,10,3,2,3,4,14,3,3,2,4,9,3,4,1,5,3,3,3,6,1,14,2
6,0,0,1,1,3,0,0,0,1,0,2,0,0,2,0,0,1,1,2,0,2,1,0,0,1,2,1,0,0,1,0,0,1,0,1,0,1,0,1,1,0,4,1,1,0,1,0,0,0,0,1,1,0,0,0,0,0,0,1,0,1,0,0,1,0,0,1,2,0,0,0,0,0,1,2,2,0,1,0,1,0,0,0,0,0,0,1,1,0,1,1,2,1,0,1,2,4,0,2,2,1,1,0,3,0,0,0,1,2,0,0,0,1,1,2,1,1,1,2,1
7,103,3,6,10,17,3,209,58,5,1,1,2,0,4,1,2,1,2,1,6,1,5,3,1,1,2,1,4,1,2,0,2,2,8,1,6,4,1,10,2,4,27,15,5,2,4,1,3,27,44,66,58,43,75,98,6,16,0,1,0,1,0,0,0,1,0,1,1,0,0,0,0,0,0,0,0,1,0,1,2,0,2,1,1,0,1,0,2,2,3,14,7,4,2,6,9,86,3,21,34,5,22,4,18,3,1,3,56,12,70,12,84,19,83,46,35,31,38,60,6
8,36,0,3,9,13,1,51,3,1,0,0,1,0,3,0,1,0,1,1,3,0,2,0,1,1,1,0,1,1,0,2,0,0,3,0,5,0,1,3,5,1,10,14,7,4,6,7,9,66,108,129,112,98,126,184,28,32,0,1,0,0,0,0,0,0,0,0,2,0,0,1,0,0,0,0,0,1,0,1,0,1,0,1,0,1,2,0,2,2,4,16,5,3,8,4,6,42,1,13,15,3,15,1,7,1,0,2,19,5,21,4,90,4,16,10,4,5,71,26,5
9,47,0,0,9,17,1,3,2,32,0,3,0,1,2,1,8,5,11,18,7,44,4,16,98,60,91,1,0,0,0,0,0,0,1,0,1,0,0,0,1,0,1,1,0,0,2,2,0,1,0,2,2,0,1,1,0,0,0,1,1,0,2,0,2,0,1,2,5,1,0,4,1,2,8,12,98,2,1,1,1,0,2,0,1,1,3,0,0,0,1,3,1,1,0,2,3,6,0,3,1,1,2,0,2,1,1,2,1,4,1,2,0,4,0,0,2,6,0,2,0
1001,10,2,1,2,4,1,1,1,0,20,22,41,19,201,9,5,8,6,3,3,1,1,2,1,1,0,6,33,2,6,1,9,7,2,0,8,3,0,4,2,1,6,5,0,0,1,0,0,0,0,1,1,0,0,0,0,0,0,6,2,0,0,1,1,1,1,1,4,3,0,1,2,0,1,0,0,0,7,2,5,0,7,0,16,9,2,50,1,0,2,9,5,4,2,8,6,33,3,8,7,3,7,10,24,1,10,1,3,7,3,2,0,0,0,0,0,1,0,13,2
1002,14,1,1,6,16,3,1,0,6,17,47,22,17,144,15,31,8,14,7,3,10,2,0,4,5,1,1,16,0,1,1,2,2,0,0,6,1,2,0,1,1,0,1,0,0,0,0,0,1,0,0,0,1,1,0,0,0,1,17,4,3,5,8,10,1,17,24,32,17,1,18,1,1,11,9,4,2,5,0,2,0,1,0,5,16,1,33,1,1,1,6,1,0,2,5,1,8,2,3,2,1,6,4,10,1,11,0,0,3,0,1,1,3,0,0,0,1,0,7,1
1003,11,0,2,3,4,1,2,0,1,32,17,17,25,18,21,17,9,16,2,3,2,4,3,0,0,0,1,24,1,2,2,2,0,0,0,8,4,0,2,0,0,3,3,1,0,0,0,0,0,1,1,0,0,1,1,0,0,1,2,0,0,1,0,1,0,0,2,4,5,0,2,0,0,1,1,0,1,2,0,3,0,1,1,2,3,2,12,0,0,2,11,3,0,2,6,7,29,1,11,15,1,12,8,32,1,17,2,2,6,1,4,0,1,0,0,1,0,0,14,2
1004,6,1,1,2,7,1,0,0,3,32,27,19,13,32,17,17,8,15,5,6,3,4,3,1,0,0,3,18,0,2,0,1,1,2,1,2,0,0,1,0,0,4,2,1,0,0,0,0,0,0,0,0,0,0,0,0,0,0,2,2,2,0,0,4,2,1,2,4,4,0,1,0,0,0,4,2,1,2,1,3,1,0,0,2,5,1,10,1,0,0,10,1,0,1,4,4,18,1,5,10,2,7,2,19,0,14,1,1,13,0,4,0,3,1,0,0,0,0,7,0
1005,12,0,0,8,9,2,1,1,4,65,64,29,23,2,62,29,32,36,25,12,3,8,1,1,1,3,1,41,0,4,2,5,5,2,2,5,9,0,5,1,1,6,2,0,1,0,0,0,2,0,0,1,0,1,0,0,0,2,4,0,0,2,1,2,0,6,3,4,4,0,3,0,0,2,2,1,2,4,2,6,1,4,1,5,8,1,20,1,2,1,11,4,2,4,11,8,29,2,9,16,2,10,5,34,2,34,5,3,16,1,5,0,3,0,1,0,1,0,12,3
1006,11,1,3,5,11,1,1,1,4,17,11,30,12,131,13,15,8,17,15,14,2,3,1,3,3,3,1,13,1,1,1,4,4,2,1,5,5,0,4,0,1,6,6,1,0,1,0,1,0,1,3,0,0,0,0,0,0,0,1,0,1,1,0,1,1,2,6,5,0,1,2,0,0,0,1,0,0,1,0,2,1,1,1,2,3,0,11,1,0,0,11,3,3,3,17,7,36,4,12,9,1,13,7,34,5,8,7,3,13,4,4,0,6,0,0,1,1,0,18,1
1007,14,1,2,7,13,1,1,1,12,3,28,8,14,72,6,3,9,26,7,5,13,1,0,3,7,4,1,12,0,0,0,0,0,2,0,2,0,1,1,1,0,2,0,0,0,0,0,1,1,1,0,0,1,0,0,0,0,2,4,1,2,3,3,6,0,9,12,38,19,1,36,1,1,11,8,14,0,4,0,2,0,0,0,0,4,0,13,0,1,0,2,1,0,1,3,3,6,1,2,0,2,0,2,5,0,1,0,0,6,0,0,0,0,0,0,0,0,0,5,1
1008,14,1,1,3,6,1,1,0,8,8,19,29,19,138,9,14,9,12,14,9,11,4,5,7,5,2,1,6,0,0,0,0,1,0,0,0,1,0,2,0,0,0,3,0,0,0,0,0,0,0,0,0,0,0,1,0,0,0,2,1,1,0,4,1,0,3,1,4,6,0,5,0,0,2,0,8,0,0,0,2,0,0,0,1,2,0,5,1,1,0,3,1,1,0,6,1,10,0,4,2,2,2,2,14,1,14,1,1,6,0,4,0,5,0,0,2,1,0,3,1
1009,19,0,0,2,4,2,1,0,10,2,13,10,8,59,8,21,9,2,19,20,12,14,8,15,12,8,1,3,0,0,0,1,1,0,1,1,0,0,1,0,0,1,1,0,0,0,0,1,0,0,0,0,0,0,0,0,0,0,1,1,1,0,0,0,0,1,1,5,4,0,3,0,0,2,0,6,0,0,0,0,0,0,0,2,1,1,2,0,0,0,3,1,4,0,3,2,12,0,6,8,0,3,2,10,0,26,5,0,13,0,2,0,2,0,0,3,1,1,6,2
1010,64,2,1,5,14,3,2,2,20,2,3,13,6,77,9,21,16,21,28,69,22,21,20,29,28,24,0,5,0,1,0,1,0,0,0,5,1,0,2,0,0,6,1,0,0,0,0,0,1,1,1,0,1,0,0,0,0,0,0,0,0,0,0,0,0,0,0,4,4,0,1,0,0,2,2,8,0,1,0,0,0,0,0,0,0,0,2,0,0,1,4,3,2,3,5,1,19,1,8,11,4,10,3,16,5,26,18,4,26,0,6,1,10,1,1,5,8,0,9,1
1011,58,2,1,3,14,6,4,1,10,2,0,3,1,5,6,2,6,27,33,3,3,26,46,15,15,9,1,6,1,1,0,1,1,0,1,5,2,0,5,4,1,6,4,1,1,0,1,0,1,1,1,2,1,0,0,0,1,0,0,0,0,0,0,0,1,0,0,1,0,0,2,0,0,0,0,1,1,0,1,0,0,1,0,0,0,1,5,0,0,0,6,5,2,4,9,5,36,2,11,11,5,19,3,30,6,25,23,4,77,0,17,1,34,5,3,8,31,0,20,1
1012,121,2,3,8,24,3,1,0,119,1,5,2,4,4,2,21,12,19,17,3,11,3,9,35,22,33,0,2,0,0,0,0,0,1,0,0,1,1,1,0,0,0,0,0,0,0,0,0,0,0,0,1,0,0,0,0,0,0,3,1,0,1,0,1,1,2,2,4,3,0,7,0,1,9,12,62,0,1,0,0,0,0,0,0,1,0,3,0,0,0,0,1,0,0,0,0,1,0,2,0,2,1,0,2,1,2,2,0,3,1,0,1,1,0,0,1,2,0,1,0
1013,49,2,0,4,9,1,4,2,9,1,0,0,0,2,3,1,1,10,12,22,1,7,8,15,23,10,1,4,0,0,0,0,0,0,0,1,1,0,2,0,0,2,1,0,0,2,0,0,1,1,1,1,0,0,0,0,0,0,0,0,0,1,0,0,0,0,0,0,0,0,1,1,0,0,0,0,0,0,0,0,0,0,0,0,0,2,0,0,1,0,3,2,3,0,5,1,22,4,8,9,3,9,2,12,4,8,6,6,23,0,10,0,21,1,3,9,57,0,13,2
1014,193,2,1,3,20,2,3,1,35,0,0,1,0,3,0,4,1,6,10,77,5,27,11,27,42,18,0,2,0,0,0,0,0,0,0,2,2,1,0,0,0,2,1,0,0,1,0,0,1,0,0,0,0,0,0,0,0,0,0,0,0,0,0,0,0,0,0,0,0,0,1,0,0,1,1,2,0,0,0,0,1,0,0,0,0,0,0,0,1,0,0,1,0,1,2,3,9,0,5,3,0,6,3,3,2,4,7,2,13,1,0,1,16,4,3,14,69,0,3,2
1015,191,4,2,4,18,4,0,1,59,0,1,1,1,3,1,1,0,6,18,22,14,16,12,0,0,2,0,1,0,0,0,0,0,0,0,0,0,0,0,0,0,0,1,1,0,0,0,0,1,1,0,1,0,0,0,1,0,0,0,0,1,0,0,0,0,1,1,1,2,0,1,0,1,1,2,9,0,0,0,1,0,0,0,0,0,2,0,0,0,0,2,0,0,1,1,0,3,0,1,1,0,1,0,2,1,2,1,0,1,0,1,0,0,2,0,2,3,0,2,0
1016,319,1,0,4,36,6,0,2,93,0,2,0,1,5,1,5,4,12,29,45,14,25,33,0,0,6,0,1,0,0,0,0,0,0,0,0,1,0,1,0,0,2,0,0,0,0,0,0,0,0,0,0,0,0,1,0,0,0,0,0,0,0,0,1,0,1,0,0,0,0,3,0,0,1,3,11,0,0,0,0,0,0,0,0,0,0,0,0,0,0,0,1,0,1,0,1,4,0,1,1,0,1,0,2,0,1,0,0,4,0,1,0,1,0,0,5,15,0,1,0
1017,240,1,1,4,19,4,0,1,69,1,0,0,1,6,0,1,2,6,20,17,13,10,10,2,3,2,0,2,0,0,0,0,0,1,0,1,0,0,0,0,0,1,1,0,0,0,0,0,1,0,0,0,0,0,0,0,0,1,0,0,1,0,0,0,0,0,0,2,3,0,1,0,0,2,2,14,0,0,0,1,0,0,0,0,0,0,0,0,0,0,0,1,0,0,1,0,5,2,1,1,0,0,0,2,0,2,1,0,3,1,0,0,1,0,0,1,13,0,2,0
1018,7,0,2,3,3,2,0,0,2,7,3,3,3,7,3,1,0,1,0,2,0,0,1,0,0,0,49,24,18,20,12,7,9,8,7,19,16,6,22,2,1,11,10,0,0,2,0,0,3,2,1,1,1,1,0,0,1,0,2,0,0,0,0,0,0,2,0,2,0,0,0,0,0,0,0,0,22,0,42,16,19,20,11,6,2,64,4,14,7,11,60,16,7,5,4,9,87,4,10,11,2,7,10,13,0,3,0,1,7,1,2,0,1,0,0,1,0,0,29,7
1019,14,3,1,5,6,2,3,1,2,16,6,16,5,63,10,2,1,4,1,16,0,3,1,1,1,0,25,22,5,23,4,22,17,3,10,19,13,4,16,3,1,14,14,1,0,0,0,0,2,5,1,0,0,1,0,0,0,0,3,0,4,0,1,0,0,2,1,4,3,0,1,0,0,1,0,1,5,5,8,17,2,14,4,21,10,10,30,3,2,2,50,13,9,8,11,13,70,5,13,14,7,14,17,30,5,9,4,6,10,5,8,0,4,5,1,0,0,0,43,9
1020,5,1,0,1,1,1,1,0,2,2,1,0,0,5,2,0,0,0,0,1,0,0,1,1,0,0,60,9,8,13,1,3,9,10,7,14,17,3,15,6,4,15,17,1,1,2,0,0,1,0,1,1,0,0,0,0,1,0,0,0,0,0,0,0,0,0,1,0,0,0,1,0,0,1,0,0,3,1,3,2,4,4,5,2,0,28,0,7,3,12,33,12,13,6,8,9,76,6,10,12,1,9,8,10,1,1,0,6,1,3,2,0,1,1,2,0,0,0,57,9
1021,10,1,1,3,3,1,4,1,0,10,1,2,0,7,0,0,0,1,1,3,1,1,1,1,0,1,41,41,8,19,5,6,5,11,9,28,48,5,24,6,5,26,18,0,0,2,0,0,1,1,1,3,0,0,1,0,0,1,1,0,0,0,0,0,0,0,0,2,0,0,1,0,0,0,0,1,3,0,14,4,6,11,7,6,0,25,5,14,5,11,67,29,8,10,12,13,121,5,14,19,5,14,12,20,1,7,4,5,10,3,3,0,3,1,1,2,1,0,41,7
1022,4,1,0,1,3,0,5,0,1,1,0,2,1,3,0,0,0,1,2,1,1,0,1,0,0,0,14,7,3,10,3,7,3,13,1,10,8,4,8,5,2,13,6,1,1,1,0,0,1,1,1,2,0,0,0,0,0,0,1,1,0,0,0,0,0,0,0,0,0,0,0,0,0,0,1,0,0,1,2,2,1,3,1,1,0,10,1,5,2,15,24,13,7,7,8,5,69,2,10,9,1,9,4,8,3,1,1,4,4,2,4,0,3,0,0,0,0,0,33,6
1023,13,0,1,3,9,1,3,2,5,16,2,4,2,13,8,0,2,1,2,3,0,2,1,0,0,0,9,40,3,9,4,2,4,8,8,23,20,6,26,4,5,26,19,1,1,0,0,0,2,1,1,0,0,1,0,0,0,1,1,0,1,0,1,1,0,3,0,2,0,0,0,0,0,0,0,0,3,0,1,2,0,3,1,1,2,5,12,6,1,1,60,39,13,13,12,13,160,13,26,35,13,32,7,48,4,9,7,10,23,2,9,2,6,4,0,1,1,0,71,5
1024,8,0,2,2,2,1,3,2,0,8,0,2,0,7,5,2,1,0,1,1,0,2,0,0,1,0,14,37,7,12,4,5,4,6,7,10,16,4,14,2,3,9,5,0,0,0,0,0,0,0,3,1,0,0,0,1,0,0,1,0,0,0,0,1,0,0,0,1,1,0,1,0,0,1,0,0,1,0,4,0,1,5,1,1,1,2,4,3,1,1,41,21,8,10,5,9,70,6,12,19,5,16,9,16,2,3,1,4,8,2,6,0,2,1,0,0,0,0,47,3
1025,12,0,1,2,3,3,4,2,3,2,0,1,0,4,1,1,1,0,0,3,0,4,0,0,0,3,11,8,5,15,5,5,5,10,9,8,8,4,29,8,13,12,8,6,2,6,1,1,2,5,3,1,0,0,1,1,0,0,2,1,0,0,0,0,0,0,1,0,0,0,0,0,0,0,0,0,1,1,3,3,2,3,5,2,0,26,4,11,11,10,56,24,24,17,9,14,153,6,16,22,6,35,5,16,2,2,3,8,10,9,4,1,2,2,3,1,1,0,87,15
1026,7,1,0,1,2,1,4,4,1,3,0,1,0,3,2,1,0,1,1,1,0,0,0,1,0,1,5,7,5,8,1,9,10,14,1,11,3,1,3,9,4,5,11,0,0,1,0,1,2,1,2,0,0,0,1,0,0,0,0,0,0,0,0,0,0,0,0,0,0,0,0,0,0,0,0,0,0,1,2,1,1,1,2,1,0,17,2,4,0,9,6,8,6,2,9,8,77,4,12,15,5,18,7,13,3,2,0,5,3,1,7,2,1,0,0,0,0,0,32,3
1027,12,1,0,1,3,1,2,3,0,3,0,1,1,8,6,0,0,0,0,2,0,1,1,0,0,1,10,24,4,12,3,7,9,7,3,4,2,5,10,3,6,9,8,2,0,0,0,0,0,0,0,1,1,0,0,0,0,0,0,0,0,0,0,0,0,0,0,0,0,0,0,0,0,0,0,1,1,1,4,0,1,3,0,0,0,3,2,1,1,3,13,6,8,13,5,7,70,4,10,21,8,28,7,19,6,3,5,8,7,1,9,1,4,2,2,1,1,0,38,7
1028,10,0,0,1,1,2,4,2,2,2,1,1,0,2,1,0,0,1,1,2,0,2,0,0,1,0,6,12,3,10,3,12,7,6,2,4,0,8,11,2,5,8,11,2,0,1,0,0,2,1,0,1,0,0,3,0,1,1,0,0,0,0,0,0,0,0,1,0,0,0,0,0,0,0,0,0,0,0,2,2,2,2,1,0,0,4,1,4,2,5,6,2,3,9,12,7,35,3,11,19,5,27,11,21,1,2,1,6,6,2,5,0,0,1,0,0,0,1,38,7
1029,8,0,0,1,3,2,4,3,1,1,0,0,0,3,1,0,0,1,0,1,0,1,1,1,0,1,7,7,4,5,2,9,6,9,0,10,7,2,4,4,6,7,10,2,1,1,0,0,1,1,1,1,0,0,0,0,0,0,0,0,0,0,0,0,0,0,0,2,0,0,0,0,0,1,0,0,0,1,2,0,1,1,0,0,0,6,2,6,4,5,17,12,5,2,4,6,59,9,15,11,3,10,3,8,3,1,2,8,3,5,4,1,2,0,0,0,1,0,27,2
1030,9,1,0,1,3,1,3,3,1,2,0,1,2,3,1,0,1,0,1,4,0,0,1,0,0,0,13,5,7,13,2,13,8,14,2,16,8,3,4,8,0,3,9,3,1,1,0,0,1,2,3,3,0,1,0,1,0,0,0,0,0,0,0,0,0,0,0,0,0,0,0,0,0,0,0,0,0,0,1,1,0,1,1,0,0,7,0,11,4,9,24,16,5,2,12,10,75,10,18,14,8,15,14,19,4,3,2,6,12,4,5,1,5,3,2,2,1,0,27,2
1031,12,1,1,2,4,2,6,4,2,4,0,1,1,3,1,0,0,2,0,4,0,1,1,0,0,0,2,8,8,5,3,1,3,14,13,7,6,3,18,7,25,36,19,10,5,11,6,5,25,12,22,12,5,10,10,2,4,0,0,0,0,0,0,0,0,1,0,0,1,0,0,0,0,0,0,0,0,0,2,0,0,1,0,1,2,7,2,8,9,7,33,10,6,20,8,8,117,4,12,30,3,24,12,13,2,3,8,17,5,19,10,6,5,2,1,1,1,0,74,10
1032,6,0,0,2,2,2,4,2,1,1,1,0,1,0,0,0,0,0,0,2,0,0,0,2,1,0,5,4,4,6,1,8,4,10,5,12,12,6,2,9,0,3,15,6,0,1,0,0,2,2,0,2,1,0,1,0,0,0,1,0,0,0,0,0,0,0,0,0,0,0,0,0,0,0,0,0,0,1,1,0,0,1,2,0,0,2,0,5,3,4,43,13,3,2,7,9,44,7,16,10,4,13,6,10,3,1,3,10,6,5,7,1,5,2,0,0,0,1,10,2
1033,16,0,0,3,9,1,9,9,6,0,0,0,0,2,3,1,0,2,2,5,0,3,3,0,1,0,7,7,6,6,4,3,3,6,4,9,5,3,4,10,1,2,10,12,2,5,1,1,4,4,4,8,0,1,3,1,0,0,0,0,0,0,0,1,0,2,0,0,0,0,0,1,0,1,0,0,1,0,1,0,0,2,2,0,0,6,1,3,2,8,31,14,10,2,13,10,84,8,16,14,5,11,14,20,3,4,3,9,13,25,10,5,6,4,1,1,1,0,26,4
1034,13,2,1,1,6,1,11,12,1,3,1,1,0,2,3,0,1,0,2,3,0,3,1,1,1,0,6,7,6,3,4,3,2,8,6,9,6,2,11,7,13,14,11,13,5,8,3,4,9,8,13,7,6,6,8,2,1,0,0,0,0,0,0,0,0,0,0,0,1,0,0,0,0,0,0,0,0,0,2,1,0,3,1,0,0,3,1,5,7,8,35,11,11,23,10,12,120,9,12,29,6,27,6,21,6,3,2,20,4,25,9,5,4,4,1,1,0,2,70,9
1035,8,1,0,2,4,0,10,14,1,0,0,0,0,1,1,0,0,0,1,1,0,2,1,1,0,0,1,0,6,2,2,2,4,9,5,3,1,3,11,11,7,21,19,20,7,24,7,5,27,19,24,14,11,12,10,3,2,0,0,1,0,0,0,0,0,0,0,0,0,0,0,0,0,0,0,0,1,0,0,1,0,3,1,0,0,5,0,3,18,16,10,5,3,7,3,2,41,3,4,17,1,16,2,7,1,1,0,8,3,8,2,4,2,1,0,1,1,3,26,2
1036,12,2,0,5,5,3,3,20,2,2,0,1,0,0,1,0,1,0,0,0,0,0,0,1,0,0,0,0,1,1,0,0,0,2,0,0,0,2,0,9,2,4,10,10,0,8,1,1,64,101,89,40,35,24,24,3,3,0,0,0,0,0,0,0,0,0,0,1,0,0,0,0,0,0,0,0,0,1,1,0,0,2,2,1,0,11,0,5,21,21,4,1,2,1,1,1,10,0,2,3,1,6,1,2,0,0,0,2,0,3,3,4,0,0,0,0,0,0,12,0
1037,7,0,1,1,2,2,2,16,1,0,0,1,0,1,1,0,0,0,0,3,0,1,0,0,0,0,1,0,0,4,3,0,1,5,2,3,1,0,2,8,1,7,10,15,5,13,8,6,56,47,54,25,39,21,20,4,3,0,0,0,0,0,0,0,0,0,0,1,0,0,0,0,0,1,0,0,0,0,1,2,1,2,3,0,0,13,2,10,24,13,4,1,0,1,1,3,23,1,2,1,0,1,1,3,0,2,1,4,1,5,0,1,1,1,0,0,0,1,9,1
1038,12,2,0,2,4,1,7,26,2,0,0,1,0,1,0,0,1,0,1,0,0,1,0,0,0,0,1,0,0,0,0,0,0,5,3,0,2,3,2,7,1,4,9,15,5,18,2,4,3,21,36,21,30,43,41,4,4,0,0,0,0,0,0,0,0,0,0,0,0,0,1,0,0,0,0,0,0,1,0,1,0,1,1,0,1,2,0,2,8,20,3,2,0,1,1,2,10,0,1,5,0,4,1,2,1,0,1,2,1,1,1,4,0,1,0,0,0,4,11,1
1039,6,1,0,2,1,1,4,21,0,0,0,0,0,0,0,0,0,0,1,1,0,0,0,0,0,0,0,1,1,0,0,0,0,0,0,1,0,0,2,3,0,3,7,4,7,16,7,2,1,2,4,5,5,5,7,3,5,0,0,0,0,0,0,0,0,0,0,0,0,0,0,0,0,0,0,0,0,0,1,0,1,0,0,0,0,1,0,0,0,6,1,0,1,1,0,0,7,0,1,5,0,1,0,1,0,0,0,0,0,1,2,3,0,1,0,0,0,1,4,0
1040,11,0,0,2,3,3,7,44,0,0,0,0,0,0,0,0,0,0,0,0,0,0,0,0,0,1,0,2,3,0,0,0,0,2,0,1,1,1,3,9,1,3,7,15,22,35,3,4,1,5,4,2,4,12,15,6,4,0,0,0,0,0,0,0,0,0,0,0,0,0,0,0,0,0,0,0,1,0,0,0,0,0,0,0,0,4,1,1,6,12,5,3,1,0,1,2,9,1,1,7,0,2,0,1,0,1,0,0,1,5,1,4,2,0,0,0,0,4,8,0
1041,10,2,1,2,1,2,14,61,1,0,0,0,0,0,0,0,0,1,0,0,0,0,1,0,0,0,0,0,0,0,0,0,1,4,1,2,0,0,1,5,1,3,5,11,23,20,18,11,2,0,0,2,0,9,1,4,4,0,0,0,0,0,0,0,0,0,0,0,0,0,0,0,0,0,0,0,1,0,1,0,0,0,0,0,0,2,0,4,6,6,5,3,2,1,2,0,10,1,1,4,0,4,1,1,1,0,0,1,0,1,2,3,2,3,1,0,0,6,7,1
1042,11,1,0,2,1,2,17,62,1,0,0,0,0,1,1,0,0,1,0,1,0,0,0,0,0,1,0,2,0,0,0,1,0,2,1,3,3,1,1,5,0,2,8,9,23,23,14,13,7,0,1,2,3,5,5,10,5,0,0,0,0,0,0,0,0,0,0,0,0,0,0,0,0,0,0,0,1,0,1,0,2,0,1,0,0,1,0,4,5,6,3,1,2,1,2,3,10,1,2,1,0,3,1,1,0,0,0,1,1,1,1,4,1,2,1,1,0,7,6,1
1043,9,0,1,1,2,0,20,85,0,0,0,0,0,1,1,0,0,0,0,2,0,0,0,0,0,0,0,1,1,0,0,0,1,2,0,2,1,0,3,6,1,5,6,10,14,15,14,4,5,0,0,0,2,4,2,6,1,0,0,0,0,0,0,0,0,0,0,0,0,0,0,0,0,0,0,0,0,0,1,1,1,0,1,0,1,1,0,4,3,3,3,1,2,0,0,1,8,0,1,1,0,5,1,2,0,0,0,2,0,5,1,6,0,1,0,1,0,11,12,3
1044,7,0,1,1,2,2,25,94,1,0,0,1,1,0,0,0,0,0,0,0,0,0,0,0,0,0,1,1,1,0,0,0,0,2,0,0,0,0,0,2,0,3,10,8,5,8,10,13,8,0,2,1,0,3,2,2,0,0,0,0,0,0,0,0,0,0,0,0,0,0,0,0,0,0,0,0,1,0,0,0,0,1,2,0,0,2,0,0,2,2,4,1,2,1,1,1,9,0,1,2,0,2,1,1,0,0,0,0,1,2,0,3,0,1,2,1,1,3,2,2
1045,13,0,0,0,2,2,31,137,1,0,0,0,0,1,1,0,0,1,0,2,0,0,0,0,1,0,1,0,0,0,0,0,0,2,0,1,0,0,3,3,1,3,4,4,4,4,7,9,31,16,22,7,4,1,3,1,1,0,0,0,0,0,0,0,0,1,1,0,0,0,0,0,0,0,0,0,0,0,1,0,1,0,0,0,0,1,0,0,0,3,2,3,0,1,1,1,8,1,3,2,1,2,0,2,0,0,0,2,0,6,2,8,0,2,0,0,0,5,6,0
1046,8,2,0,2,1,2,18,113,0,0,0,0,0,0,0,0,0,0,0,0,0,1,0,0,0,0,0,0,1,0,0,0,0,1,0,1,0,0,0,1,0,5,4,4,7,9,15,18,11,1,3,0,0,0,0,0,0,0,0,0,0,0,0,0,0,0,0,1,0,0,0,0,0,0,0,0,0,0,0,1,0,0,0,0,0,2,0,1,1,4,3,0,0,1,0,0,7,0,4,2,0,1,0,0,0,0,0,1,1,7,0,7,0,0,1,0,1,6,5,2
1047,6,0,0,0,2,0,26,77,1,0,0,0,0,0,0,0,0,1,0,0,0,0,0,1,0,0,0,0,1,1,0,0,0,5,0,1,1,1,1,5,1,3,5,4,3,9,4,5,24,18,25,10,1,2,1,1,2,0,0,0,0,0,0,0,0,0,1,0,0,0,0,0,0,0,0,0,0,0,0,0,2,1,1,1,0,1,0,0,1,2,4,2,0,0,1,0,5,0,1,2,0,1,1,2,0,0,0,3,1,5,0,4,2,3,0,0,0,1,8,1
1048,8,1,1,2,2,0,35,86,0,0,0,0,0,1,0,1,1,0,0,0,0,0,0,0,0,0,0,0,0,1,1,0,0,3,0,1,1,0,5,3,0,2,5,3,4,4,3,6,10,8,9,4,2,1,1,0,0,0,0,0,0,0,0,0,0,0,0,0,0,0,0,0,0,0,0,0,0,0,0,0,0,0,0,1,0,1,0,2,1,2,1,1,2,1,1,1,11,1,1,1,1,1,0,2,0,1,0,3,0,4,1,9,1,3,1,0,0,2,3,1
1049,3,0,1,14,12,1,0,0,0,0,1,0,0,0,0,1,0,0,0,0,0,0,0,0,0,0,0,0,0,0,0,0,0,0,0,0,0,0,0,0,0,0,0,0,0,0,0,0,0,0,0,0,0,0,0,0,0,0,16,8,23,7,3,8,1,17,11,23,4,1,4,2,1,1,0,0,1,6,1,1,0,0,0,0,4,0,9,0,0,0,0,0,0,0,0,0,2,0,0,0,0,0,0,0,0,0,0,0,0,0,0,0,0,0,0,0,0,0,0,0
1050,8,1,1,16,11,3,0,1,2,2,38,2,2,5,0,5,1,0,2,1,1,1,1,0,0,0,1,2,1,0,0,0,0,0,0,1,0,0,1,0,0,1,0,0,0,0,1,0,0,1,0,0,0,0,0,0,0,28,54,20,29,14,5,10,2,13,20,45,12,0,7,1,1,1,2,1,3,32,1,13,2,2,0,5,40,0,93,0,0,0,0,4,1,0,0,0,4,0,1,1,0,0,0,3,0,1,0,1,0,0,1,0,0,0,0,1,0,0,2,0
1051,5,2,0,17,19,0,0,0,2,2,4,0,2,2,1,4,0,0,0,0,0,1,0,1,2,0,1,1,0,0,0,0,1,0,0,0,0,0,0,0,0,0,0,0,0,0,0,0,0,0,0,0,0,0,0,0,0,22,47,6,11,16,19,34,3,53,52,76,18,2,8,1,1,4,0,1,2,4,1,3,1,2,0,0,9,0,10,0,0,0,1,0,0,0,0,1,3,0,1,2,0,0,0,2,0,0,0,0,0,0,0,0,0,0,0,0,0,0,3,0
1052,6,0,0,10,21,1,0,0,2,0,7,0,0,1,1,11,1,0,0,0,0,0,0,0,0,1,0,0,0,1,0,0,0,0,0,0,1,0,0,0,0,0,0,0,0,0,0,0,0,0,0,0,0,0,0,0,0,42,40,25,4,6,18,29,4,99,84,123,19,2,22,5,4,5,1,2,0,4,0,1,0,0,0,1,6,0,8,0,0,0,0,0,0,1,0,0,2,0,0,1,0,0,1,1,0,0,0,1,0,0,0,0,0,0,0,0,0,0,0,0
1053,6,1,1,12,31,1,0,1,1,0,2,1,2,1,1,3,2,1,0,0,1,0,0,1,0,0,1,1,0,0,0,0,0,0,0,0,0,0,0,0,0,1,0,0,0,0,0,0,0,0,0,0,0,0,0,0,0,15,16,21,9,6,3,8,8,19,13,64,15,3,23,4,1,6,3,0,0,1,0,2,1,1,0,1,4,0,3,0,0,2,1,1,0,0,0,0,2,0,0,0,0,0,0,2,0,0,0,0,0,0,0,0,0,0,0,0,0,0,0,0
1054,3,3,2,13,24,1,0,1,1,0,6,1,1,0,0,4,1,1,0,1,0,0,1,0,0,1,0,0,0,0,0,0,0,0,0,0,0,0,0,0,0,0,0,0,0,0,0,0,0,0,0,0,0,0,0,0,0,9,11,20,22,11,1,2,8,10,2,40,21,5,17,3,2,10,2,0,1,1,0,1,0,1,0,0,5,0,6,1,0,0,0,1,0,0,0,0,1,1,0,1,0,0,0,0,0,0,0,0,0,1,0,0,0,0,0,0,0,0,2,0
1055,2,0,1,19,31,2,0,1,1,0,2,0,1,1,1,3,3,0,0,0,0,0,0,0,0,0,0,0,0,0,1,1,0,0,0,0,0,0,0,1,0,0,0,1,0,0,0,0,0,0,0,0,0,0,0,0,0,5,7,10,15,5,1,1,23,1,3,4,17,6,11,6,1,8,2,1,0,1,0,0,0,0,0,0,3,0,2,0,0,0,0,1,0,0,0,0,0,0,0,0,0,0,0,0,0,1,0,0,0,0,0,0,0,0,0,0,0,0,0,0
1056,3,1,1,55,62,1,2,1,2,0,1,1,1,0,0,3,0,1,1,1,0,0,0,0,1,0,0,0,0,0,0,0,0,0,0,0,0,0,0,0,0,0,0,0,0,0,0,0,1,0,0,0,0,0,0,0,0,4,4,7,6,6,4,24,20,35,29,104,7,13,24,2,7,9,5,2,0,1,0,0,0,0,0,1,1,0,2,0,0,0,2,0,0,0,0,0,0,0,0,0,1,0,1,1,0,0,0,0,0,0,0,0,0,0,0,0,0,0,1,0
1057,4,0,0,15,34,1,0,2,1,0,4,2,1,2,2,3,1,1,0,0,0,0,0,1,0,0,0,1,0,0,0,0,0,0,0,0,0,0,0,0,0,2,0,0,0,0,0,0,1,1,0,0,0,0,0,0,0,6,10,14,28,11,5,2,23,1,2,8,38,5,18,13,2,15,7,2,0,0,0,0,0,0,0,1,3,0,4,0,0,0,0,0,0,0,0,0,1,0,0,0,0,1,0,1,0,0,0,1,1,0,0,0,0,0,0,0,0,0,1,0
1058,6,1,1,16,34,1,1,1,0,0,8,0,0,2,2,6,0,0,0,0,0,0,0,0,0,0,0,0,0,0,0,0,0,0,0,2,0,0,1,0,0,0,0,0,0,0,0,0,0,1,1,0,0,0,0,0,0,9,13,23,28,18,1,3,13,1,2,12,33,7,22,7,4,14,4,3,1,1,0,0,0,1,0,0,2,1,5,1,0,0,1,1,0,0,1,1,3,0,0,0,0,0,0,1,0,0,0,0,1,0,0,0,0,0,0,0,0,0,1,0
1059,15,4,7,54,73,3,0,1,5,1,14,1,3,4,1,12,1,3,3,2,2,0,0,2,1,1,1,2,0,0,1,2,0,1,0,2,0,1,1,1,0,1,1,1,0,0,1,1,0,0,0,0,0,1,2,0,0,14,15,22,32,22,22,9,54,9,16,24,68,17,56,34,8,39,15,7,0,3,1,0,0,0,0,1,7,0,6,0,1,0,1,1,1,0,0,0,2,0,0,1,0,0,2,2,1,1,0,0,1,0,0,0,1,0,0,0,1,0,1,1
1060,5,1,2,11,28,1,1,0,2,0,14,2,4,6,2,27,0,3,0,0,2,0,0,0,0,0,0,0,0,0,0,0,0,0,0,0,0,0,0,0,0,0,0,0,0,1,0,0,0,1,0,0,0,0,0,0,0,14,14,17,17,11,10,26,4,53,52,92,28,4,31,4,1,14,5,6,0,2,2,0,0,0,0,0,5,0,9,0,0,0,2,1,0,1,1,1,1,0,1,1,0,0,0,0,0,0,0,0,1,0,0,0,0,0,0,0,0,0,0,0
1061,6,1,2,51,221,1,0,0,1,0,0,0,0,0,0,0,0,0,0,0,1,0,0,0,1,0,0,0,0,0,0,0,0,0,0,1,0,0,0,0,0,0,0,0,0,0,0,0,0,0,0,0,0,0,0,0,0,2,1,0,0,3,4,17,9,34,23,60,10,35,24,16,23,17,10,1,0,1,0,0,0,0,0,0,1,0,1,0,0,0,0,0,0,0,0,0,1,0,0,0,0,0,0,0,0,0,0,0,0,0,0,0,0,0,0,0,0,0,0,0
1062,20,3,2,17,79,1,0,1,12,1,12,0,2,3,0,46,2,3,1,0,6,0,0,3,0,1,0,3,0,0,0,1,0,0,0,1,0,0,0,1,0,0,0,0,0,0,0,0,2,0,1,0,0,1,0,0,0,1,6,9,18,15,14,18,14,40,36,122,30,18,44,16,9,38,21,25,0,1,0,0,0,0,0,1,5,0,8,0,1,0,2,1,0,0,1,2,3,1,1,0,0,0,2,1,0,1,0,1,1,0,1,0,0,0,0,1,1,0,0,0
1063,6,2,1,25,157,1,0,0,2,1,2,0,0,1,0,8,0,0,0,0,1,0,0,1,0,0,0,0,0,0,0,0,0,0,0,1,0,0,0,0,0,0,0,0,0,1,0,0,0,0,0,0,0,0,0,0,0,2,2,1,4,9,9,30,4,63,28,171,16,42,24,4,6,26,7,4,0,0,0,0,0,1,0,0,2,0,1,0,0,0,0,0,0,0,0,0,2,0,2,0,0,0,0,0,0,0,0,0,0,0,0,0,0,0,0,0,0,0,0,0
1064,9,2,1,35,472,4,0,0,5,0,1,0,0,0,0,1,1,1,0,0,2,0,0,0,1,1,0,1,0,0,0,0,0,0,0,2,0,0,0,0,0,0,0,0,0,0,0,0,0,1,0,1,0,0,0,0,0,3,1,3,2,1,2,8,8,14,9,27,9,53,16,13,20,58,14,4,0,0,0,0,0,0,0,0,0,0,1,0,0,0,0,0,0,0,0,1,1,0,0,0,0,0,0,0,0,0,0,0,0,0,0,0,0,0,0,0,0,0,0,0
1065,12,2,0,5,147,1,1,0,12,0,5,2,0,1,0,9,2,2,0,2,5,0,1,3,4,6,0,0,0,0,0,0,0,0,0,2,0,0,1,0,0,0,1,0,0,0,0,0,0,1,1,0,0,0,0,0,0,2,3,2,2,2,8,27,6,30,25,105,23,16,31,14,21,0,23,73,0,0,0,0,0,0,0,0,0,0,2,0,0,0,0,0,0,0,1,0,1,0,0,1,0,0,0,3,0,0,0,0,0,0,0,0,0,0,0,1,1,0,0,0
1066,16,2,1,10,153,3,0,1,28,2,3,0,2,1,1,17,2,0,3,0,11,0,1,1,1,4,1,3,0,1,0,0,0,0,0,0,0,0,0,0,0,0,0,0,0,0,0,0,1,1,0,0,0,0,0,0,0,2,1,2,3,4,3,10,2,16,20,51,7,10,36,4,11,25,16,31,0,0,0,1,0,0,0,0,1,0,3,0,0,1,1,0,0,1,0,0,1,0,0,0,0,1,0,1,0,1,0,1,1,0,0,0,0,0,0,0,0,0,0,0
1067,64,2,3,6,85,2,1,1,144,0,5,1,5,5,0,24,2,9,8,2,42,2,4,32,21,28,0,1,0,0,0,0,0,0,0,0,0,0,0,0,0,0,0,0,0,0,0,0,0,0,0,0,0,0,0,0,0,1,1,1,2,1,0,2,4,9,6,25,3,1,18,2,4,58,10,27,0,1,0,0,0,0,0,0,0,0,3,0,1,0,0,0,0,0,1,1,2,0,3,0,0,1,0,1,0,0,0,0,3,0,0,0,0,2,1,1,1,0,1,0
1068,7,1,3,4,4,3,0,1,0,1,2,0,0,2,0,0,0,1,1,0,0,0,0,0,0,0,21,6,3,4,1,1,1,0,1,2,1,0,1,0,0,2,1,0,0,0,0,0,1,0,1,0,0,0,0,0,0,0,1,1,0,0,0,0,0,0,0,1,0,0,0,0,0,0,0,0,2,6,41,56,14,28,5,8,2,19,10,7,1,0,4,5,1,1,1,1,9,0,4,1,0,0,0,2,0,1,0,0,0,0,0,0,0,0,0,1,0,0,5,0
1069,5,2,0,5,3,1,0,0,2,4,8,3,1,4,1,1,1,0,0,0,2,0,0,0,0,0,1,6,0,2,1,1,1,0,3,2,1,1,1,0,0,2,0,0,0,0,0,0,0,0,0,1,1,0,0,0,0,7,30,7,2,0,0,2,0,4,3,5,1,0,2,0,0,0,0,0,15,13,7,29,3,14,1,15,24,0,87,1,0,1,2,0,1,0,1,0,5,0,1,0,1,2,4,1,0,0,0,0,1,0,0,0,1,0,0,0,0,0,3,0
1070,5,0,1,8,3,0,0,0,2,0,1,0,0,4,0,1,0,1,0,0,1,0,0,0,0,0,39,1,1,2,1,3,4,3,0,3,1,3,1,0,0,0,0,0,0,0,0,0,0,0,2,0,0,0,0,0,1,0,0,1,0,0,0,0,0,0,1,1,1,0,0,0,0,0,0,0,52,10,0,36,11,40,28,9,4,69,8,11,5,1,13,3,0,1,4,2,17,1,1,1,0,2,1,1,0,3,0,0,0,0,1,0,0,0,1,0,0,0,5,1
1071,7,3,2,5,4,2,0,0,0,2,4,1,0,0,1,2,0,0,0,0,0,0,0,0,0,0,13,11,1,0,0,1,0,0,0,2,1,0,1,1,0,0,1,1,0,0,0,0,0,1,0,0,0,1,0,0,0,2,8,1,1,0,2,1,0,0,1,1,0,0,2,0,0,0,0,1,72,16,23,6,17,9,1,8,24,8,32,3,1,0,5,2,0,1,1,1,9,0,4,1,0,0,0,2,0,1,0,0,1,0,0,0,0,0,1,1,0,0,4,1
1072,6,1,1,3,5,0,2,2,1,0,0,0,0,1,0,0,0,0,0,0,0,1,1,0,0,0,29,5,5,5,1,0,4,1,0,0,1,0,2,1,0,0,1,0,0,2,0,0,1,1,0,0,1,0,1,0,0,1,1,0,0,0,0,0,0,0,0,0,0,0,1,0,0,0,0,0,20,3,20,29,7,29,14,5,2,32,3,13,7,0,8,2,0,1,2,1,17,0,2,4,1,4,0,1,0,0,0,1,1,1,0,0,1,0,0,2,0,0,10,0
1073,5,1,3,3,3,1,1,1,1,18,3,2,2,2,1,0,0,1,0,0,0,0,2,0,0,0,20,33,3,10,4,2,4,5,9,5,8,3,4,0,0,3,6,0,0,1,0,0,2,1,2,0,2,0,1,0,0,0,7,2,1,0,0,0,0,0,0,3,1,1,0,0,0,0,0,0,28,16,36,20,25,15,12,9,7,18,37,4,2,4,38,4,6,5,1,4,46,2,6,10,1,4,5,3,0,2,2,1,3,2,1,0,0,1,0,1,0,0,20,3
1074,6,0,2,2,2,0,1,2,5,3,0,1,1,0,0,0,0,0,0,1,0,0,0,1,0,0,28,5,8,9,2,0,2,9,2,4,1,5,5,2,0,1,2,1,0,1,0,1,1,0,1,1,1,1,2,0,0,0,0,1,0,0,0,1,0,0,1,1,0,0,0,0,0,0,0,0,16,1,51,10,16,15,5,2,2,9,1,16,22,18,8,3,2,1,2,1,15,1,4,3,1,3,1,1,0,1,0,2,1,1,0,0,1,0,0,0,0,0,7,1
1075,7,1,1,3,2,1,0,0,1,10,7,13,3,28,2,1,0,1,1,0,1,0,0,0,0,3,11,23,2,8,0,3,3,2,1,4,2,0,1,1,0,2,1,2,0,0,0,0,1,1,0,0,0,0,0,0,0,1,17,0,0,1,1,0,0,2,8,4,2,0,1,1,1,0,0,1,12,22,12,27,5,19,3,9,23,3,83,2,0,3,14,3,2,1,3,3,17,0,3,2,0,2,3,6,0,4,1,0,4,0,1,0,0,0,0,1,0,0,6,1
1076,5,2,0,3,4,0,2,1,1,9,31,5,4,20,1,11,2,1,1,1,0,1,0,1,1,0,1,24,0,0,0,2,0,0,0,1,0,0,0,0,0,0,0,0,0,0,0,1,0,0,0,0,0,0,0,0,0,3,47,3,5,4,3,5,5,6,9,17,6,0,2,0,0,0,0,0,6,35,2,33,1,9,2,18,33,0,45,1,0,0,4,2,1,1,3,3,8,0,1,0,0,1,0,3,0,1,0,0,2,1,0,0,1,1,0,0,1,0,1,0
1077,11,1,1,10,6,3,4,3,2,3,1,1,0,3,0,1,0,0,1,2,0,0,0,0,1,0,44,16,30,22,9,3,2,34,6,15,3,8,18,4,3,4,2,2,3,7,2,1,8,3,6,1,1,3,1,1,0,0,1,0,0,0,0,0,0,2,0,1,0,0,0,0,0,2,0,0,27,1,93,23,21,22,7,12,1,4,3,28,42,36,41,13,5,3,4,2,39,2,8,5,0,6,2,10,0,1,0,4,6,5,3,0,1,1,0,0,1,1,45,5
1078,8,0,1,3,2,1,2,0,2,30,16,4,4,22,2,8,1,1,1,0,1,2,0,2,0,1,3,30,0,1,0,1,3,0,1,2,1,1,1,0,0,1,1,0,0,0,0,0,1,0,0,0,0,0,0,0,0,4,61,5,6,0,4,3,1,3,6,9,3,0,5,1,0,0,2,0,4,71,7,25,1,9,1,26,62,2,2,1,0,0,3,0,0,0,2,1,3,1,2,1,0,2,2,6,0,1,0,1,0,1,0,0,0,0,0,1,0,0,2,0
1079,9,2,1,2,4,1,3,3,2,3,0,0,0,2,4,0,1,1,0,1,0,1,0,0,0,0,40,10,7,8,8,5,7,12,10,7,9,6,36,6,5,11,19,2,0,8,2,0,6,4,5,2,0,0,1,0,0,0,0,1,0,0,0,1,0,0,0,1,0,0,0,0,0,0,0,0,11,3,19,3,13,14,15,3,2,47,0,14,12,22,42,11,9,12,2,8,58,3,9,10,1,7,5,4,0,2,1,6,3,0,0,1,1,1,0,1,1,0,23,5
1080,4,2,1,2,4,2,3,6,1,2,0,0,0,0,1,0,0,0,0,0,0,0,0,0,0,0,7,2,9,2,1,0,0,19,0,1,1,4,6,11,2,9,8,10,9,27,5,3,18,11,10,3,8,3,7,1,0,0,0,0,0,0,0,0,0,0,0,0,0,0,0,0,0,0,0,0,0,1,5,2,6,1,20,0,0,66,0,13,12,30,10,1,2,0,1,3,13,1,7,3,1,4,0,2,0,1,1,3,1,4,1,0,0,0,1,0,0,0,13,2
1081,11,1,3,4,4,2,2,5,2,1,0,2,0,0,2,0,0,0,1,0,0,1,1,0,1,1,12,4,4,7,15,3,1,6,7,6,3,2,27,10,10,11,12,10,7,15,9,11,24,17,23,12,11,7,5,1,0,0,0,0,0,0,0,0,0,0,0,0,0,0,0,0,0,0,0,0,3,1,7,2,3,2,7,1,0,40,3,22,36,10,30,8,10,14,1,2,56,4,9,13,1,7,4,5,1,0,0,5,5,5,1,2,0,0,0,0,0,0,34,6
1082,25,1,3,4,11,2,9,10,4,6,1,2,2,5,3,4,2,4,3,7,1,4,1,2,1,2,27,21,12,25,7,22,15,18,3,22,3,12,18,9,9,40,19,5,1,0,2,0,7,6,5,2,3,3,2,0,0,0,0,1,0,0,0,0,0,2,2,3,1,1,1,1,0,1,3,0,1,0,7,4,1,4,5,2,1,14,3,12,4,8,20,7,6,12,15,20,67,12,31,35,16,47,18,29,6,4,1,13,11,7,9,1,2,4,2,2,2,1,45,14
1083,12,1,1,3,4,2,2,4,1,4,0,0,2,6,4,1,1,1,0,4,2,2,3,0,0,1,12,11,5,5,4,19,5,12,2,5,2,8,13,2,8,20,18,1,1,1,0,0,2,3,1,2,1,0,1,0,0,0,1,0,0,0,0,0,0,0,1,1,0,0,1,0,0,0,0,0,2,1,3,2,0,2,2,0,0,1,2,5,0,8,10,1,0,12,17,18,14,5,20,12,10,22,17,33,5,5,1,13,10,4,7,1,4,3,0,0,1,0,14,3
1084,8,0,1,1,3,2,5,3,0,2,1,1,0,3,2,1,0,1,1,2,0,1,1,0,0,2,9,9,2,5,2,9,5,8,2,8,4,6,1,5,1,15,19,1,0,0,0,1,5,2,4,2,1,1,1,2,0,0,1,0,0,1,0,0,0,1,0,1,0,0,0,0,0,0,0,0,2,0,2,4,0,2,0,0,1,3,1,5,2,6,13,1,0,1,19,22,5,7,31,4,8,5,9,31,5,6,4,4,12,6,7,0,4,4,2,0,2,0,4,0
1085,9,0,1,0,5,0,4,6,2,1,0,1,0,3,0,0,0,0,1,2,0,0,0,0,1,1,4,7,6,7,6,8,7,13,1,12,10,4,8,8,2,2,13,3,0,1,0,0,4,2,4,1,0,1,0,1,0,0,0,0,1,0,0,0,0,0,0,1,0,1,0,0,1,1,1,0,0,0,1,1,1,3,1,0,0,5,1,4,1,2,39,17,1,1,11,6,34,9,18,14,6,14,10,15,4,1,1,9,7,7,2,2,5,2,1,0,2,0,7,1
1086,12,1,2,2,8,1,6,6,1,4,0,7,1,10,9,0,1,1,1,8,0,6,4,0,3,1,4,10,2,6,5,11,7,9,6,4,11,3,18,3,7,16,13,2,1,1,1,0,4,1,4,0,0,1,3,0,0,0,0,0,0,0,0,0,0,0,2,2,0,0,1,0,0,0,0,0,1,0,3,0,1,2,0,0,0,4,0,5,2,2,29,14,12,14,0,2,156,11,2,35,1,28,1,10,1,8,14,13,29,6,8,0,12,4,1,1,3,1,58,6
1087,15,0,0,1,4,1,2,3,0,2,1,4,3,7,4,0,0,2,1,6,1,3,2,0,0,1,7,10,6,10,2,10,6,6,3,8,3,5,23,5,5,12,12,1,4,2,1,0,2,1,2,0,1,2,1,0,0,1,1,0,0,0,0,0,0,0,1,1,0,0,0,0,0,0,1,0,0,0,2,3,0,0,1,1,2,4,2,10,1,1,22,6,11,6,7,6,54,7,9,19,2,21,21,35,7,7,4,8,17,6,12,2,8,2,1,1,3,1,32,8
1088,19,2,3,6,9,5,17,8,1,4,0,5,0,7,5,2,2,5,5,6,0,5,1,2,0,1,8,31,9,10,5,14,16,22,6,14,7,7,12,12,8,29,36,4,1,1,1,0,4,2,2,1,1,0,2,1,0,0,1,0,0,0,0,0,0,1,0,1,1,0,0,0,0,0,0,0,2,3,3,0,0,6,2,0,1,7,1,8,1,9,22,9,5,6,31,36,3,7,57,2,8,8,41,61,16,7,8,22,26,20,24,7,17,7,2,0,2,0,2,2
1089,9,0,0,2,2,2,4,3,1,3,0,2,3,7,2,0,0,2,1,4,0,4,3,1,0,0,8,6,4,5,2,10,3,8,4,6,2,2,12,1,5,17,12,2,0,1,0,1,1,2,1,3,0,0,4,0,0,0,1,0,0,0,0,1,0,2,1,1,1,0,0,0,0,0,0,1,1,0,1,1,0,1,3,0,1,3,1,4,0,1,11,2,1,5,10,9,10,1,16,3,2,4,12,38,4,3,5,9,9,3,13,0,4,0,0,1,0,0,4,1
1090,10,1,1,1,7,4,7,3,2,3,0,2,1,9,5,1,2,2,4,7,0,5,5,1,0,1,9,9,1,8,3,7,8,4,3,10,10,7,12,3,8,17,21,2,1,0,0,0,7,3,2,1,0,2,7,1,0,0,1,1,0,0,0,0,0,0,1,0,0,1,0,0,0,0,1,1,0,0,1,1,0,3,1,0,2,1,1,1,1,1,35,18,11,9,4,6,85,4,3,18,2,8,6,21,1,7,25,11,17,8,11,1,8,5,4,2,2,1,38,11
1091,13,1,1,2,6,3,12,7,1,1,0,3,0,4,2,1,1,0,2,5,0,2,0,0,1,0,6,15,4,3,0,5,6,13,4,13,8,5,11,4,4,17,33,1,0,1,0,2,3,0,1,0,0,1,2,0,0,1,0,0,0,1,0,1,0,0,0,1,0,0,1,0,0,0,0,0,2,0,2,0,1,1,0,1,1,3,0,3,1,3,23,4,2,4,16,22,2,2,28,2,7,3,11,59,7,3,7,12,17,8,16,0,9,3,0,1,3,0,1,1
1092,6,1,0,2,3,2,4,3,2,1,0,1,0,2,3,0,0,1,1,2,0,4,0,2,1,1,7,9,0,2,0,6,3,2,3,6,4,2,11,3,2,9,10,0,0,1,0,0,5,1,2,1,0,1,5,0,0,0,0,0,0,0,0,0,0,0,1,1,0,0,2,0,0,0,0,0,0,0,2,0,0,0,1,0,1,3,1,1,1,1,22,7,5,7,1,3,26,0,6,2,0,3,6,13,4,4,11,8,17,7,10,0,11,2,0,2,4,0,14,3
1093,18,1,0,2,8,1,11,8,2,2,1,5,1,6,4,0,0,2,4,8,0,6,3,1,2,0,5,15,0,7,1,4,7,10,5,19,13,5,20,10,7,13,23,3,1,1,0,1,5,5,4,3,1,3,2,0,0,0,0,0,0,0,1,0,0,0,2,1,0,1,1,1,0,1,0,0,1,0,2,1,1,1,1,0,0,2,1,2,1,2,37,17,6,7,17,13,17,4,13,1,2,4,17,35,7,6,7,19,22,17,24,4,24,8,4,3,3,1,6,1
1094,23,1,1,3,4,1,4,7,2,6,1,3,4,16,12,3,3,3,2,5,0,7,1,2,1,1,11,21,7,15,4,13,12,13,11,15,6,10,24,3,5,28,29,1,1,0,1,0,1,2,3,1,0,1,1,0,0,0,1,0,0,0,0,0,0,0,0,2,0,0,0,0,0,0,0,0,2,1,4,1,0,8,1,2,1,2,2,4,1,9,44,18,19,14,5,13,240,10,7,51,7,53,9,35,7,15,16,15,31,7,23,3,11,3,1,2,2,0,96,17
1095,19,2,2,7,11,2,6,4,4,8,2,14,6,45,14,4,5,12,11,43,0,11,5,2,3,1,3,25,2,9,6,15,4,7,3,15,11,3,12,4,6,22,21,1,1,2,1,0,2,3,2,2,0,1,1,0,0,1,0,0,0,0,0,0,0,0,4,5,1,2,0,1,0,2,0,1,1,0,3,1,0,2,1,1,3,1,6,2,3,2,36,26,16,7,12,16,140,19,26,34,17,44,22,51,8,26,18,25,38,12,23,2,21,6,1,1,3,0,80,8
1096,11,1,0,1,1,1,3,1,1,3,1,2,1,4,2,0,0,3,5,18,0,5,2,2,2,2,3,3,2,2,4,4,2,3,3,11,4,1,6,0,1,9,9,0,0,1,0,0,1,0,3,1,0,1,0,0,0,0,1,1,0,0,0,0,0,1,1,3,0,0,0,0,0,0,0,1,1,3,2,0,0,0,0,0,1,0,2,0,0,0,26,8,6,6,2,6,101,8,1,20,2,35,3,7,0,7,33,12,34,4,5,0,15,5,0,1,3,0,49,5
1097,16,1,1,3,10,3,2,2,2,4,5,12,5,35,7,3,5,17,14,28,4,8,6,1,3,3,0,10,0,2,1,6,2,2,2,5,3,0,2,0,0,5,6,0,0,0,0,1,1,0,0,0,0,0,0,0,0,0,0,0,0,1,0,2,0,2,0,0,0,0,1,1,1,1,1,1,0,0,0,0,0,0,0,0,0,0,2,0,1,0,10,6,7,4,15,9,39,5,15,25,4,16,11,42,9,9,8,4,32,3,13,2,12,1,2,3,8,0,20,4
1098,9,0,0,2,4,2,1,1,2,0,1,2,1,9,5,1,2,2,12,18,0,6,3,0,0,1,3,4,0,0,1,1,0,2,2,4,2,2,3,0,1,11,5,1,0,0,0,0,1,1,0,0,0,0,0,0,0,0,0,0,0,0,0,0,0,0,0,1,0,1,0,0,0,1,0,0,0,0,1,0,0,0,0,1,0,0,2,0,0,0,7,6,0,4,13,4,58,3,17,24,7,23,9,33,9,7,0,16,4,0,12,0,8,2,2,1,5,0,24,4
1099,31,1,1,2,5,2,64,19,4,4,0,2,2,5,4,1,1,5,7,16,1,5,1,3,1,1,4,6,4,4,2,2,3,14,3,17,9,7,18,9,13,26,27,4,1,1,0,1,3,2,4,3,2,4,5,2,2,0,1,0,0,1,1,0,0,1,0,1,0,0,1,0,0,0,0,0,1,1,1,0,0,2,1,0,0,4,0,4,2,2,32,18,11,12,14,16,193,14,27,44,16,52,17,49,9,5,23,17,34,12,21,12,26,14,12,5,10,0,94,13
1100,35,5,1,5,13,4,5,1,5,4,0,8,1,18,8,1,6,20,17,67,1,23,7,5,6,7,1,9,0,2,3,4,4,4,2,14,5,3,10,4,2,24,15,0,0,0,0,0,1,4,1,0,1,1,0,0,1,1,1,0,0,0,0,1,0,0,1,2,0,0,0,0,0,0,0,0,1,0,2,1,0,2,1,2,0,3,1,2,1,2,27,12,11,7,28,18,128,8,33,44,12,41,14,80,17,28,3,21,18,4,26,2,32,5,5,5,12,1,53,8
1101,18,2,1,3,5,3,74,32,2,2,2,1,0,3,0,1,0,1,2,3,0,3,1,1,0,0,2,5,2,3,2,3,1,8,3,9,1,2,12,13,6,22,33,15,0,4,1,1,9,3,10,7,8,16,10,5,0,0,2,1,0,0,0,1,0,0,1,1,0,0,1,0,0,1,1,0,0,0,0,1,1,1,1,1,0,3,0,1,2,2,17,10,14,9,10,12,125,6,17,39,8,32,3,25,8,2,10,16,15,13,5,12,11,9,3,1,3,4,74,10
1102,34,2,1,1,8,5,15,3,6,0,2,5,1,7,4,1,2,4,9,41,0,7,5,2,6,2,3,10,3,3,4,6,5,6,3,12,7,4,11,4,11,29,20,2,1,4,0,0,1,2,4,2,1,1,2,1,0,0,1,0,0,0,0,0,0,1,0,1,0,0,1,0,0,1,0,1,0,0,2,2,1,0,0,0,1,3,1,3,0,5,32,18,13,13,19,16,192,12,32,42,20,74,20,59,13,13,17,14,35,10,24,4,22,7,13,10,19,0,78,13
1103,21,0,0,0,3,1,89,101,2,0,0,0,0,0,0,1,0,1,0,0,1,0,0,1,0,0,1,3,0,0,0,1,1,3,1,2,1,2,3,8,0,5,7,12,1,3,1,2,6,9,16,18,19,18,24,4,5,0,1,0,0,0,0,0,0,0,0,0,1,0,0,0,0,0,0,0,2,0,0,1,0,0,0,0,0,1,0,0,0,0,2,1,3,2,1,0,27,0,4,5,0,3,2,5,0,2,1,17,2,12,2,2,3,11,6,0,5,8,8,1
1104,70,1,2,1,14,1,21,2,3,1,2,4,1,7,6,1,1,8,14,40,1,27,16,3,3,3,1,8,1,2,2,4,3,3,1,8,5,0,5,0,3,11,11,1,1,1,1,0,1,1,0,2,0,0,4,1,0,0,0,0,0,0,0,1,0,1,0,1,0,1,1,0,0,0,1,0,0,0,2,1,0,1,0,0,0,0,1,1,1,3,17,8,4,4,15,6,97,9,25,32,22,49,13,48,16,14,19,22,41,8,40,3,35,10,20,22,66,0,48,5
1105,72,0,0,1,3,3,90,12,0,0,0,0,0,1,0,1,0,2,1,10,0,3,6,0,1,0,1,3,0,1,1,1,1,0,0,3,3,1,4,2,2,9,7,1,0,1,0,1,1,2,1,2,1,3,2,1,1,0,0,0,0,0,0,0,0,0,0,1,0,0,0,0,0,0,0,1,0,0,0,1,0,0,0,0,0,3,0,0,0,1,13,10,6,5,3,5,43,3,8,23,8,28,4,18,4,2,2,16,9,11,13,10,16,18,20,19,41,1,32,6
1106,170,1,1,5,5,4,72,8,1,0,0,0,0,0,1,0,1,1,2,17,0,4,7,1,1,2,0,2,0,1,0,0,0,1,1,2,1,0,1,0,0,1,0,0,0,0,0,1,1,0,1,1,2,0,2,0,2,0,1,0,0,0,0,0,0,0,0,2,1,0,0,0,0,0,0,0,0,1,1,0,0,1,1,0,0,0,0,1,0,0,5,2,3,1,3,5,13,1,5,5,1,10,3,5,0,3,1,10,5,9,13,2,28,11,4,17,112,0,8,2
1107,201,0,1,4,8,2,30,3,6,0,0,1,0,3,2,0,2,1,6,18,0,14,15,6,7,4,0,1,1,1,0,1,1,1,0,0,1,1,2,0,0,3,3,1,0,1,0,0,1,1,0,1,0,0,0,0,0,0,0,0,0,0,0,0,0,0,0,0,0,0,1,0,0,1,0,0,0,0,0,0,0,0,1,0,1,0,0,0,0,1,3,2,2,0,4,5,15,1,4,5,2,8,1,6,2,1,6,5,15,6,9,1,25,19,17,33,75,1,7,1
1108,326,3,2,3,8,1,23,2,11,1,0,0,0,3,3,1,0,0,8,12,2,11,24,8,8,4,0,2,0,0,0,1,1,0,0,3,1,0,0,1,0,5,1,1,0,0,0,0,0,0,0,2,2,0,1,0,0,0,0,0,0,0,0,0,0,1,0,0,0,0,1,0,0,0,0,0,0,2,0,0,0,0,0,0,0,0,0,0,0,0,4,1,1,0,1,2,13,1,6,3,1,3,2,3,1,6,1,3,7,0,8,0,26,11,50,49,5,0,6,0
1109,12,0,0,0,1,1,88,39,0,0,0,0,0,0,0,0,0,0,0,0,0,0,0,0,0,0,0,0,0,1,0,0,1,1,1,0,0,0,0,0,0,1,3,2,2,2,1,1,15,20,28,16,16,13,27,3,7,0,0,0,0,0,0,0,0,0,0,0,0,0,0,0,0,0,0,0,0,0,0,0,0,0,0,0,0,0,0,0,0,2,2,3,0,1,0,0,7,1,1,1,0,1,0,2,0,0,0,1,0,6,0,14,0,1,1,0,1,4,5,1
1110,19,2,0,3,5,4,6,6,2,1,2,0,1,6,1,0,0,2,1,3,0,2,0,0,1,1,6,18,7,5,7,7,5,16,7,9,6,7,4,7,2,23,23,6,1,2,1,0,3,1,1,1,0,1,4,0,0,0,1,0,0,0,0,1,0,0,1,4,1,0,0,0,0,1,0,3,0,0,3,4,0,2,2,1,1,3,0,3,0,4,20,8,2,1,13,21,2,3,37,2,11,6,21,35,10,5,4,24,12,14,16,1,11,4,1,1,3,0,2,1
1111,9,0,1,1,1,1,2,1,1,0,0,1,1,2,1,1,0,0,2,3,1,1,0,1,1,0,5,2,3,1,2,5,2,6,4,3,5,1,2,3,1,12,15,2,0,1,0,0,2,2,1,1,0,0,0,0,0,0,0,0,0,1,0,0,0,0,1,1,0,0,0,0,0,0,0,0,1,0,0,2,0,0,1,0,0,1,0,3,1,0,18,3,0,1,8,14,2,2,17,3,3,5,8,22,4,0,2,9,7,5,5,2,5,0,1,0,1,0,1,0
