1,351.00,5.00,19.00,71.00,78.00,2.00,259.00,121.00,91.00,18.00,18.00,9.00,8.00,44.00,14.00,33.00,29.00,81.00,108.00,114.00,92.00,106.00,264.00,362.00,277.00,278.00,18.00,34.00,10.00,15.00,5.00,10.00,6.00,26.00,9.00,31.00,20.00,9.00,33.00,14.00,8.00,61.00,43.00,9.00,11.00,15.00,10.00,8.00,32.00,42.00,34.00,33.00,11.00,14.00,33.00,6.00,4.00,10.00,27.00,10.00,5.00,2.00,4.00,16.00,4.00,11.00,19.00,73.00,9.00,9.00,38.00,3.00,15.00,33.00,46.00,82.00,13.00,10.00,21.00,17.00,9.00,14.00,9.00,9.00,14.00,23.00,25.00,15.00,13.00,25.00,80.00,37.00,32.00,21.00,37.00,46.00,219.00,20.00,82.00,50.00,22.00,64.00,27.00,100.00,20.00,36.00,20.00,61.00,131.00,34.00,89.00,27.00,167.00,98.00,237.00,343.00,983.00,17.00,134.00,23.00
2,2.00,0.00,0.00,0.00,1.00,0.00,10.00,4.00,2.00,1.00,1.00,1.00,1.00,4.00,1.00,2.00,2.00,3.00,3.00,4.00,1.00,4.00,2.00,7.00,2.00,4.00,1.00,4.00,1.00,0.00,0.00,0.00,0.00,3.00,0.00,3.00,1.00,1.00,1.00,1.00,0.00,3.00,1.00,1.00,0.00,0.00,1.00,0.00,2.00,1.00,3.00,2.00,3.00,1.00,1.00,0.00,0.00,1.00,5.00,2.00,1.00,0.00,1.00,3.00,2.00,3.00,4.00,13.00,3.00,3.00,5.00,2.00,3.00,3.00,2.00,4.00,1.00,1.00,1.00,3.00,1.00,1.00,1.00,1.00,3.00,2.00,5.00,1.00,1.00,1.00,6.00,4.00,1.00,0.00,1.00,3.00,9.00,1.00,2.00,2.00,0.00,4.00,1.00,4.00,0.00,2.00,0.00,2.00,5.00,1.00,4.00,2.00,2.00,1.00,1.00,2.00,1.00,0.00,5.00,1.00
3,18.00,0.00,0.00,0.00,2.00,1.00,5.00,6.00,4.00,1.00,1.00,1.00,2.00,3.00,2.00,3.00,2.00,0.00,2.00,3.00,3.00,1.00,2.00,3.00,0.00,1.00,1.00,6.00,1.00,1.00,0.00,1.00,0.00,2.00,0.00,1.00,3.00,0.00,4.00,1.00,1.00,3.00,1.00,2.00,1.00,0.00,2.00,0.00,3.00,5.00,1.00,1.00,3.00,4.00,1.00,1.00,2.00,2.00,7.00,1.00,1.00,0.00,1.00,4.00,2.00,3.00,1.00,21.00,2.00,1.00,6.00,1.00,3.00,2.00,3.00,4.00,0.00,1.00,2.00,2.00,2.00,1.00,1.00,2.00,2.00,2.00,3.00,1.00,0.00,2.00,11.00,1.00,0.00,0.00,2.00,1.00,6.00,0.00,2.00,2.00,1.00,2.00,1.00,5.00,0.00,0.00,0.00,0.00,2.00,2.00,2.00,0.00,1.00,1.00,0.00,1.00,1.00,1.00,6.00,3.00
4,89.00,0.00,0.00,39.00,165.00,5.00,24.00,21.00,25.00,8.00,23.00,3.00,11.00,18.00,7.00,23.00,6.00,11.00,10.00,11.00,12.00,9.00,6.00,19.00,6.00,14.00,5.00,14.00,2.00,2.00,2.00,2.00,4.00,7.00,1.00,7.00,6.00,4.00,5.00,3.00,1.00,13.00,8.00,3.00,2.00,1.00,3.00,3.00,8.00,7.00,6.00,5.00,4.00,2.00,5.00,0.00,1.00,60.00,57.00,41.00,25.00,25.00,29.00,122.00,117.00,119.00,99.00,494.00,43.00,113.00,123.00,42.00,70.00,32.00,42.00,23.00,7.00,11.00,12.00,11.00,7.00,6.00,7.00,5.00,13.00,9.00,23.00,6.00,3.00,5.00,20.00,8.00,3.00,2.00,10.00,5.00,24.00,5.00,9.00,6.00,1.00,10.00,5.00,21.00,1.00,6.00,2.00,5.00,12.00,6.00,5.00,5.00,4.00,3.00,5.00,3.00,5.00,3.00,16.00,2.00
5,69.00,2.00,7.00,139.00,1103.00,3.00,36.00,23.00,45.00,8.00,23.00,5.00,11.00,18.00,10.00,39.00,11.00,25.00,28.00,26.00,30.00,20.00,19.00,61.00,38.00,47.00,8.00,16.00,2.00,4.00,1.00,4.00,3.00,8.00,3.00,9.00,7.00,7.00,8.00,3.00,2.00,17.00,10.00,6.00,7.00,3.00,4.00,3.00,8.00,10.00,8.00,8.00,4.00,3.00,5.00,3.00,0.00,59.00,52.00,38.00,24.00,17.00,27.00,146.00,106.00,175.00,167.00,493.00,49.00,342.00,200.00,215.00,572.00,224.00,183.00,138.00,8.00,11.00,14.00,12.00,7.00,7.00,3.00,4.00,15.00,9.00,32.00,5.00,5.00,7.00,24.00,15.00,6.00,4.00,12.00,15.00,49.00,6.00,27.00,8.00,5.00,11.00,8.00,36.00,7.00,7.00,3.00,10.00,36.00,7.00,11.00,3.00,10.00,3.00,9.00,6.00,16.00,2.00,31.00,8.00
6,1.00,0.00,4.00,4.00,3.00,0.00,6.00,2.00,0.00,1.00,3.00,0.00,1.00,4.00,2.00,2.00,1.00,3.00,2.00,5.00,3.00,5.00,4.00,5.00,2.00,5.00,2.00,3.00,0.00,2.00,0.00,1.00,1.00,1.00,2.00,0.00,1.00,1.00,0.00,4.00,1.00,6.00,3.00,1.00,2.00,1.00,0.00,1.00,3.00,1.00,3.00,2.00,0.00,1.00,3.00,1.00,0.00,2.00,4.00,2.00,2.00,0.00,1.00,1.00,0.00,1.00,0.00,7.00,3.00,0.00,3.00,0.00,2.00,3.00,1.00,3.00,1.00,1.00,2.00,1.00,1.00,1.00,1.00,0.00,3.00,1.00,2.00,2.00,2.00,1.00,4.00,3.00,3.00,2.00,3.00,3.00,15.00,3.00,4.00,2.00,2.00,3.00,0.00,5.00,2.00,1.00,1.00,1.00,5.00,1.00,4.00,0.00,4.00,0.00,1.00,2.00,3.00,0.00,7.00,2.00
7,338.00,11.00,12.00,36.00,57.00,15.00,440.00,160.00,15.00,6.00,4.00,1.00,2.00,13.00,1.00,2.00,3.00,7.00,7.00,18.00,2.00,12.00,11.00,8.00,3.00,5.00,4.00,15.00,6.00,7.00,1.00,6.00,5.00,27.00,4.00,20.00,11.00,5.00,21.00,9.00,7.00,72.00,49.00,13.00,8.00,19.00,15.00,11.00,67.00,130.00,143.00,147.00,87.00,165.00,255.00,28.00,37.00,0.00,2.00,1.00,2.00,1.00,0.00,0.00,0.00,0.00,0.00,6.00,1.00,1.00,3.00,0.00,0.00,2.00,0.00,1.00,3.00,2.00,4.00,6.00,2.00,4.00,9.00,3.00,1.00,5.00,4.00,10.00,5.00,14.00,74.00,30.00,16.00,12.00,22.00,22.00,329.00,12.00,59.00,102.00,15.00,75.00,16.00,64.00,10.00,6.00,8.00,168.00,42.00,172.00,45.00,184.00,50.00,186.00,126.00,79.00,103.00,105.00,181.00,23.00
8,124.00,9.00,12.00,27.00,46.00,6.00,134.00,8.00,6.00,4.00,4.00,2.00,4.00,8.00,2.00,5.00,0.00,3.00,5.00,5.00,1.00,10.00,4.00,7.00,2.00,2.00,5.00,8.00,3.00,2.00,2.00,5.00,6.00,13.00,5.00,17.00,10.00,7.00,20.00,16.00,5.00,31.00,44.00,24.00,12.00,21.00,28.00,28.00,156.00,297.00,312.00,291.00,200.00,300.00,500.00,69.00,98.00,0.00,1.00,1.00,0.00,0.00,0.00,2.00,0.00,2.00,2.00,11.00,1.00,0.00,3.00,0.00,1.00,0.00,0.00,0.00,2.00,0.00,2.00,1.00,3.00,1.00,3.00,1.00,0.00,11.00,5.00,12.00,5.00,16.00,50.00,18.00,12.00,17.00,10.00,16.00,171.00,8.00,34.00,43.00,8.00,47.00,11.00,28.00,4.00,4.00,5.00,61.00,21.00,79.00,16.00,199.00,12.00,47.00,29.00,9.00,19.00,150.00,81.00,15.00
9,129.00,0.00,3.00,19.00,45.00,1.00,10.00,8.00,71.00,4.00,11.00,1.00,2.00,12.00,4.00,26.00,13.00,28.00,51.00,25.00,127.00,21.00,38.00,309.00,182.00,236.00,3.00,4.00,1.00,3.00,1.00,1.00,4.00,6.00,1.00,3.00,4.00,0.00,5.00,4.00,2.00,8.00,5.00,1.00,2.00,1.00,3.00,4.00,2.00,2.00,1.00,3.00,0.00,3.00,1.00,0.00,1.00,1.00,5.00,3.00,1.00,3.00,1.00,3.00,1.00,7.00,4.00,19.00,3.00,4.00,15.00,4.00,6.00,22.00,35.00,268.00,2.00,1.00,3.00,3.00,2.00,2.00,0.00,1.00,3.00,4.00,6.00,1.00,2.00,2.00,8.00,4.00,2.00,1.00,4.00,7.00,22.00,1.00,10.00,6.00,1.00,6.00,3.00,13.00,1.00,2.00,5.00,6.00,16.00,3.00,4.00,1.00,7.00,2.00,3.00,8.00,20.00,0.00,10.00,1.00
1001,31.00,5.00,5.00,10.00,17.00,3.00,3.00,2.00,6.00,50.00,55.00,82.00,46.00,404.00,28.00,15.00,18.00,15.00,8.00,11.00,8.00,2.00,4.00,1.00,5.00,2.00,17.00,69.00,4.00,20.00,7.00,26.00,19.00,5.00,6.00,21.00,11.00,2.00,9.00,3.00,3.00,17.00,7.00,2.00,1.00,0.00,1.00,0.00,2.00,2.00,1.00,2.00,1.00,0.00,0.00,1.00,0.00,1.00,19.00,4.00,2.00,1.00,0.00,4.00,0.00,3.00,9.00,9.00,5.00,1.00,8.00,0.00,0.00,3.00,1.00,1.00,3.00,16.00,6.00,16.00,2.00,9.00,0.00,33.00,26.00,4.00,106.00,5.00,2.00,3.00,30.00,17.00,10.00,9.00,21.00,13.00,106.00,8.00,24.00,22.00,6.00,20.00,25.00,69.00,4.00,25.00,4.00,12.00,25.00,6.00,6.00,1.00,7.00,1.00,2.00,2.00,4.00,0.00,34.00,6.00
1002,53.00,5.00,5.00,24.00,48.00,7.00,6.00,1.00,34.00,51.00,114.00,48.00,48.00,276.00,32.00,55.00,19.00,36.00,18.00,6.00,27.00,5.00,4.00,11.00,12.00,12.00,3.00,36.00,1.00,4.00,0.00,6.00,4.00,1.00,0.00,10.00,4.00,2.00,2.00,0.00,2.00,5.00,4.00,0.00,0.00,0.00,0.00,0.00,1.00,2.00,0.00,0.00,0.00,0.00,0.00,0.00,0.00,6.00,40.00,9.00,15.00,10.00,11.00,36.00,4.00,52.00,62.00,115.00,44.00,3.00,70.00,2.00,2.00,27.00,26.00,17.00,5.00,15.00,5.00,16.00,2.00,4.00,0.00,17.00,38.00,2.00,83.00,2.00,5.00,3.00,16.00,8.00,1.00,2.00,10.00,5.00,33.00,2.00,14.00,7.00,2.00,17.00,10.00,32.00,2.00,26.00,5.00,4.00,10.00,2.00,6.00,1.00,4.00,1.00,1.00,1.00,4.00,0.00,19.00,3.00
1003,25.00,2.00,3.00,9.00,17.00,3.00,4.00,2.00,5.00,79.00,47.00,41.00,60.00,41.00,62.00,40.00,32.00,48.00,18.00,20.00,11.00,9.00,4.00,3.00,3.00,3.00,5.00,53.00,1.00,12.00,0.00,11.00,4.00,1.00,3.00,16.00,6.00,1.00,10.00,2.00,2.00,8.00,2.00,0.00,0.00,0.00,0.00,0.00,1.00,3.00,0.00,0.00,1.00,1.00,2.00,1.00,0.00,0.00,13.00,0.00,5.00,1.00,1.00,4.00,1.00,5.00,6.00,12.00,5.00,0.00,13.00,0.00,0.00,6.00,5.00,2.00,3.00,3.00,1.00,13.00,1.00,4.00,2.00,10.00,9.00,2.00,40.00,1.00,1.00,3.00,26.00,10.00,4.00,2.00,21.00,15.00,79.00,5.00,24.00,37.00,3.00,25.00,16.00,77.00,4.00,45.00,7.00,8.00,30.00,4.00,9.00,2.00,5.00,0.00,1.00,1.00,2.00,0.00,42.00,1.00
1004,18.00,3.00,4.00,12.00,19.00,3.00,2.00,3.00,6.00,76.00,71.00,48.00,36.00,66.00,45.00,42.00,27.00,43.00,24.00,16.00,9.00,9.00,5.00,6.00,5.00,2.00,9.00,39.00,2.00,6.00,0.00,5.00,8.00,2.00,0.00,8.00,3.00,2.00,4.00,2.00,3.00,9.00,5.00,0.00,0.00,1.00,0.00,0.00,4.00,1.00,0.00,1.00,0.00,0.00,1.00,0.00,0.00,1.00,2.00,2.00,4.00,3.00,3.00,9.00,2.00,16.00,10.00,17.00,10.00,1.00,14.00,2.00,0.00,4.00,6.00,9.00,3.00,4.00,1.00,8.00,1.00,4.00,2.00,10.00,9.00,2.00,27.00,4.00,0.00,3.00,29.00,4.00,4.00,3.00,9.00,16.00,57.00,5.00,17.00,38.00,6.00,30.00,9.00,47.00,1.00,35.00,6.00,4.00,27.00,1.00,8.00,0.00,9.00,1.00,0.00,1.00,1.00,0.00,31.00,5.00
1005,41.00,4.00,5.00,17.00,28.00,5.00,4.00,4.00,12.00,179.00,143.00,64.00,60.00,5.00,145.00,76.00,91.00,109.00,62.00,29.00,13.00,15.00,6.00,7.00,5.00,13.00,10.00,98.00,5.00,9.00,2.00,17.00,10.00,8.00,5.00,16.00,19.00,3.00,11.00,2.00,1.00,14.00,5.00,3.00,1.00,0.00,2.00,0.00,2.00,0.00,2.00,0.00,0.00,2.00,0.00,0.00,0.00,4.00,14.00,2.00,2.00,0.00,7.00,8.00,0.00,10.00,12.00,22.00,7.00,0.00,24.00,2.00,1.00,6.00,5.00,5.00,7.00,6.00,4.00,15.00,1.00,8.00,2.00,19.00,24.00,2.00,64.00,3.00,1.00,4.00,35.00,21.00,8.00,10.00,46.00,20.00,128.00,6.00,38.00,58.00,9.00,39.00,26.00,96.00,7.00,96.00,20.00,10.00,40.00,6.00,15.00,1.00,10.00,1.00,2.00,3.00,6.00,0.00,43.00,8.00
1006,44.00,4.00,8.00,13.00,29.00,2.00,9.00,4.00,9.00,42.00,37.00,62.00,34.00,248.00,31.00,40.00,29.00,42.00,31.00,29.00,3.00,13.00,4.00,6.00,7.00,4.00,6.00,25.00,3.00,8.00,4.00,20.00,14.00,9.00,6.00,24.00,11.00,1.00,13.00,1.00,0.00,9.00,12.00,1.00,2.00,1.00,0.00,1.00,2.00,0.00,3.00,2.00,0.00,1.00,1.00,0.00,0.00,2.00,6.00,4.00,3.00,0.00,2.00,3.00,2.00,6.00,10.00,14.00,3.00,1.00,13.00,0.00,0.00,10.00,1.00,4.00,4.00,5.00,4.00,7.00,2.00,5.00,1.00,9.00,7.00,1.00,25.00,3.00,2.00,0.00,31.00,16.00,12.00,4.00,41.00,24.00,106.00,8.00,35.00,29.00,6.00,26.00,23.00,87.00,9.00,22.00,18.00,8.00,35.00,10.00,15.00,2.00,12.00,1.00,2.00,1.00,5.00,0.00,43.00,6.00
1007,51.00,3.00,5.00,23.00,46.00,7.00,4.00,2.00,61.00,12.00,54.00,21.00,37.00,161.00,17.00,3.00,34.00,77.00,34.00,9.00,32.00,8.00,3.00,19.00,10.00,11.00,2.00,16.00,1.00,2.00,1.00,2.00,0.00,1.00,0.00,6.00,4.00,0.00,2.00,1.00,1.00,1.00,3.00,1.00,0.00,1.00,0.00,0.00,1.00,2.00,0.00,1.00,0.00,1.00,1.00,0.00,0.00,1.00,17.00,5.00,6.00,6.00,9.00,30.00,2.00,36.00,44.00,104.00,53.00,3.00,93.00,3.00,1.00,33.00,32.00,44.00,3.00,10.00,1.00,6.00,0.00,1.00,1.00,3.00,13.00,1.00,28.00,1.00,1.00,3.00,12.00,3.00,2.00,2.00,6.00,5.00,27.00,1.00,6.00,10.00,3.00,4.00,4.00,14.00,0.00,8.00,2.00,4.00,13.00,1.00,4.00,0.00,1.00,1.00,0.00,0.00,1.00,0.00,16.00,2.00
1008,49.00,5.00,6.00,10.00,28.00,4.00,3.00,2.00,31.00,22.00,47.00,61.00,32.00,277.00,26.00,43.00,26.00,31.00,41.00,23.00,26.00,15.00,8.00,20.00,13.00,15.00,2.00,18.00,1.00,4.00,0.00,4.00,3.00,2.00,1.00,2.00,3.00,0.00,5.00,1.00,0.00,4.00,5.00,1.00,0.00,2.00,1.00,0.00,0.00,1.00,1.00,1.00,0.00,0.00,1.00,0.00,0.00,0.00,4.00,0.00,2.00,1.00,5.00,7.00,1.00,9.00,7.00,16.00,12.00,2.00,11.00,0.00,2.00,6.00,3.00,23.00,1.00,4.00,1.00,6.00,0.00,2.00,1.00,3.00,2.00,2.00,10.00,2.00,2.00,0.00,8.00,4.00,2.00,2.00,19.00,5.00,35.00,3.00,12.00,14.00,5.00,8.00,12.00,39.00,2.00,37.00,7.00,7.00,17.00,0.00,7.00,1.00,12.00,0.00,1.00,1.00,2.00,0.00,11.00,3.00
1009,83.00,2.00,2.00,9.00,22.00,8.00,4.00,1.00,36.00,7.00,26.00,22.00,18.00,162.00,20.00,57.00,32.00,2.00,51.00,48.00,44.00,35.00,20.00,46.00,40.00,30.00,3.00,9.00,1.00,2.00,0.00,0.00,0.00,1.00,0.00,5.00,2.00,1.00,3.00,1.00,0.00,4.00,3.00,1.00,1.00,2.00,0.00,0.00,2.00,0.00,0.00,1.00,0.00,1.00,0.00,0.00,0.00,2.00,1.00,2.00,2.00,0.00,1.00,3.00,0.00,4.00,8.00,16.00,8.00,0.00,13.00,0.00,1.00,2.00,3.00,17.00,0.00,3.00,1.00,2.00,0.00,2.00,2.00,2.00,3.00,2.00,5.00,2.00,1.00,0.00,10.00,4.00,3.00,1.00,17.00,10.00,45.00,2.00,20.00,27.00,6.00,21.00,7.00,44.00,6.00,55.00,12.00,3.00,39.00,4.00,4.00,0.00,9.00,0.00,4.00,4.00,6.00,0.00,20.00,6.00
1010,200.00,8.00,4.00,13.00,50.00,12.00,10.00,5.00,77.00,10.00,15.00,25.00,15.00,165.00,27.00,58.00,37.00,45.00,71.00,127.00,65.00,49.00,48.00,97.00,95.00,65.00,1.00,24.00,1.00,5.00,0.00,3.00,2.00,1.00,1.00,7.00,3.00,1.00,14.00,3.00,0.00,11.00,7.00,1.00,0.00,0.00,0.00,1.00,2.00,1.00,0.00,0.00,0.00,1.00,1.00,0.00,0.00,3.00,2.00,1.00,0.00,0.00,0.00,3.00,0.00,4.00,5.00,11.00,9.00,0.00,6.00,0.00,0.00,4.00,6.00,25.00,1.00,2.00,1.00,1.00,0.00,2.00,0.00,1.00,2.00,0.00,2.00,1.00,0.00,3.00,22.00,9.00,8.00,5.00,18.00,12.00,68.00,4.00,21.00,38.00,12.00,33.00,14.00,51.00,11.00,57.00,34.00,10.00,74.00,2.00,14.00,0.00,32.00,5.00,6.00,13.00,31.00,0.00,31.00,4.00
1011,169.00,5.00,1.00,8.00,42.00,13.00,12.00,6.00,34.00,3.00,0.00,9.00,6.00,29.00,17.00,5.00,18.00,68.00,72.00,6.00,9.00,65.00,106.00,44.00,45.00,31.00,5.00,23.00,1.00,3.00,0.00,8.00,3.00,1.00,4.00,11.00,5.00,2.00,10.00,5.00,3.00,17.00,13.00,5.00,1.00,2.00,0.00,1.00,4.00,1.00,5.00,4.00,0.00,0.00,3.00,2.00,1.00,0.00,4.00,2.00,0.00,1.00,0.00,1.00,0.00,0.00,1.00,5.00,2.00,0.00,6.00,0.00,0.00,1.00,1.00,5.00,3.00,0.00,2.00,0.00,1.00,3.00,0.00,2.00,2.00,3.00,4.00,0.00,2.00,3.00,23.00,15.00,7.00,14.00,30.00,16.00,129.00,9.00,30.00,42.00,12.00,49.00,17.00,86.00,21.00,60.00,59.00,19.00,192.00,2.00,56.00,3.00,81.00,12.00,12.00,28.00,57.00,0.00,63.00,8.00
1012,288.00,4.00,5.00,15.00,96.00,8.00,3.00,0.00,312.00,2.00,15.00,6.00,7.00,10.00,6.00,49.00,24.00,47.00,50.00,9.00,39.00,13.00,22.00,92.00,70.00,75.00,1.00,7.00,0.00,0.00,0.00,1.00,1.00,2.00,0.00,1.00,0.00,0.00,3.00,0.00,0.00,2.00,1.00,1.00,0.00,1.00,0.00,0.00,0.00,0.00,0.00,1.00,0.00,0.00,0.00,0.00,1.00,0.00,3.00,4.00,1.00,3.00,2.00,9.00,0.00,8.00,9.00,18.00,6.00,2.00,21.00,0.00,4.00,30.00,30.00,120.00,1.00,2.00,0.00,0.00,0.00,1.00,0.00,3.00,3.00,0.00,7.00,0.00,0.00,0.00,3.00,3.00,0.00,1.00,1.00,2.00,10.00,1.00,2.00,2.00,2.00,4.00,1.00,5.00,1.00,4.00,4.00,2.00,9.00,0.00,0.00,0.00,2.00,1.00,2.00,2.00,4.00,0.00,7.00,1.00
1013,159.00,5.00,4.00,9.00,34.00,7.00,11.00,2.00,28.00,2.00,2.00,2.00,3.00,8.00,5.00,3.00,10.00,27.00,27.00,52.00,6.00,14.00,36.00,42.00,54.00,26.00,4.00,7.00,2.00,1.00,0.00,4.00,1.00,1.00,2.00,6.00,3.00,1.00,6.00,2.00,2.00,5.00,6.00,0.00,1.00,0.00,1.00,0.00,3.00,5.00,2.00,3.00,1.00,1.00,1.00,3.00,0.00,1.00,1.00,0.00,1.00,0.00,0.00,1.00,0.00,0.00,0.00,2.00,1.00,0.00,3.00,0.00,0.00,1.00,0.00,3.00,1.00,1.00,0.00,2.00,2.00,0.00,0.00,2.00,1.00,4.00,1.00,1.00,3.00,3.00,17.00,5.00,4.00,2.00,17.00,6.00,67.00,7.00,19.00,23.00,7.00,35.00,7.00,37.00,9.00,14.00,21.00,13.00,69.00,3.00,27.00,0.00,53.00,6.00,5.00,22.00,111.00,0.00,32.00,6.00
1014,524.00,6.00,5.00,9.00,63.00,8.00,9.00,3.00,105.00,1.00,2.00,4.00,1.00,10.00,2.00,2.00,4.00,30.00,35.00,136.00,17.00,44.00,29.00,74.00,94.00,50.00,2.00,3.00,1.00,2.00,0.00,0.00,1.00,3.00,0.00,3.00,0.00,0.00,2.00,0.00,2.00,4.00,4.00,0.00,1.00,2.00,0.00,0.00,0.00,0.00,0.00,1.00,0.00,0.00,1.00,0.00,0.00,0.00,0.00,0.00,0.00,1.00,0.00,0.00,0.00,0.00,0.00,5.00,1.00,0.00,2.00,1.00,1.00,0.00,4.00,7.00,1.00,1.00,2.00,0.00,0.00,0.00,1.00,1.00,0.00,1.00,2.00,0.00,0.00,1.00,6.00,1.00,2.00,1.00,2.00,6.00,27.00,3.00,13.00,12.00,3.00,15.00,5.00,14.00,6.00,13.00,14.00,3.00,39.00,3.00,12.00,2.00,33.00,5.00,15.00,29.00,149.00,0.00,9.00,3.00
1015,474.00,8.00,4.00,12.00,70.00,12.00,5.00,3.00,225.00,1.00,3.00,3.00,2.00,7.00,3.00,7.00,5.00,18.00,39.00,41.00,31.00,34.00,37.00,1.00,1.00,5.00,1.00,1.00,1.00,0.00,0.00,0.00,0.00,0.00,0.00,0.00,0.00,0.00,1.00,1.00,1.00,2.00,2.00,0.00,0.00,1.00,2.00,0.00,0.00,1.00,1.00,3.00,0.00,1.00,0.00,0.00,0.00,1.00,2.00,1.00,0.00,0.00,0.00,0.00,0.00,2.00,2.00,6.00,1.00,1.00,0.00,0.00,0.00,1.00,3.00,41.00,0.00,0.00,0.00,1.00,1.00,0.00,0.00,1.00,1.00,0.00,1.00,1.00,1.00,0.00,3.00,3.00,0.00,2.00,0.00,2.00,9.00,0.00,2.00,3.00,1.00,1.00,2.00,5.00,0.00,4.00,1.00,3.00,7.00,0.00,3.00,0.00,2.00,1.00,2.00,6.00,13.00,0.00,5.00,1.00
1016,833.00,5.00,4.00,14.00,122.00,17.00,8.00,4.00,285.00,0.00,0.00,2.00,2.00,14.00,2.00,13.00,9.00,37.00,71.00,82.00,44.00,58.00,82.00,0.00,0.00,22.00,3.00,4.00,1.00,0.00,0.00,2.00,0.00,2.00,1.00,2.00,0.00,0.00,3.00,0.00,0.00,7.00,1.00,1.00,0.00,0.00,0.00,0.00,1.00,1.00,2.00,1.00,0.00,1.00,1.00,0.00,0.00,1.00,0.00,1.00,0.00,0.00,0.00,1.00,0.00,2.00,1.00,7.00,0.00,1.00,8.00,0.00,1.00,5.00,6.00,36.00,2.00,1.00,0.00,0.00,0.00,1.00,0.00,0.00,1.00,0.00,4.00,0.00,0.00,1.00,9.00,2.00,0.00,4.00,3.00,4.00,19.00,1.00,9.00,4.00,4.00,4.00,1.00,11.00,3.00,3.00,6.00,2.00,21.00,1.00,7.00,0.00,6.00,2.00,2.00,13.00,28.00,1.00,11.00,1.00
1017,537.00,7.00,3.00,9.00,75.00,13.00,3.00,1.00,236.00,1.00,1.00,0.00,0.00,9.00,0.00,12.00,6.00,20.00,42.00,33.00,31.00,27.00,30.00,3.00,8.00,10.00,0.00,5.00,2.00,1.00,0.00,1.00,0.00,1.00,0.00,0.00,0.00,0.00,4.00,0.00,0.00,2.00,0.00,0.00,1.00,0.00,0.00,1.00,2.00,3.00,2.00,0.00,0.00,1.00,1.00,0.00,0.00,0.00,0.00,0.00,1.00,1.00,0.00,4.00,0.00,0.00,0.00,7.00,2.00,1.00,2.00,0.00,0.00,5.00,6.00,45.00,0.00,0.00,1.00,0.00,0.00,1.00,0.00,0.00,1.00,1.00,1.00,0.00,0.00,1.00,2.00,3.00,0.00,0.00,4.00,0.00,15.00,2.00,1.00,2.00,1.00,2.00,2.00,5.00,0.00,3.00,9.00,2.00,12.00,3.00,5.00,0.00,5.00,0.00,1.00,3.00,18.00,0.00,8.00,0.00
1018,26.00,3.00,1.00,7.00,12.00,6.00,4.00,5.00,2.00,17.00,3.00,9.00,3.00,16.00,6.00,2.00,2.00,2.00,2.00,12.00,1.00,1.00,0.00,0.00,1.00,0.00,67.00,54.00,34.00,47.00,34.00,27.00,24.00,24.00,17.00,44.00,42.00,13.00,53.00,4.00,5.00,25.00,25.00,2.00,1.00,3.00,0.00,0.00,7.00,6.00,2.00,1.00,2.00,2.00,1.00,0.00,0.00,0.00,9.00,1.00,0.00,1.00,0.00,0.00,0.00,1.00,2.00,2.00,1.00,1.00,1.00,4.00,0.00,0.00,0.00,0.00,57.00,5.00,111.00,58.00,48.00,47.00,31.00,20.00,6.00,112.00,12.00,35.00,19.00,27.00,178.00,49.00,18.00,16.00,17.00,28.00,216.00,8.00,27.00,24.00,6.00,25.00,22.00,37.00,3.00,7.00,3.00,6.00,14.00,6.00,7.00,1.00,7.00,3.00,1.00,4.00,2.00,1.00,97.00,21.00
1019,56.00,4.00,7.00,15.00,20.00,7.00,13.00,8.00,6.00,39.00,18.00,38.00,17.00,134.00,19.00,8.00,4.00,7.00,7.00,30.00,2.00,10.00,2.00,3.00,5.00,2.00,60.00,40.00,10.00,61.00,11.00,65.00,46.00,11.00,18.00,54.00,32.00,9.00,46.00,5.00,8.00,35.00,28.00,2.00,2.00,2.00,0.00,0.00,3.00,7.00,3.00,3.00,1.00,1.00,2.00,0.00,1.00,3.00,12.00,2.00,6.00,0.00,1.00,0.00,0.00,2.00,3.00,8.00,2.00,0.00,4.00,0.00,0.00,3.00,2.00,1.00,16.00,14.00,29.00,55.00,11.00,34.00,7.00,42.00,26.00,23.00,81.00,12.00,5.00,12.00,133.00,46.00,18.00,15.00,39.00,34.00,209.00,13.00,38.00,54.00,17.00,47.00,48.00,86.00,10.00,23.00,10.00,17.00,34.00,13.00,16.00,2.00,12.00,12.00,3.00,4.00,6.00,1.00,110.00,16.00
1020,17.00,2.00,1.00,4.00,7.00,3.00,5.00,0.00,3.00,3.00,0.00,1.00,1.00,11.00,2.00,1.00,1.00,2.00,2.00,4.00,0.00,4.00,1.00,1.00,1.00,0.00,100.00,33.00,13.00,25.00,6.00,14.00,19.00,29.00,12.00,29.00,45.00,8.00,36.00,11.00,8.00,27.00,36.00,3.00,1.00,4.00,0.00,0.00,5.00,3.00,6.00,1.00,1.00,1.00,2.00,0.00,0.00,1.00,2.00,0.00,0.00,0.00,1.00,0.00,0.00,1.00,0.00,1.00,0.00,0.00,1.00,0.00,1.00,1.00,0.00,0.00,8.00,1.00,12.00,5.00,10.00,11.00,10.00,4.00,1.00,60.00,3.00,26.00,15.00,37.00,87.00,27.00,33.00,21.00,18.00,18.00,173.00,12.00,24.00,26.00,5.00,24.00,21.00,30.00,2.00,3.00,3.00,14.00,8.00,6.00,10.00,2.00,8.00,1.00,1.00,0.00,0.00,0.00,117.00,19.00
1021,35.00,4.00,3.00,9.00,13.00,4.00,8.00,4.00,3.00,20.00,2.00,9.00,2.00,19.00,6.00,0.00,0.00,5.00,10.00,9.00,1.00,2.00,2.00,2.00,1.00,1.00,95.00,90.00,22.00,59.00,15.00,13.00,15.00,27.00,23.00,88.00,127.00,20.00,90.00,10.00,13.00,56.00,39.00,5.00,2.00,3.00,1.00,0.00,5.00,2.00,6.00,6.00,0.00,1.00,3.00,0.00,0.00,1.00,2.00,1.00,1.00,0.00,1.00,1.00,0.00,2.00,1.00,2.00,2.00,0.00,3.00,0.00,0.00,1.00,0.00,1.00,10.00,5.00,28.00,18.00,16.00,29.00,14.00,14.00,3.00,61.00,13.00,35.00,10.00,32.00,171.00,85.00,28.00,33.00,33.00,38.00,297.00,17.00,52.00,53.00,14.00,49.00,29.00,58.00,7.00,13.00,11.00,17.00,35.00,5.00,16.00,3.00,9.00,2.00,2.00,4.00,4.00,0.00,132.00,26.00
1022,11.00,1.00,2.00,3.00,9.00,2.00,9.00,3.00,2.00,3.00,1.00,3.00,0.00,8.00,2.00,0.00,1.00,4.00,3.00,2.00,0.00,1.00,2.00,1.00,1.00,0.00,32.00,31.00,10.00,27.00,4.00,19.00,8.00,28.00,5.00,28.00,20.00,5.00,22.00,13.00,7.00,28.00,16.00,2.00,0.00,0.00,0.00,1.00,1.00,2.00,2.00,4.00,1.00,0.00,0.00,0.00,0.00,0.00,0.00,0.00,1.00,0.00,0.00,0.00,0.00,2.00,0.00,0.00,1.00,0.00,1.00,0.00,0.00,0.00,0.00,0.00,5.00,1.00,11.00,7.00,3.00,8.00,3.00,1.00,1.00,28.00,2.00,19.00,6.00,34.00,59.00,29.00,23.00,19.00,17.00,18.00,179.00,11.00,29.00,22.00,5.00,28.00,19.00,36.00,3.00,3.00,3.00,6.00,10.00,6.00,8.00,1.00,7.00,0.00,0.00,3.00,1.00,0.00,80.00,17.00
1023,41.00,3.00,1.00,7.00,22.00,6.00,13.00,5.00,9.00,43.00,8.00,11.00,4.00,38.00,19.00,3.00,5.00,4.00,5.00,11.00,1.00,8.00,5.00,3.00,1.00,3.00,31.00,83.00,14.00,21.00,15.00,7.00,6.00,24.00,21.00,74.00,49.00,17.00,73.00,8.00,8.00,56.00,46.00,3.00,1.00,2.00,1.00,1.00,6.00,2.00,3.00,3.00,2.00,2.00,1.00,0.00,1.00,0.00,6.00,0.00,2.00,1.00,0.00,1.00,0.00,4.00,2.00,6.00,1.00,0.00,4.00,1.00,0.00,1.00,1.00,2.00,3.00,4.00,8.00,8.00,4.00,5.00,6.00,6.00,5.00,14.00,32.00,12.00,2.00,9.00,173.00,106.00,35.00,32.00,25.00,37.00,426.00,32.00,58.00,88.00,28.00,82.00,17.00,102.00,14.00,20.00,15.00,25.00,62.00,14.00,25.00,3.00,15.00,6.00,2.00,5.00,6.00,1.00,170.00,18.00
1024,25.00,1.00,1.00,4.00,7.00,3.00,8.00,5.00,3.00,20.00,6.00,8.00,1.00,18.00,6.00,3.00,4.00,6.00,3.00,6.00,0.00,5.00,0.00,1.00,1.00,0.00,33.00,62.00,15.00,22.00,10.00,8.00,6.00,13.00,19.00,29.00,36.00,13.00,32.00,4.00,6.00,25.00,12.00,2.00,1.00,1.00,0.00,1.00,1.00,3.00,2.00,1.00,0.00,0.00,2.00,0.00,1.00,0.00,3.00,0.00,0.00,1.00,0.00,0.00,0.00,0.00,1.00,1.00,1.00,0.00,2.00,0.00,0.00,1.00,0.00,2.00,5.00,0.00,8.00,6.00,4.00,11.00,1.00,7.00,4.00,7.00,14.00,9.00,1.00,6.00,99.00,50.00,22.00,18.00,17.00,22.00,198.00,15.00,32.00,41.00,12.00,44.00,19.00,38.00,6.00,7.00,6.00,14.00,24.00,4.00,16.00,0.00,8.00,4.00,0.00,2.00,1.00,0.00,113.00,11.00
1025,43.00,3.00,3.00,5.00,14.00,4.00,20.00,9.00,7.00,2.00,2.00,3.00,1.00,6.00,6.00,1.00,1.00,3.00,3.00,13.00,1.00,7.00,1.00,0.00,2.00,0.00,32.00,19.00,16.00,27.00,11.00,16.00,17.00,26.00,20.00,27.00,26.00,8.00,58.00,22.00,36.00,31.00,19.00,16.00,5.00,15.00,6.00,4.00,14.00,10.00,13.00,7.00,3.00,3.00,8.00,0.00,1.00,0.00,0.00,1.00,0.00,1.00,1.00,0.00,1.00,0.00,2.00,2.00,0.00,0.00,2.00,0.00,0.00,1.00,0.00,0.00,6.00,4.00,11.00,4.00,4.00,7.00,15.00,4.00,3.00,48.00,6.00,31.00,33.00,35.00,135.00,53.00,53.00,42.00,26.00,34.00,337.00,15.00,41.00,61.00,13.00,71.00,20.00,50.00,6.00,8.00,6.00,24.00,23.00,21.00,13.00,2.00,7.00,5.00,5.00,1.00,3.00,1.00,202.00,34.00
1026,24.00,2.00,1.00,3.00,10.00,4.00,19.00,15.00,3.00,7.00,1.00,4.00,2.00,7.00,7.00,2.00,1.00,4.00,1.00,7.00,1.00,4.00,1.00,3.00,1.00,2.00,20.00,18.00,16.00,28.00,6.00,22.00,25.00,38.00,2.00,25.00,7.00,4.00,7.00,16.00,12.00,19.00,30.00,5.00,1.00,6.00,0.00,1.00,6.00,3.00,2.00,4.00,1.00,2.00,9.00,0.00,1.00,0.00,0.00,0.00,0.00,0.00,0.00,0.00,1.00,1.00,0.00,4.00,0.00,0.00,1.00,0.00,0.00,0.00,1.00,1.00,4.00,2.00,6.00,6.00,4.00,4.00,6.00,3.00,2.00,33.00,2.00,12.00,3.00,26.00,16.00,20.00,15.00,8.00,22.00,23.00,187.00,13.00,29.00,35.00,13.00,40.00,26.00,50.00,9.00,4.00,6.00,19.00,20.00,5.00,14.00,5.00,12.00,1.00,0.00,4.00,4.00,0.00,86.00,8.00
1027,35.00,2.00,1.00,5.00,12.00,2.00,11.00,7.00,3.00,11.00,2.00,6.00,4.00,15.00,9.00,2.00,3.00,3.00,5.00,6.00,0.00,4.00,2.00,0.00,3.00,3.00,25.00,47.00,12.00,30.00,8.00,23.00,16.00,20.00,6.00,10.00,4.00,12.00,31.00,9.00,13.00,27.00,21.00,3.00,1.00,4.00,1.00,1.00,5.00,2.00,5.00,2.00,0.00,0.00,2.00,0.00,0.00,0.00,1.00,0.00,1.00,0.00,0.00,0.00,0.00,3.00,1.00,5.00,1.00,0.00,0.00,0.00,0.00,1.00,1.00,1.00,3.00,2.00,11.00,3.00,2.00,7.00,3.00,4.00,1.00,8.00,5.00,7.00,5.00,4.00,32.00,17.00,19.00,30.00,13.00,21.00,164.00,10.00,28.00,45.00,17.00,61.00,21.00,54.00,15.00,9.00,8.00,19.00,29.00,4.00,22.00,3.00,12.00,1.00,3.00,2.00,2.00,1.00,91.00,16.00
1028,24.00,2.00,1.00,3.00,8.00,4.00,10.00,9.00,3.00,5.00,1.00,3.00,1.00,8.00,5.00,1.00,1.00,1.00,2.00,5.00,0.00,5.00,1.00,0.00,3.00,1.00,19.00,33.00,14.00,28.00,8.00,29.00,22.00,12.00,4.00,9.00,1.00,12.00,30.00,11.00,13.00,21.00,25.00,4.00,0.00,2.00,0.00,2.00,5.00,1.00,2.00,2.00,1.00,2.00,3.00,0.00,1.00,1.00,2.00,0.00,0.00,0.00,0.00,1.00,0.00,0.00,0.00,3.00,1.00,0.00,1.00,1.00,0.00,1.00,0.00,0.00,3.00,0.00,8.00,5.00,2.00,6.00,4.00,2.00,2.00,12.00,6.00,12.00,4.00,9.00,14.00,3.00,6.00,21.00,21.00,12.00,87.00,11.00,32.00,45.00,11.00,56.00,27.00,46.00,6.00,7.00,4.00,11.00,17.00,6.00,11.00,0.00,6.00,1.00,3.00,3.00,2.00,2.00,74.00,13.00
1029,20.00,1.00,2.00,3.00,9.00,5.00,12.00,6.00,3.00,5.00,3.00,0.00,2.00,7.00,3.00,0.00,0.00,2.00,2.00,6.00,0.00,2.00,1.00,0.00,1.00,1.00,20.00,13.00,7.00,19.00,6.00,27.00,16.00,26.00,3.00,25.00,17.00,3.00,9.00,12.00,11.00,16.00,23.00,6.00,1.00,4.00,0.00,1.00,6.00,4.00,5.00,4.00,1.00,3.00,2.00,0.00,1.00,1.00,2.00,0.00,1.00,0.00,0.00,1.00,0.00,1.00,1.00,2.00,0.00,0.00,1.00,0.00,0.00,1.00,0.00,1.00,1.00,0.00,6.00,3.00,1.00,3.00,5.00,1.00,3.00,17.00,3.00,17.00,13.00,17.00,38.00,34.00,15.00,9.00,18.00,24.00,162.00,17.00,37.00,27.00,10.00,37.00,12.00,29.00,3.00,5.00,7.00,15.00,11.00,9.00,9.00,5.00,8.00,5.00,1.00,1.00,2.00,1.00,72.00,6.00
1030,36.00,3.00,1.00,5.00,13.00,4.00,13.00,13.00,3.00,9.00,5.00,3.00,1.00,8.00,2.00,3.00,1.00,3.00,4.00,12.00,0.00,5.00,3.00,1.00,2.00,1.00,25.00,24.00,16.00,35.00,10.00,35.00,26.00,41.00,7.00,41.00,36.00,6.00,7.00,28.00,6.00,9.00,35.00,7.00,1.00,7.00,2.00,1.00,5.00,10.00,10.00,7.00,0.00,4.00,2.00,3.00,0.00,0.00,2.00,0.00,0.00,0.00,1.00,1.00,0.00,1.00,2.00,1.00,0.00,0.00,2.00,0.00,0.00,1.00,0.00,0.00,4.00,1.00,8.00,4.00,4.00,5.00,4.00,2.00,1.00,22.00,5.00,31.00,15.00,41.00,63.00,47.00,13.00,5.00,32.00,27.00,194.00,20.00,52.00,41.00,20.00,47.00,29.00,62.00,6.00,9.00,6.00,25.00,24.00,11.00,15.00,6.00,11.00,5.00,1.00,2.00,2.00,0.00,59.00,7.00
1031,46.00,4.00,3.00,7.00,13.00,6.00,24.00,16.00,10.00,4.00,2.00,1.00,1.00,8.00,2.00,1.00,1.00,0.00,3.00,14.00,1.00,4.00,1.00,1.00,0.00,2.00,7.00,15.00,23.00,20.00,8.00,8.00,12.00,47.00,29.00,24.00,18.00,7.00,66.00,14.00,94.00,89.00,51.00,22.00,16.00,33.00,13.00,17.00,65.00,33.00,58.00,34.00,11.00,28.00,30.00,6.00,5.00,1.00,2.00,0.00,0.00,1.00,0.00,0.00,1.00,0.00,1.00,2.00,0.00,0.00,3.00,0.00,0.00,0.00,0.00,0.00,5.00,0.00,4.00,5.00,2.00,3.00,2.00,1.00,2.00,17.00,2.00,24.00,26.00,29.00,96.00,38.00,21.00,60.00,19.00,24.00,278.00,9.00,27.00,64.00,14.00,57.00,28.00,43.00,6.00,4.00,14.00,35.00,28.00,36.00,26.00,13.00,10.00,6.00,1.00,3.00,3.00,1.00,171.00,34.00
1032,21.00,1.00,1.00,5.00,5.00,2.00,14.00,8.00,2.00,3.00,2.00,2.00,2.00,3.00,1.00,1.00,1.00,1.00,2.00,9.00,2.00,6.00,1.00,3.00,1.00,0.00,14.00,10.00,13.00,18.00,2.00,19.00,12.00,23.00,8.00,35.00,34.00,17.00,7.00,24.00,1.00,5.00,29.00,9.00,3.00,4.00,2.00,1.00,4.00,9.00,6.00,1.00,2.00,1.00,2.00,1.00,1.00,1.00,0.00,0.00,1.00,0.00,1.00,0.00,0.00,0.00,1.00,1.00,0.00,0.00,0.00,0.00,0.00,0.00,0.00,0.00,3.00,2.00,4.00,1.00,1.00,4.00,1.00,1.00,0.00,7.00,1.00,12.00,3.00,17.00,100.00,39.00,7.00,3.00,20.00,20.00,99.00,16.00,33.00,31.00,10.00,38.00,21.00,31.00,8.00,3.00,2.00,33.00,19.00,14.00,19.00,4.00,12.00,3.00,2.00,1.00,5.00,1.00,27.00,4.00
1033,49.00,4.00,6.00,8.00,17.00,7.00,28.00,18.00,10.00,1.00,3.00,3.00,1.00,5.00,6.00,3.00,1.00,2.00,3.00,17.00,2.00,9.00,3.00,1.00,6.00,1.00,17.00,18.00,15.00,16.00,11.00,11.00,11.00,19.00,10.00,24.00,21.00,10.00,12.00,33.00,3.00,7.00,28.00,27.00,2.00,13.00,4.00,2.00,12.00,7.00,10.00,15.00,5.00,3.00,9.00,2.00,1.00,0.00,0.00,1.00,0.00,0.00,0.00,2.00,0.00,0.00,1.00,3.00,0.00,0.00,1.00,0.00,1.00,0.00,1.00,0.00,4.00,2.00,4.00,4.00,4.00,4.00,4.00,1.00,1.00,13.00,4.00,11.00,15.00,22.00,71.00,40.00,24.00,10.00,31.00,23.00,197.00,19.00,40.00,34.00,16.00,28.00,38.00,52.00,11.00,10.00,8.00,30.00,33.00,43.00,22.00,10.00,18.00,6.00,3.00,7.00,4.00,3.00,62.00,9.00
1034,43.00,5.00,2.00,7.00,15.00,7.00,39.00,32.00,3.00,9.00,1.00,4.00,2.00,10.00,3.00,4.00,3.00,6.00,2.00,15.00,0.00,8.00,5.00,1.00,0.00,3.00,12.00,16.00,12.00,12.00,9.00,13.00,10.00,20.00,19.00,24.00,22.00,8.00,38.00,17.00,39.00,36.00,29.00,28.00,11.00,29.00,11.00,12.00,29.00,21.00,27.00,22.00,16.00,16.00,24.00,7.00,5.00,0.00,3.00,2.00,0.00,0.00,0.00,0.00,1.00,0.00,0.00,0.00,3.00,0.00,4.00,0.00,0.00,0.00,0.00,1.00,3.00,1.00,3.00,3.00,2.00,3.00,3.00,0.00,3.00,13.00,5.00,17.00,20.00,27.00,84.00,33.00,22.00,51.00,30.00,26.00,290.00,21.00,42.00,66.00,16.00,66.00,18.00,47.00,13.00,7.00,6.00,50.00,31.00,54.00,31.00,12.00,14.00,11.00,2.00,3.00,1.00,2.00,159.00,23.00
1035,31.00,1.00,1.00,8.00,10.00,4.00,27.00,52.00,4.00,1.00,1.00,1.00,0.00,1.00,2.00,1.00,0.00,0.00,0.00,5.00,0.00,4.00,3.00,0.00,2.00,1.00,4.00,6.00,9.00,3.00,1.00,4.00,2.00,28.00,10.00,10.00,8.00,6.00,29.00,24.00,27.00,49.00,51.00,39.00,19.00,50.00,16.00,16.00,75.00,56.00,64.00,48.00,20.00,24.00,31.00,7.00,4.00,0.00,0.00,0.00,1.00,0.00,1.00,0.00,1.00,1.00,0.00,0.00,0.00,0.00,2.00,0.00,1.00,0.00,0.00,0.00,3.00,1.00,2.00,1.00,3.00,4.00,4.00,0.00,0.00,14.00,4.00,11.00,35.00,36.00,35.00,14.00,14.00,20.00,8.00,11.00,113.00,8.00,11.00,27.00,3.00,41.00,6.00,20.00,3.00,2.00,2.00,22.00,11.00,25.00,6.00,12.00,6.00,4.00,1.00,3.00,4.00,8.00,65.00,11.00
1036,41.00,4.00,5.00,11.00,16.00,5.00,12.00,49.00,5.00,2.00,0.00,0.00,0.00,1.00,3.00,1.00,0.00,0.00,0.00,5.00,0.00,2.00,0.00,1.00,2.00,0.00,2.00,4.00,5.00,3.00,1.00,0.00,2.00,11.00,0.00,1.00,1.00,11.00,9.00,24.00,5.00,15.00,29.00,37.00,0.00,15.00,2.00,8.00,182.00,244.00,219.00,108.00,73.00,60.00,63.00,9.00,10.00,0.00,0.00,0.00,0.00,0.00,0.00,0.00,0.00,0.00,1.00,2.00,0.00,0.00,0.00,0.00,0.00,2.00,0.00,0.00,3.00,0.00,5.00,1.00,3.00,3.00,6.00,0.00,1.00,23.00,0.00,14.00,57.00,51.00,18.00,6.00,4.00,6.00,4.00,5.00,38.00,3.00,7.00,10.00,2.00,14.00,1.00,14.00,1.00,1.00,1.00,5.00,7.00,6.00,3.00,7.00,1.00,2.00,1.00,1.00,3.00,4.00,30.00,2.00
1037,21.00,1.00,3.00,4.00,8.00,2.00,17.00,47.00,4.00,1.00,0.00,0.00,1.00,5.00,2.00,3.00,0.00,1.00,0.00,6.00,0.00,2.00,1.00,1.00,1.00,1.00,3.00,2.00,4.00,7.00,5.00,2.00,2.00,21.00,1.00,7.00,5.00,3.00,9.00,23.00,2.00,23.00,35.00,41.00,8.00,21.00,12.00,15.00,151.00,117.00,127.00,87.00,69.00,52.00,64.00,7.00,9.00,0.00,0.00,1.00,0.00,0.00,1.00,0.00,0.00,0.00,0.00,2.00,0.00,0.00,0.00,0.00,0.00,0.00,0.00,0.00,3.00,2.00,2.00,5.00,4.00,2.00,5.00,0.00,1.00,34.00,3.00,26.00,71.00,39.00,20.00,6.00,1.00,3.00,2.00,5.00,59.00,1.00,8.00,7.00,1.00,6.00,7.00,7.00,1.00,3.00,1.00,4.00,7.00,6.00,3.00,7.00,3.00,2.00,1.00,1.00,1.00,3.00,30.00,7.00
1038,38.00,5.00,4.00,11.00,14.00,5.00,23.00,71.00,3.00,2.00,2.00,1.00,0.00,4.00,0.00,0.00,1.00,1.00,1.00,2.00,0.00,1.00,1.00,1.00,0.00,1.00,3.00,4.00,4.00,2.00,0.00,1.00,1.00,9.00,2.00,2.00,3.00,5.00,5.00,17.00,0.00,17.00,32.00,27.00,8.00,31.00,5.00,9.00,15.00,65.00,81.00,68.00,71.00,93.00,98.00,7.00,10.00,1.00,1.00,0.00,0.00,1.00,0.00,0.00,0.00,0.00,1.00,0.00,1.00,0.00,0.00,0.00,0.00,0.00,0.00,0.00,3.00,1.00,5.00,1.00,3.00,0.00,5.00,1.00,1.00,14.00,2.00,10.00,24.00,39.00,11.00,3.00,2.00,2.00,6.00,5.00,48.00,2.00,9.00,10.00,2.00,8.00,2.00,7.00,1.00,2.00,1.00,2.00,5.00,3.00,2.00,12.00,0.00,1.00,1.00,4.00,2.00,12.00,28.00,2.00
1039,22.00,1.00,3.00,6.00,7.00,2.00,19.00,59.00,1.00,0.00,0.00,0.00,1.00,0.00,0.00,0.00,0.00,0.00,1.00,1.00,0.00,1.00,1.00,1.00,0.00,1.00,0.00,2.00,0.00,1.00,0.00,0.00,1.00,2.00,0.00,3.00,0.00,1.00,5.00,8.00,1.00,7.00,19.00,14.00,17.00,30.00,11.00,4.00,2.00,7.00,7.00,13.00,13.00,16.00,20.00,6.00,13.00,0.00,0.00,0.00,0.00,0.00,0.00,1.00,0.00,0.00,0.00,2.00,0.00,1.00,0.00,0.00,0.00,1.00,0.00,0.00,0.00,1.00,3.00,1.00,2.00,0.00,1.00,0.00,0.00,6.00,2.00,2.00,7.00,17.00,5.00,3.00,2.00,1.00,1.00,1.00,29.00,1.00,3.00,9.00,0.00,5.00,0.00,3.00,0.00,0.00,0.00,2.00,3.00,2.00,2.00,9.00,0.00,1.00,2.00,1.00,1.00,6.00,15.00,1.00
1040,44.00,5.00,4.00,12.00,13.00,5.00,34.00,116.00,5.00,1.00,0.00,0.00,1.00,1.00,0.00,1.00,1.00,0.00,0.00,2.00,0.00,2.00,3.00,1.00,1.00,1.00,1.00,5.00,3.00,1.00,2.00,1.00,2.00,9.00,3.00,5.00,2.00,3.00,5.00,30.00,1.00,13.00,26.00,40.00,59.00,77.00,11.00,2.00,6.00,10.00,10.00,8.00,9.00,30.00,35.00,18.00,13.00,0.00,0.00,0.00,1.00,2.00,0.00,0.00,0.00,0.00,0.00,0.00,1.00,0.00,0.00,1.00,0.00,1.00,0.00,0.00,0.00,0.00,7.00,1.00,3.00,3.00,5.00,0.00,0.00,13.00,1.00,5.00,13.00,43.00,10.00,6.00,1.00,3.00,2.00,4.00,40.00,8.00,5.00,17.00,0.00,12.00,4.00,5.00,1.00,0.00,1.00,5.00,8.00,12.00,6.00,17.00,4.00,0.00,4.00,1.00,1.00,15.00,21.00,4.00
1041,32.00,4.00,4.00,15.00,8.00,3.00,46.00,165.00,2.00,3.00,0.00,0.00,0.00,0.00,1.00,0.00,1.00,0.00,0.00,1.00,0.00,2.00,0.00,0.00,0.00,2.00,1.00,4.00,0.00,2.00,0.00,1.00,1.00,12.00,3.00,3.00,1.00,2.00,4.00,15.00,3.00,9.00,20.00,23.00,65.00,49.00,44.00,20.00,7.00,0.00,0.00,1.00,0.00,20.00,5.00,14.00,9.00,1.00,1.00,1.00,1.00,1.00,0.00,1.00,0.00,0.00,1.00,0.00,0.00,1.00,0.00,0.00,0.00,0.00,0.00,0.00,3.00,0.00,4.00,0.00,6.00,0.00,3.00,1.00,0.00,7.00,1.00,6.00,12.00,23.00,15.00,6.00,2.00,6.00,3.00,2.00,45.00,3.00,4.00,8.00,5.00,9.00,2.00,5.00,0.00,2.00,0.00,4.00,0.00,5.00,1.00,10.00,3.00,3.00,2.00,1.00,0.00,17.00,23.00,2.00
1042,31.00,3.00,3.00,7.00,6.00,3.00,54.00,174.00,1.00,0.00,0.00,1.00,0.00,1.00,0.00,0.00,1.00,0.00,1.00,4.00,1.00,2.00,0.00,0.00,0.00,1.00,3.00,5.00,2.00,1.00,1.00,0.00,0.00,4.00,2.00,2.00,5.00,4.00,10.00,17.00,0.00,5.00,25.00,31.00,59.00,60.00,33.00,19.00,11.00,1.00,4.00,4.00,2.00,21.00,9.00,25.00,13.00,1.00,0.00,0.00,1.00,1.00,0.00,0.00,0.00,0.00,0.00,2.00,0.00,0.00,0.00,0.00,0.00,0.00,0.00,0.00,1.00,1.00,4.00,1.00,3.00,2.00,4.00,0.00,0.00,8.00,2.00,8.00,12.00,23.00,11.00,6.00,1.00,5.00,3.00,3.00,38.00,1.00,7.00,11.00,0.00,12.00,1.00,3.00,1.00,0.00,0.00,6.00,4.00,10.00,3.00,14.00,4.00,2.00,1.00,1.00,2.00,21.00,24.00,2.00
1043,28.00,2.00,1.00,6.00,6.00,1.00,58.00,209.00,1.00,0.00,0.00,1.00,0.00,1.00,1.00,0.00,0.00,0.00,0.00,1.00,0.00,2.00,0.00,0.00,0.00,0.00,0.00,2.00,3.00,0.00,0.00,1.00,2.00,7.00,1.00,4.00,2.00,2.00,9.00,21.00,1.00,11.00,24.00,36.00,38.00,36.00,39.00,11.00,15.00,1.00,2.00,2.00,2.00,12.00,4.00,11.00,3.00,0.00,1.00,1.00,0.00,0.00,0.00,0.00,0.00,0.00,0.00,0.00,0.00,0.00,0.00,0.00,0.00,0.00,0.00,0.00,0.00,1.00,3.00,1.00,3.00,1.00,3.00,0.00,1.00,6.00,1.00,8.00,9.00,13.00,11.00,4.00,1.00,3.00,2.00,2.00,28.00,1.00,5.00,8.00,0.00,12.00,0.00,2.00,0.00,2.00,2.00,4.00,4.00,16.00,1.00,23.00,2.00,2.00,1.00,3.00,1.00,20.00,24.00,3.00
1044,26.00,0.00,1.00,4.00,2.00,2.00,71.00,220.00,1.00,0.00,1.00,1.00,0.00,1.00,1.00,1.00,0.00,0.00,0.00,2.00,0.00,1.00,0.00,1.00,1.00,2.00,2.00,2.00,1.00,1.00,0.00,1.00,1.00,6.00,1.00,1.00,0.00,1.00,7.00,11.00,0.00,11.00,25.00,17.00,21.00,27.00,31.00,23.00,19.00,1.00,4.00,1.00,0.00,5.00,1.00,3.00,2.00,0.00,0.00,0.00,1.00,0.00,0.00,0.00,0.00,0.00,1.00,1.00,1.00,0.00,0.00,0.00,0.00,0.00,0.00,0.00,1.00,0.00,2.00,0.00,1.00,1.00,9.00,0.00,2.00,5.00,0.00,4.00,6.00,13.00,10.00,6.00,2.00,4.00,2.00,2.00,36.00,0.00,4.00,6.00,1.00,8.00,2.00,7.00,1.00,3.00,0.00,4.00,3.00,7.00,2.00,14.00,2.00,4.00,1.00,2.00,3.00,10.00,15.00,2.00
1045,44.00,3.00,1.00,8.00,9.00,4.00,100.00,325.00,4.00,0.00,0.00,0.00,1.00,2.00,1.00,0.00,0.00,2.00,0.00,1.00,1.00,1.00,2.00,2.00,1.00,1.00,1.00,2.00,1.00,1.00,0.00,0.00,4.00,4.00,1.00,1.00,1.00,3.00,6.00,8.00,2.00,8.00,16.00,14.00,15.00,18.00,26.00,23.00,74.00,44.00,52.00,19.00,5.00,4.00,3.00,3.00,3.00,0.00,0.00,1.00,0.00,0.00,0.00,0.00,0.00,1.00,1.00,1.00,0.00,0.00,0.00,0.00,0.00,0.00,0.00,0.00,1.00,0.00,0.00,1.00,1.00,1.00,2.00,0.00,1.00,5.00,1.00,5.00,1.00,9.00,10.00,3.00,2.00,3.00,3.00,3.00,38.00,0.00,8.00,6.00,1.00,9.00,2.00,5.00,1.00,0.00,1.00,7.00,3.00,18.00,4.00,22.00,0.00,5.00,1.00,0.00,3.00,12.00,21.00,2.00
1046,32.00,1.00,1.00,3.00,5.00,3.00,84.00,285.00,1.00,0.00,0.00,1.00,1.00,2.00,0.00,0.00,0.00,0.00,0.00,1.00,0.00,1.00,1.00,0.00,1.00,1.00,1.00,1.00,0.00,1.00,0.00,1.00,2.00,4.00,2.00,3.00,1.00,2.00,4.00,12.00,2.00,8.00,16.00,17.00,21.00,26.00,44.00,31.00,27.00,4.00,9.00,1.00,0.00,3.00,1.00,2.00,2.00,0.00,0.00,0.00,0.00,0.00,0.00,0.00,0.00,0.00,0.00,1.00,0.00,0.00,0.00,0.00,0.00,0.00,0.00,0.00,1.00,0.00,1.00,0.00,2.00,0.00,3.00,0.00,0.00,1.00,1.00,2.00,6.00,11.00,12.00,2.00,2.00,5.00,4.00,5.00,25.00,4.00,8.00,7.00,3.00,5.00,3.00,2.00,2.00,2.00,0.00,7.00,2.00,15.00,2.00,20.00,4.00,1.00,3.00,1.00,1.00,22.00,15.00,1.00
1047,26.00,0.00,3.00,3.00,5.00,2.00,70.00,169.00,0.00,0.00,0.00,1.00,1.00,0.00,0.00,1.00,0.00,1.00,0.00,1.00,1.00,0.00,0.00,0.00,0.00,0.00,0.00,1.00,2.00,0.00,0.00,0.00,0.00,10.00,0.00,2.00,1.00,3.00,4.00,11.00,1.00,8.00,11.00,14.00,9.00,17.00,10.00,12.00,59.00,45.00,67.00,25.00,4.00,8.00,3.00,4.00,2.00,0.00,0.00,0.00,0.00,0.00,0.00,0.00,0.00,0.00,0.00,1.00,0.00,0.00,1.00,0.00,0.00,0.00,0.00,0.00,1.00,1.00,0.00,0.00,2.00,2.00,1.00,1.00,0.00,2.00,1.00,2.00,1.00,8.00,7.00,6.00,0.00,3.00,3.00,2.00,28.00,1.00,3.00,3.00,1.00,4.00,4.00,6.00,0.00,0.00,0.00,9.00,2.00,14.00,1.00,13.00,3.00,2.00,5.00,1.00,2.00,3.00,19.00,1.00
1048,38.00,2.00,0.00,7.00,7.00,3.00,82.00,201.00,0.00,2.00,1.00,0.00,0.00,1.00,0.00,0.00,1.00,0.00,2.00,1.00,0.00,1.00,2.00,0.00,0.00,0.00,0.00,1.00,2.00,0.00,0.00,1.00,1.00,8.00,1.00,3.00,1.00,0.00,6.00,6.00,0.00,13.00,12.00,7.00,14.00,10.00,14.00,17.00,25.00,17.00,22.00,12.00,3.00,6.00,2.00,2.00,1.00,0.00,0.00,0.00,0.00,0.00,0.00,1.00,1.00,0.00,1.00,0.00,0.00,0.00,0.00,0.00,0.00,0.00,0.00,0.00,1.00,1.00,3.00,1.00,1.00,0.00,2.00,1.00,1.00,2.00,0.00,4.00,7.00,13.00,7.00,4.00,3.00,3.00,0.00,3.00,35.00,2.00,4.00,2.00,1.00,6.00,2.00,5.00,1.00,0.00,0.00,6.00,1.00,16.00,2.00,24.00,2.00,6.00,1.00,3.00,1.00,9.00,17.00,1.00
1049,9.00,3.00,3.00,55.00,44.00,0.00,0.00,0.00,1.00,0.00,4.00,1.00,0.00,1.00,1.00,1.00,0.00,1.00,0.00,1.00,0.00,0.00,0.00,0.00,0.00,0.00,0.00,2.00,0.00,0.00,0.00,0.00,0.00,0.00,0.00,1.00,0.00,0.00,0.00,0.00,0.00,0.00,0.00,0.00,0.00,0.00,0.00,0.00,0.00,0.00,1.00,0.00,0.00,1.00,0.00,0.00,0.00,0.00,50.00,20.00,58.00,27.00,9.00,33.00,2.00,55.00,40.00,82.00,11.00,1.00,14.00,3.00,2.00,6.00,2.00,1.00,5.00,20.00,2.00,6.00,1.00,2.00,1.00,3.00,23.00,0.00,15.00,0.00,0.00,1.00,3.00,0.00,1.00,0.00,0.00,0.00,6.00,0.00,0.00,4.00,0.00,0.00,0.00,0.00,0.00,1.00,1.00,0.00,0.00,0.00,1.00,0.00,0.00,0.00,0.00,0.00,0.00,0.00,1.00,0.00
1050,29.00,7.00,5.00,50.00,42.00,5.00,3.00,1.00,5.00,4.00,57.00,5.00,4.00,15.00,5.00,16.00,4.00,2.00,1.00,1.00,3.00,2.00,0.00,3.00,0.00,2.00,6.00,16.00,1.00,2.00,0.00,1.00,1.00,4.00,0.00,1.00,0.00,0.00,1.00,0.00,0.00,3.00,0.00,0.00,0.00,0.00,0.00,0.00,0.00,0.00,0.00,0.00,0.00,0.00,0.00,0.00,0.00,70.00,150.00,64.00,72.00,32.00,17.00,37.00,8.00,41.00,69.00,119.00,32.00,3.00,18.00,2.00,0.00,2.00,4.00,1.00,9.00,95.00,6.00,44.00,4.00,8.00,1.00,13.00,103.00,1.00,205.00,0.00,0.00,2.00,3.00,6.00,2.00,1.00,2.00,2.00,16.00,0.00,3.00,2.00,1.00,2.00,1.00,5.00,1.00,0.00,0.00,0.00,1.00,1.00,3.00,0.00,1.00,0.00,0.00,0.00,1.00,0.00,7.00,2.00
1051,18.00,8.00,7.00,61.00,77.00,5.00,1.00,0.00,4.00,3.00,10.00,0.00,3.00,3.00,5.00,8.00,6.00,2.00,1.00,0.00,1.00,0.00,0.00,0.00,4.00,1.00,2.00,2.00,2.00,1.00,0.00,1.00,0.00,0.00,0.00,0.00,1.00,0.00,0.00,1.00,0.00,0.00,1.00,0.00,0.00,1.00,0.00,2.00,1.00,1.00,0.00,0.00,0.00,0.00,0.00,0.00,0.00,57.00,123.00,15.00,33.00,39.00,39.00,109.00,12.00,154.00,138.00,226.00,40.00,4.00,28.00,2.00,3.00,12.00,3.00,3.00,6.00,24.00,5.00,10.00,5.00,3.00,1.00,2.00,44.00,2.00,39.00,0.00,1.00,0.00,3.00,1.00,0.00,0.00,2.00,0.00,7.00,0.00,1.00,2.00,0.00,2.00,1.00,3.00,0.00,0.00,0.00,0.00,1.00,0.00,0.00,0.00,0.00,0.00,0.00,0.00,0.00,1.00,6.00,0.00
1052,22.00,3.00,4.00,33.00,69.00,4.00,1.00,1.00,7.00,2.00,22.00,1.00,3.00,5.00,3.00,21.00,4.00,1.00,0.00,1.00,2.00,1.00,0.00,0.00,2.00,2.00,1.00,7.00,0.00,2.00,0.00,0.00,0.00,0.00,0.00,2.00,0.00,0.00,0.00,1.00,0.00,0.00,0.00,0.00,0.00,0.00,0.00,0.00,0.00,0.00,0.00,0.00,0.00,0.00,0.00,0.00,0.00,109.00,107.00,61.00,10.00,10.00,32.00,78.00,13.00,225.00,159.00,334.00,30.00,5.00,67.00,9.00,9.00,19.00,6.00,7.00,0.00,13.00,2.00,8.00,2.00,2.00,1.00,2.00,30.00,0.00,31.00,0.00,1.00,0.00,2.00,1.00,0.00,1.00,0.00,2.00,4.00,0.00,1.00,1.00,0.00,1.00,3.00,2.00,0.00,1.00,0.00,0.00,0.00,0.00,0.00,0.00,0.00,0.00,0.00,0.00,0.00,0.00,1.00,0.00
1053,14.00,2.00,4.00,40.00,100.00,3.00,0.00,1.00,6.00,2.00,11.00,2.00,3.00,3.00,2.00,15.00,3.00,2.00,0.00,0.00,6.00,1.00,1.00,0.00,1.00,2.00,2.00,1.00,0.00,0.00,0.00,1.00,1.00,0.00,0.00,1.00,0.00,1.00,1.00,0.00,0.00,2.00,0.00,0.00,0.00,0.00,0.00,0.00,0.00,0.00,0.00,0.00,0.00,0.00,0.00,0.00,0.00,35.00,40.00,56.00,23.00,19.00,11.00,20.00,23.00,59.00,28.00,156.00,38.00,13.00,57.00,13.00,6.00,10.00,14.00,4.00,2.00,3.00,2.00,1.00,1.00,2.00,0.00,2.00,8.00,1.00,11.00,0.00,0.00,0.00,1.00,1.00,0.00,0.00,1.00,0.00,5.00,1.00,3.00,1.00,1.00,2.00,1.00,4.00,0.00,1.00,0.00,0.00,0.00,0.00,0.00,0.00,0.00,0.00,1.00,0.00,0.00,0.00,1.00,0.00
1054,16.00,6.00,2.00,47.00,90.00,3.00,1.00,1.00,6.00,0.00,18.00,1.00,4.00,2.00,1.00,13.00,2.00,3.00,1.00,0.00,1.00,0.00,0.00,1.00,1.00,1.00,0.00,2.00,0.00,0.00,0.00,0.00,0.00,0.00,0.00,0.00,1.00,0.00,0.00,0.00,0.00,1.00,0.00,1.00,0.00,0.00,0.00,0.00,1.00,0.00,1.00,0.00,1.00,0.00,0.00,0.00,0.00,30.00,40.00,49.00,46.00,20.00,3.00,7.00,20.00,22.00,6.00,104.00,52.00,10.00,61.00,12.00,4.00,19.00,7.00,4.00,1.00,2.00,0.00,3.00,1.00,1.00,0.00,2.00,12.00,0.00,12.00,0.00,0.00,0.00,3.00,1.00,0.00,0.00,2.00,0.00,5.00,0.00,2.00,1.00,0.00,2.00,0.00,3.00,1.00,1.00,1.00,0.00,1.00,0.00,0.00,0.00,0.00,0.00,0.00,0.00,2.00,0.00,4.00,0.00
1055,7.00,3.00,2.00,54.00,83.00,3.00,1.00,0.00,2.00,0.00,9.00,0.00,3.00,3.00,1.00,9.00,3.00,0.00,0.00,0.00,3.00,0.00,0.00,0.00,1.00,0.00,1.00,1.00,0.00,0.00,0.00,0.00,0.00,0.00,0.00,0.00,0.00,0.00,0.00,1.00,0.00,0.00,0.00,1.00,0.00,0.00,0.00,0.00,1.00,0.00,1.00,0.00,0.00,0.00,0.00,0.00,0.00,17.00,15.00,26.00,35.00,19.00,4.00,4.00,45.00,1.00,7.00,11.00,36.00,14.00,29.00,18.00,6.00,21.00,9.00,10.00,1.00,4.00,2.00,1.00,0.00,0.00,0.00,2.00,11.00,1.00,7.00,1.00,1.00,0.00,0.00,1.00,0.00,0.00,0.00,1.00,1.00,0.00,1.00,0.00,0.00,1.00,2.00,1.00,0.00,2.00,0.00,0.00,1.00,0.00,0.00,0.00,0.00,0.00,0.00,0.00,0.00,0.00,1.00,0.00
1056,13.00,3.00,5.00,147.00,207.00,2.00,2.00,1.00,3.00,0.00,5.00,1.00,1.00,2.00,0.00,6.00,1.00,1.00,1.00,3.00,3.00,0.00,1.00,2.00,1.00,3.00,0.00,1.00,0.00,0.00,0.00,1.00,0.00,0.00,1.00,0.00,0.00,0.00,0.00,0.00,1.00,1.00,0.00,0.00,0.00,0.00,0.00,0.00,0.00,0.00,0.00,0.00,0.00,0.00,0.00,0.00,0.00,7.00,18.00,21.00,16.00,18.00,14.00,63.00,29.00,95.00,78.00,270.00,32.00,29.00,73.00,7.00,20.00,35.00,10.00,7.00,0.00,0.00,0.00,1.00,0.00,0.00,1.00,2.00,2.00,0.00,6.00,0.00,0.00,0.00,3.00,0.00,0.00,0.00,2.00,1.00,2.00,0.00,2.00,0.00,0.00,0.00,2.00,3.00,0.00,1.00,0.00,0.00,1.00,0.00,0.00,0.00,0.00,0.00,0.00,0.00,1.00,0.00,0.00,1.00
1057,13.00,4.00,2.00,45.00,103.00,1.00,2.00,0.00,6.00,1.00,19.00,3.00,2.00,5.00,2.00,13.00,5.00,4.00,2.00,1.00,1.00,1.00,0.00,3.00,1.00,0.00,0.00,3.00,0.00,0.00,0.00,2.00,1.00,0.00,1.00,1.00,0.00,0.00,2.00,0.00,0.00,1.00,2.00,0.00,0.00,0.00,0.00,0.00,1.00,2.00,0.00,0.00,0.00,0.00,0.00,0.00,0.00,21.00,35.00,47.00,76.00,32.00,15.00,2.00,51.00,1.00,6.00,23.00,81.00,17.00,79.00,37.00,7.00,44.00,19.00,12.00,0.00,4.00,1.00,0.00,0.00,2.00,0.00,1.00,10.00,0.00,13.00,0.00,0.00,0.00,3.00,1.00,2.00,0.00,0.00,0.00,4.00,0.00,2.00,1.00,1.00,1.00,1.00,1.00,1.00,1.00,0.00,1.00,1.00,0.00,0.00,0.00,0.00,0.00,0.00,0.00,1.00,0.00,2.00,1.00
1058,19.00,2.00,3.00,54.00,107.00,2.00,2.00,1.00,5.00,2.00,28.00,2.00,4.00,5.00,3.00,21.00,3.00,2.00,1.00,0.00,1.00,1.00,0.00,6.00,1.00,1.00,1.00,4.00,0.00,1.00,0.00,0.00,0.00,0.00,0.00,1.00,0.00,0.00,1.00,0.00,0.00,0.00,0.00,0.00,0.00,0.00,0.00,0.00,0.00,0.00,1.00,0.00,0.00,0.00,0.00,0.00,0.00,30.00,47.00,61.00,75.00,37.00,6.00,5.00,37.00,8.00,6.00,39.00,76.00,20.00,68.00,23.00,9.00,32.00,17.00,14.00,3.00,5.00,1.00,3.00,0.00,1.00,0.00,4.00,9.00,1.00,13.00,1.00,0.00,0.00,3.00,0.00,0.00,2.00,1.00,1.00,7.00,1.00,3.00,1.00,1.00,2.00,2.00,2.00,2.00,1.00,0.00,0.00,1.00,0.00,0.00,1.00,0.00,0.00,0.00,0.00,0.00,0.00,1.00,0.00
1059,44.00,10.00,21.00,167.00,247.00,7.00,2.00,3.00,14.00,3.00,29.00,2.00,6.00,13.00,4.00,32.00,2.00,6.00,4.00,3.00,6.00,1.00,0.00,10.00,4.00,3.00,2.00,6.00,0.00,1.00,0.00,1.00,0.00,0.00,0.00,4.00,1.00,0.00,2.00,2.00,0.00,3.00,1.00,1.00,0.00,2.00,1.00,0.00,2.00,2.00,1.00,1.00,0.00,1.00,2.00,0.00,1.00,39.00,59.00,80.00,91.00,57.00,46.00,18.00,127.00,24.00,42.00,67.00,143.00,54.00,167.00,95.00,24.00,96.00,45.00,29.00,1.00,7.00,1.00,3.00,1.00,3.00,0.00,3.00,21.00,1.00,21.00,1.00,0.00,1.00,6.00,5.00,1.00,1.00,3.00,1.00,9.00,1.00,3.00,1.00,0.00,2.00,2.00,5.00,0.00,4.00,0.00,2.00,2.00,0.00,0.00,0.00,2.00,0.00,1.00,0.00,0.00,0.00,6.00,0.00
1060,18.00,4.00,6.00,33.00,86.00,4.00,2.00,2.00,10.00,3.00,34.00,2.00,5.00,15.00,2.00,58.00,7.00,10.00,2.00,0.00,5.00,0.00,0.00,1.00,2.00,4.00,0.00,1.00,0.00,0.00,0.00,0.00,0.00,0.00,0.00,0.00,2.00,0.00,0.00,0.00,1.00,3.00,1.00,0.00,0.00,1.00,0.00,0.00,1.00,2.00,0.00,0.00,0.00,0.00,0.00,0.00,1.00,31.00,43.00,43.00,49.00,28.00,27.00,62.00,18.00,130.00,114.00,250.00,55.00,9.00,85.00,10.00,9.00,41.00,22.00,18.00,2.00,7.00,2.00,5.00,1.00,1.00,0.00,4.00,16.00,0.00,27.00,0.00,0.00,1.00,4.00,1.00,1.00,0.00,2.00,0.00,9.00,1.00,3.00,3.00,0.00,0.00,0.00,7.00,0.00,1.00,1.00,1.00,0.00,0.00,0.00,1.00,0.00,1.00,0.00,0.00,2.00,0.00,3.00,1.00
1061,14.00,3.00,5.00,141.00,599.00,3.00,1.00,1.00,2.00,2.00,3.00,0.00,1.00,1.00,1.00,4.00,1.00,0.00,0.00,1.00,3.00,0.00,1.00,2.00,1.00,3.00,0.00,0.00,0.00,0.00,0.00,1.00,0.00,0.00,0.00,2.00,0.00,0.00,0.00,0.00,0.00,0.00,0.00,0.00,0.00,0.00,0.00,0.00,0.00,0.00,0.00,0.00,0.00,0.00,0.00,0.00,0.00,5.00,2.00,3.00,5.00,4.00,12.00,45.00,26.00,70.00,62.00,157.00,18.00,77.00,56.00,44.00,59.00,46.00,24.00,8.00,0.00,1.00,1.00,0.00,0.00,1.00,0.00,0.00,2.00,0.00,3.00,0.00,0.00,1.00,0.00,1.00,0.00,0.00,0.00,0.00,0.00,0.00,1.00,0.00,0.00,0.00,0.00,1.00,0.00,0.00,0.00,0.00,0.00,0.00,1.00,0.00,0.00,0.00,0.00,0.00,0.00,0.00,1.00,0.00
1062,63.00,6.00,8.00,69.00,234.00,7.00,1.00,3.00,33.00,6.00,35.00,4.00,9.00,11.00,4.00,98.00,5.00,8.00,4.00,2.00,19.00,0.00,1.00,7.00,6.00,5.00,0.00,5.00,0.00,1.00,0.00,2.00,1.00,1.00,0.00,1.00,1.00,0.00,1.00,0.00,0.00,1.00,0.00,0.00,1.00,0.00,0.00,0.00,0.00,1.00,0.00,0.00,0.00,0.00,0.00,0.00,1.00,13.00,20.00,22.00,41.00,31.00,42.00,56.00,39.00,122.00,111.00,323.00,80.00,47.00,151.00,41.00,30.00,92.00,61.00,55.00,1.00,2.00,1.00,1.00,1.00,1.00,1.00,1.00,11.00,0.00,16.00,0.00,0.00,1.00,4.00,2.00,0.00,1.00,2.00,2.00,6.00,0.00,5.00,0.00,0.00,1.00,3.00,4.00,0.00,4.00,0.00,1.00,1.00,0.00,1.00,0.00,0.00,0.00,0.00,0.00,2.00,0.00,3.00,0.00
1063,18.00,4.00,5.00,70.00,414.00,3.00,0.00,0.00,8.00,0.00,5.00,1.00,0.00,3.00,0.00,12.00,2.00,1.00,2.00,2.00,2.00,0.00,0.00,1.00,0.00,0.00,0.00,1.00,0.00,1.00,0.00,0.00,0.00,0.00,0.00,0.00,0.00,0.00,1.00,0.00,0.00,0.00,0.00,0.00,1.00,1.00,0.00,0.00,0.00,0.00,0.00,0.00,0.00,0.00,0.00,0.00,0.00,6.00,8.00,7.00,9.00,17.00,22.00,75.00,10.00,167.00,104.00,415.00,30.00,73.00,71.00,7.00,23.00,57.00,22.00,14.00,0.00,3.00,0.00,2.00,0.00,0.00,0.00,0.00,4.00,1.00,2.00,1.00,0.00,2.00,1.00,0.00,0.00,0.00,0.00,0.00,6.00,0.00,1.00,1.00,1.00,1.00,1.00,1.00,1.00,2.00,0.00,0.00,0.00,0.00,0.00,0.00,0.00,0.00,0.00,0.00,0.00,0.00,1.00,0.00
1064,35.00,6.00,2.00,122.00,1205.00,6.00,0.00,0.00,18.00,0.00,4.00,1.00,1.00,1.00,1.00,4.00,1.00,1.00,0.00,1.00,2.00,1.00,0.00,2.00,1.00,2.00,0.00,4.00,0.00,0.00,0.00,1.00,0.00,0.00,0.00,1.00,0.00,0.00,1.00,1.00,0.00,0.00,0.00,0.00,0.00,0.00,1.00,0.00,0.00,0.00,0.00,0.00,0.00,0.00,0.00,0.00,0.00,6.00,3.00,6.00,4.00,5.00,4.00,30.00,21.00,41.00,41.00,86.00,15.00,93.00,45.00,38.00,58.00,88.00,41.00,12.00,2.00,0.00,1.00,0.00,1.00,0.00,0.00,0.00,0.00,0.00,3.00,0.00,1.00,0.00,2.00,0.00,0.00,1.00,0.00,0.00,1.00,0.00,1.00,0.00,1.00,1.00,1.00,2.00,0.00,2.00,0.00,0.00,0.00,0.00,0.00,0.00,0.00,1.00,0.00,0.00,1.00,0.00,2.00,0.00
1065,44.00,7.00,3.00,28.00,435.00,6.00,0.00,0.00,54.00,3.00,14.00,2.00,3.00,8.00,1.00,33.00,5.00,6.00,4.00,3.00,12.00,1.00,2.00,11.00,10.00,11.00,1.00,2.00,0.00,0.00,0.00,0.00,0.00,0.00,1.00,1.00,0.00,0.00,2.00,0.00,0.00,0.00,1.00,0.00,0.00,0.00,0.00,0.00,1.00,0.00,1.00,0.00,1.00,0.00,0.00,0.00,0.00,10.00,9.00,6.00,10.00,10.00,17.00,77.00,14.00,96.00,84.00,285.00,42.00,40.00,111.00,34.00,54.00,1.00,83.00,131.00,0.00,3.00,1.00,5.00,1.00,1.00,1.00,0.00,1.00,0.00,5.00,1.00,1.00,1.00,3.00,0.00,0.00,0.00,1.00,1.00,4.00,1.00,1.00,0.00,2.00,0.00,0.00,5.00,0.00,1.00,2.00,1.00,2.00,1.00,0.00,0.00,0.00,0.00,1.00,1.00,2.00,0.00,2.00,1.00
1066,53.00,5.00,4.00,32.00,417.00,6.00,1.00,1.00,77.00,3.00,16.00,2.00,5.00,3.00,1.00,39.00,3.00,4.00,5.00,1.00,26.00,2.00,4.00,6.00,5.00,8.00,0.00,9.00,0.00,1.00,0.00,1.00,1.00,0.00,1.00,1.00,0.00,0.00,0.00,0.00,1.00,0.00,0.00,1.00,0.00,0.00,0.00,0.00,0.00,0.00,0.00,0.00,0.00,0.00,0.00,0.00,0.00,7.00,7.00,6.00,5.00,12.00,7.00,37.00,5.00,58.00,53.00,148.00,21.00,26.00,102.00,15.00,36.00,65.00,40.00,67.00,1.00,2.00,0.00,1.00,0.00,0.00,1.00,1.00,2.00,0.00,2.00,0.00,0.00,1.00,3.00,1.00,0.00,0.00,1.00,1.00,3.00,1.00,1.00,4.00,0.00,2.00,1.00,4.00,0.00,4.00,2.00,1.00,0.00,0.00,0.00,0.00,0.00,0.00,0.00,1.00,2.00,0.00,2.00,0.00
1067,206.00,4.00,6.00,23.00,245.00,6.00,5.00,0.00,473.00,2.00,17.00,0.00,6.00,14.00,3.00,50.00,11.00,19.00,18.00,9.00,112.00,7.00,11.00,70.00,52.00,71.00,1.00,4.00,0.00,1.00,0.00,0.00,2.00,1.00,0.00,1.00,0.00,3.00,2.00,0.00,0.00,1.00,1.00,0.00,0.00,1.00,0.00,0.00,0.00,0.00,0.00,0.00,0.00,0.00,1.00,0.00,0.00,1.00,4.00,2.00,2.00,3.00,3.00,15.00,10.00,32.00,18.00,87.00,11.00,9.00,47.00,4.00,10.00,125.00,32.00,71.00,0.00,3.00,1.00,0.00,0.00,0.00,2.00,0.00,2.00,0.00,6.00,0.00,0.00,0.00,3.00,0.00,2.00,0.00,2.00,2.00,5.00,0.00,5.00,1.00,0.00,2.00,1.00,8.00,0.00,4.00,0.00,0.00,4.00,0.00,1.00,0.00,1.00,1.00,1.00,2.00,6.00,0.00,4.00,0.00
1068,22.00,4.00,4.00,16.00,8.00,4.00,1.00,4.00,2.00,4.00,5.00,1.00,0.00,7.00,1.00,2.00,0.00,0.00,1.00,2.00,1.00,0.00,0.00,1.00,1.00,3.00,56.00,12.00,5.00,13.00,4.00,1.00,2.00,4.00,3.00,4.00,4.00,1.00,3.00,1.00,1.00,5.00,1.00,0.00,0.00,0.00,0.00,0.00,3.00,1.00,2.00,0.00,1.00,0.00,0.00,0.00,0.00,2.00,6.00,1.00,3.00,1.00,1.00,0.00,0.00,0.00,1.00,5.00,1.00,0.00,1.00,0.00,0.00,2.00,0.00,1.00,3.00,30.00,120.00,162.00,40.00,73.00,18.00,19.00,11.00,45.00,28.00,29.00,9.00,8.00,19.00,7.00,5.00,1.00,5.00,1.00,48.00,1.00,11.00,9.00,1.00,7.00,0.00,8.00,0.00,0.00,0.00,0.00,3.00,0.00,2.00,0.00,0.00,0.00,1.00,0.00,0.00,0.00,17.00,1.00
1069,17.00,3.00,4.00,18.00,11.00,4.00,1.00,0.00,6.00,10.00,13.00,5.00,2.00,17.00,3.00,3.00,1.00,1.00,1.00,1.00,3.00,0.00,0.00,0.00,1.00,0.00,6.00,23.00,1.00,5.00,1.00,1.00,2.00,0.00,3.00,2.00,0.00,1.00,2.00,2.00,1.00,3.00,2.00,0.00,0.00,1.00,0.00,1.00,0.00,1.00,1.00,1.00,2.00,0.00,0.00,0.00,0.00,13.00,85.00,12.00,6.00,3.00,1.00,13.00,0.00,11.00,7.00,13.00,4.00,0.00,2.00,1.00,0.00,0.00,0.00,0.00,32.00,27.00,18.00,76.00,9.00,37.00,1.00,27.00,57.00,1.00,202.00,9.00,1.00,3.00,5.00,3.00,3.00,2.00,1.00,3.00,21.00,0.00,4.00,3.00,0.00,3.00,2.00,5.00,0.00,2.00,0.00,1.00,1.00,1.00,2.00,0.00,0.00,0.00,1.00,1.00,1.00,0.00,8.00,1.00
1070,19.00,5.00,7.00,27.00,16.00,4.00,1.00,2.00,3.00,3.00,1.00,2.00,1.00,4.00,0.00,1.00,0.00,0.00,0.00,0.00,0.00,1.00,1.00,0.00,0.00,0.00,93.00,14.00,7.00,16.00,4.00,6.00,11.00,11.00,1.00,8.00,6.00,5.00,4.00,1.00,0.00,4.00,3.00,1.00,4.00,4.00,0.00,1.00,3.00,2.00,7.00,3.00,0.00,1.00,0.00,0.00,0.00,2.00,3.00,5.00,1.00,3.00,1.00,1.00,0.00,0.00,1.00,5.00,2.00,0.00,0.00,0.00,1.00,0.00,2.00,1.00,111.00,25.00,0.00,116.00,23.00,93.00,77.00,19.00,21.00,153.00,21.00,42.00,18.00,13.00,25.00,6.00,5.00,4.00,6.00,7.00,66.00,2.00,11.00,6.00,2.00,8.00,4.00,8.00,1.00,1.00,0.00,2.00,2.00,2.00,2.00,0.00,0.00,0.00,0.00,1.00,0.00,0.00,30.00,3.00
1071,27.00,5.00,5.00,17.00,17.00,4.00,1.00,0.00,2.00,6.00,6.00,0.00,1.00,6.00,2.00,4.00,1.00,0.00,1.00,1.00,1.00,0.00,0.00,1.00,0.00,1.00,36.00,39.00,2.00,6.00,1.00,3.00,6.00,4.00,0.00,1.00,2.00,0.00,1.00,0.00,0.00,2.00,1.00,1.00,1.00,0.00,0.00,0.00,0.00,1.00,1.00,0.00,0.00,0.00,1.00,0.00,0.00,1.00,25.00,4.00,4.00,2.00,1.00,4.00,1.00,0.00,1.00,3.00,2.00,0.00,4.00,0.00,1.00,0.00,1.00,1.00,139.00,51.00,103.00,13.00,49.00,29.00,13.00,26.00,69.00,20.00,89.00,15.00,3.00,3.00,17.00,2.00,1.00,3.00,5.00,8.00,34.00,2.00,11.00,4.00,0.00,3.00,2.00,8.00,0.00,2.00,0.00,2.00,4.00,0.00,1.00,0.00,0.00,3.00,1.00,0.00,0.00,1.00,14.00,2.00
1072,20.00,3.00,5.00,17.00,14.00,2.00,2.00,1.00,1.00,3.00,0.00,0.00,0.00,3.00,1.00,2.00,1.00,0.00,0.00,0.00,1.00,0.00,3.00,2.00,0.00,0.00,77.00,13.00,11.00,17.00,3.00,0.00,6.00,4.00,1.00,4.00,7.00,2.00,7.00,2.00,1.00,5.00,6.00,1.00,3.00,2.00,1.00,1.00,4.00,2.00,5.00,3.00,3.00,0.00,1.00,1.00,1.00,2.00,6.00,4.00,1.00,0.00,0.00,1.00,0.00,1.00,0.00,3.00,1.00,1.00,0.00,0.00,0.00,1.00,0.00,0.00,41.00,14.00,41.00,90.00,20.00,68.00,34.00,13.00,10.00,78.00,16.00,48.00,16.00,6.00,31.00,9.00,5.00,2.00,8.00,5.00,48.00,2.00,7.00,10.00,1.00,8.00,4.00,4.00,1.00,0.00,0.00,4.00,8.00,0.00,3.00,0.00,2.00,0.00,0.00,3.00,0.00,1.00,29.00,1.00
1073,21.00,3.00,4.00,11.00,12.00,1.00,4.00,1.00,4.00,26.00,6.00,7.00,4.00,18.00,3.00,3.00,2.00,2.00,0.00,6.00,0.00,0.00,2.00,0.00,0.00,0.00,43.00,62.00,10.00,31.00,11.00,7.00,14.00,9.00,16.00,18.00,24.00,4.00,9.00,2.00,1.00,4.00,11.00,0.00,1.00,1.00,1.00,1.00,3.00,1.00,2.00,2.00,2.00,1.00,4.00,1.00,0.00,0.00,15.00,4.00,2.00,0.00,1.00,1.00,0.00,2.00,3.00,5.00,3.00,0.00,2.00,1.00,0.00,2.00,0.00,0.00,65.00,44.00,91.00,47.00,58.00,39.00,28.00,32.00,28.00,42.00,83.00,21.00,7.00,9.00,93.00,16.00,14.00,8.00,9.00,12.00,118.00,7.00,15.00,32.00,5.00,14.00,8.00,14.00,0.00,4.00,2.00,6.00,9.00,5.00,5.00,1.00,2.00,2.00,0.00,2.00,0.00,0.00,54.00,8.00
1074,19.00,2.00,4.00,10.00,9.00,4.00,9.00,7.00,7.00,7.00,0.00,1.00,1.00,2.00,1.00,1.00,0.00,1.00,1.00,1.00,0.00,1.00,1.00,0.00,0.00,1.00,65.00,11.00,22.00,20.00,4.00,2.00,8.00,27.00,5.00,5.00,6.00,16.00,12.00,8.00,1.00,3.00,8.00,7.00,5.00,11.00,0.00,3.00,8.00,8.00,6.00,3.00,5.00,4.00,4.00,1.00,1.00,0.00,2.00,1.00,0.00,2.00,2.00,1.00,0.00,0.00,1.00,1.00,2.00,0.00,3.00,1.00,0.00,0.00,1.00,0.00,40.00,10.00,148.00,28.00,44.00,33.00,12.00,6.00,4.00,21.00,5.00,55.00,51.00,56.00,31.00,12.00,8.00,13.00,4.00,3.00,65.00,2.00,14.00,10.00,3.00,10.00,3.00,6.00,1.00,5.00,1.00,4.00,2.00,1.00,3.00,0.00,1.00,0.00,1.00,0.00,1.00,0.00,26.00,3.00
1075,19.00,4.00,4.00,9.00,11.00,2.00,3.00,0.00,4.00,26.00,21.00,34.00,6.00,67.00,9.00,3.00,1.00,2.00,0.00,2.00,2.00,0.00,1.00,2.00,1.00,4.00,24.00,55.00,5.00,21.00,0.00,10.00,9.00,4.00,4.00,12.00,5.00,2.00,6.00,3.00,0.00,6.00,3.00,0.00,0.00,0.00,0.00,0.00,0.00,4.00,0.00,0.00,0.00,0.00,0.00,0.00,0.00,5.00,41.00,3.00,4.00,3.00,1.00,3.00,0.00,3.00,12.00,15.00,5.00,0.00,6.00,1.00,1.00,2.00,1.00,2.00,27.00,51.00,28.00,83.00,14.00,34.00,4.00,22.00,55.00,14.00,150.00,7.00,0.00,2.00,35.00,7.00,5.00,3.00,12.00,9.00,55.00,4.00,13.00,17.00,2.00,8.00,13.00,17.00,0.00,10.00,2.00,5.00,6.00,1.00,2.00,1.00,1.00,0.00,0.00,2.00,0.00,0.00,16.00,2.00
1076,17.00,5.00,2.00,15.00,21.00,4.00,2.00,1.00,4.00,32.00,54.00,14.00,17.00,45.00,6.00,29.00,3.00,1.00,3.00,0.00,1.00,1.00,2.00,2.00,3.00,1.00,5.00,51.00,0.00,3.00,0.00,5.00,4.00,2.00,3.00,1.00,2.00,0.00,3.00,0.00,0.00,3.00,2.00,0.00,1.00,0.00,0.00,0.00,0.00,2.00,1.00,0.00,0.00,0.00,0.00,0.00,0.00,14.00,123.00,13.00,20.00,9.00,6.00,25.00,7.00,15.00,23.00,54.00,21.00,1.00,10.00,1.00,1.00,1.00,3.00,2.00,12.00,74.00,8.00,109.00,6.00,24.00,1.00,44.00,83.00,4.00,96.00,2.00,1.00,2.00,12.00,3.00,2.00,2.00,5.00,4.00,23.00,1.00,4.00,1.00,0.00,4.00,1.00,7.00,0.00,2.00,0.00,1.00,2.00,1.00,1.00,0.00,0.00,0.00,0.00,0.00,2.00,0.00,9.00,2.00
1077,39.00,5.00,5.00,17.00,21.00,6.00,10.00,8.00,5.00,6.00,6.00,2.00,3.00,8.00,0.00,2.00,1.00,2.00,3.00,5.00,1.00,0.00,2.00,1.00,2.00,1.00,83.00,40.00,63.00,53.00,22.00,9.00,17.00,68.00,19.00,24.00,22.00,19.00,48.00,9.00,4.00,23.00,16.00,12.00,8.00,18.00,6.00,2.00,17.00,12.00,17.00,7.00,5.00,6.00,2.00,1.00,1.00,1.00,2.00,2.00,1.00,1.00,1.00,1.00,0.00,2.00,1.00,3.00,1.00,1.00,1.00,0.00,0.00,4.00,1.00,1.00,84.00,5.00,316.00,62.00,64.00,49.00,17.00,23.00,9.00,12.00,6.00,80.00,110.00,101.00,146.00,44.00,24.00,9.00,19.00,12.00,131.00,7.00,40.00,36.00,9.00,41.00,13.00,19.00,1.00,4.00,1.00,13.00,17.00,16.00,8.00,1.00,3.00,1.00,1.00,1.00,1.00,2.00,101.00,15.00
1078,21.00,3.00,4.00,10.00,18.00,3.00,5.00,2.00,4.00,63.00,54.00,13.00,15.00,46.00,5.00,16.00,3.00,4.00,2.00,2.00,4.00,1.00,1.00,3.00,3.00,3.00,10.00,51.00,0.00,3.00,1.00,4.00,3.00,3.00,1.00,3.00,1.00,5.00,5.00,0.00,0.00,4.00,1.00,0.00,0.00,1.00,2.00,1.00,0.00,2.00,0.00,0.00,0.00,0.00,0.00,0.00,0.00,11.00,149.00,15.00,20.00,2.00,9.00,28.00,0.00,18.00,18.00,32.00,10.00,0.00,22.00,3.00,2.00,4.00,2.00,3.00,17.00,148.00,16.00,104.00,6.00,35.00,2.00,64.00,124.00,3.00,2.00,3.00,0.00,3.00,15.00,4.00,4.00,0.00,6.00,7.00,28.00,1.00,4.00,6.00,2.00,8.00,11.00,15.00,2.00,6.00,0.00,2.00,3.00,2.00,2.00,1.00,0.00,1.00,0.00,3.00,0.00,1.00,14.00,2.00
1079,30.00,3.00,5.00,7.00,11.00,6.00,9.00,7.00,6.00,10.00,1.00,1.00,2.00,8.00,9.00,2.00,2.00,2.00,2.00,4.00,0.00,0.00,2.00,1.00,0.00,1.00,79.00,32.00,27.00,30.00,20.00,18.00,17.00,43.00,18.00,18.00,18.00,20.00,85.00,18.00,13.00,25.00,36.00,12.00,8.00,26.00,4.00,7.00,21.00,15.00,14.00,7.00,8.00,3.00,3.00,1.00,0.00,1.00,2.00,0.00,0.00,0.00,0.00,0.00,0.00,1.00,0.00,2.00,0.00,0.00,1.00,0.00,1.00,1.00,0.00,0.00,29.00,4.00,55.00,18.00,39.00,27.00,43.00,5.00,4.00,119.00,3.00,38.00,40.00,58.00,122.00,28.00,31.00,26.00,6.00,24.00,175.00,7.00,26.00,32.00,6.00,28.00,13.00,17.00,2.00,3.00,3.00,17.00,10.00,5.00,8.00,1.00,6.00,2.00,1.00,1.00,3.00,1.00,80.00,17.00
1080,24.00,3.00,1.00,7.00,8.00,4.00,4.00,19.00,2.00,2.00,0.00,1.00,0.00,2.00,3.00,0.00,0.00,2.00,1.00,1.00,1.00,1.00,0.00,0.00,1.00,0.00,21.00,4.00,24.00,11.00,7.00,4.00,0.00,55.00,2.00,3.00,4.00,14.00,24.00,24.00,5.00,21.00,22.00,18.00,21.00,68.00,6.00,9.00,44.00,33.00,37.00,16.00,22.00,11.00,17.00,0.00,1.00,1.00,0.00,1.00,1.00,0.00,0.00,0.00,0.00,0.00,0.00,0.00,0.00,0.00,1.00,0.00,0.00,0.00,1.00,2.00,5.00,1.00,22.00,5.00,17.00,8.00,46.00,2.00,0.00,153.00,2.00,33.00,36.00,69.00,35.00,5.00,6.00,6.00,4.00,5.00,58.00,1.00,17.00,17.00,7.00,15.00,7.00,14.00,2.00,1.00,1.00,9.00,7.00,4.00,2.00,1.00,0.00,3.00,1.00,1.00,1.00,1.00,45.00,7.00
1081,49.00,6.00,7.00,11.00,15.00,8.00,12.00,19.00,4.00,4.00,1.00,1.00,3.00,4.00,3.00,2.00,1.00,1.00,2.00,8.00,2.00,0.00,1.00,1.00,1.00,2.00,33.00,13.00,14.00,28.00,25.00,5.00,3.00,27.00,25.00,16.00,9.00,9.00,75.00,26.00,25.00,34.00,38.00,28.00,22.00,37.00,20.00,18.00,70.00,38.00,62.00,31.00,22.00,14.00,17.00,3.00,1.00,0.00,1.00,0.00,1.00,0.00,0.00,0.00,0.00,0.00,0.00,0.00,0.00,0.00,4.00,1.00,0.00,1.00,0.00,1.00,5.00,2.00,16.00,10.00,8.00,8.00,18.00,2.00,2.00,94.00,4.00,53.00,87.00,41.00,84.00,23.00,20.00,29.00,7.00,11.00,165.00,9.00,23.00,40.00,4.00,23.00,10.00,21.00,3.00,2.00,3.00,15.00,11.00,17.00,7.00,5.00,1.00,1.00,0.00,1.00,3.00,1.00,97.00,17.00
1082,68.00,4.00,12.00,11.00,26.00,6.00,28.00,22.00,9.00,19.00,4.00,8.00,6.00,17.00,10.00,7.00,1.00,5.00,8.00,17.00,1.00,8.00,2.00,5.00,3.00,3.00,69.00,63.00,38.00,58.00,23.00,59.00,41.00,49.00,10.00,42.00,11.00,33.00,44.00,27.00,29.00,86.00,55.00,13.00,4.00,5.00,3.00,2.00,14.00,16.00,12.00,8.00,3.00,4.00,6.00,1.00,2.00,2.00,2.00,0.00,3.00,1.00,0.00,0.00,0.00,1.00,3.00,6.00,1.00,1.00,2.00,0.00,0.00,3.00,2.00,1.00,13.00,3.00,17.00,10.00,6.00,18.00,13.00,6.00,3.00,41.00,12.00,38.00,16.00,28.00,50.00,17.00,16.00,43.00,52.00,53.00,150.00,33.00,78.00,71.00,39.00,107.00,56.00,88.00,16.00,16.00,7.00,37.00,41.00,19.00,29.00,4.00,13.00,9.00,3.00,3.00,6.00,0.00,111.00,21.00
1083,37.00,0.00,3.00,4.00,15.00,6.00,9.00,12.00,5.00,10.00,5.00,4.00,4.00,14.00,7.00,2.00,1.00,5.00,8.00,10.00,2.00,6.00,3.00,2.00,3.00,4.00,32.00,33.00,14.00,27.00,8.00,41.00,24.00,29.00,10.00,17.00,4.00,16.00,32.00,9.00,20.00,46.00,44.00,4.00,2.00,2.00,2.00,1.00,3.00,11.00,7.00,6.00,3.00,1.00,5.00,1.00,2.00,0.00,4.00,1.00,0.00,1.00,0.00,0.00,0.00,0.00,1.00,7.00,1.00,1.00,3.00,0.00,1.00,0.00,0.00,2.00,5.00,1.00,14.00,7.00,3.00,5.00,4.00,6.00,2.00,16.00,3.00,14.00,3.00,15.00,27.00,1.00,5.00,27.00,39.00,31.00,37.00,12.00,51.00,25.00,19.00,46.00,46.00,74.00,15.00,16.00,6.00,23.00,30.00,8.00,29.00,3.00,17.00,8.00,3.00,5.00,3.00,0.00,34.00,7.00
1084,31.00,2.00,2.00,3.00,12.00,6.00,15.00,16.00,3.00,6.00,5.00,4.00,0.00,6.00,2.00,2.00,0.00,3.00,1.00,9.00,1.00,2.00,4.00,1.00,1.00,2.00,17.00,19.00,11.00,19.00,10.00,22.00,15.00,25.00,5.00,22.00,6.00,11.00,7.00,12.00,5.00,36.00,33.00,4.00,2.00,1.00,0.00,0.00,7.00,6.00,9.00,3.00,4.00,3.00,5.00,2.00,2.00,1.00,3.00,0.00,0.00,1.00,0.00,0.00,0.00,1.00,0.00,1.00,1.00,0.00,0.00,0.00,0.00,1.00,0.00,1.00,3.00,0.00,6.00,8.00,3.00,6.00,4.00,2.00,3.00,15.00,2.00,10.00,10.00,14.00,38.00,4.00,0.00,3.00,33.00,43.00,12.00,14.00,73.00,10.00,16.00,19.00,27.00,81.00,11.00,9.00,10.00,19.00,35.00,15.00,20.00,1.00,12.00,10.00,3.00,2.00,8.00,1.00,4.00,0.00
1085,28.00,2.00,2.00,3.00,12.00,5.00,17.00,14.00,6.00,5.00,2.00,1.00,1.00,6.00,2.00,3.00,2.00,3.00,1.00,11.00,1.00,2.00,4.00,2.00,0.00,0.00,11.00,15.00,17.00,36.00,12.00,27.00,15.00,38.00,6.00,40.00,31.00,18.00,14.00,24.00,3.00,9.00,34.00,9.00,2.00,7.00,3.00,0.00,5.00,8.00,6.00,3.00,2.00,2.00,2.00,1.00,2.00,0.00,1.00,0.00,0.00,0.00,1.00,1.00,0.00,0.00,1.00,1.00,0.00,1.00,0.00,0.00,1.00,0.00,0.00,2.00,2.00,1.00,3.00,1.00,2.00,7.00,5.00,1.00,0.00,11.00,4.00,6.00,6.00,15.00,104.00,53.00,2.00,1.00,34.00,29.00,76.00,18.00,44.00,28.00,18.00,39.00,33.00,51.00,8.00,6.00,5.00,29.00,27.00,18.00,12.00,3.00,17.00,3.00,2.00,6.00,5.00,0.00,22.00,1.00
1086,37.00,1.00,2.00,6.00,24.00,6.00,20.00,15.00,5.00,11.00,4.00,16.00,3.00,32.00,22.00,3.00,3.00,7.00,8.00,22.00,3.00,12.00,7.00,4.00,5.00,4.00,11.00,29.00,8.00,18.00,16.00,19.00,19.00,12.00,19.00,12.00,28.00,10.00,55.00,13.00,19.00,39.00,26.00,5.00,2.00,5.00,1.00,3.00,7.00,4.00,4.00,5.00,2.00,4.00,10.00,0.00,2.00,0.00,0.00,1.00,1.00,0.00,2.00,0.00,0.00,4.00,4.00,6.00,1.00,1.00,2.00,0.00,0.00,1.00,1.00,3.00,1.00,2.00,6.00,2.00,5.00,5.00,2.00,4.00,2.00,9.00,5.00,12.00,4.00,5.00,90.00,40.00,38.00,30.00,1.00,8.00,374.00,23.00,2.00,66.00,5.00,63.00,9.00,29.00,2.00,27.00,37.00,32.00,69.00,13.00,24.00,1.00,31.00,6.00,3.00,7.00,5.00,0.00,141.00,17.00
1087,35.00,2.00,2.00,7.00,11.00,6.00,17.00,11.00,4.00,8.00,4.00,10.00,3.00,16.00,12.00,2.00,0.00,6.00,8.00,15.00,0.00,7.00,6.00,3.00,2.00,1.00,16.00,26.00,11.00,24.00,12.00,29.00,14.00,22.00,15.00,19.00,10.00,18.00,60.00,10.00,15.00,37.00,33.00,4.00,3.00,2.00,1.00,2.00,8.00,7.00,9.00,8.00,4.00,7.00,4.00,0.00,1.00,0.00,3.00,1.00,1.00,0.00,0.00,0.00,2.00,1.00,2.00,2.00,1.00,0.00,2.00,0.00,0.00,1.00,2.00,1.00,2.00,0.00,8.00,3.00,2.00,3.00,4.00,4.00,5.00,6.00,8.00,14.00,3.00,8.00,63.00,22.00,21.00,21.00,17.00,16.00,127.00,13.00,26.00,38.00,10.00,53.00,34.00,78.00,14.00,17.00,15.00,30.00,46.00,14.00,36.00,2.00,20.00,2.00,3.00,6.00,5.00,1.00,87.00,19.00
1088,61.00,7.00,9.00,12.00,30.00,23.00,44.00,26.00,7.00,13.00,7.00,7.00,4.00,22.00,10.00,4.00,4.00,6.00,8.00,18.00,1.00,13.00,7.00,7.00,2.00,3.00,25.00,51.00,24.00,32.00,19.00,48.00,41.00,56.00,19.00,37.00,17.00,22.00,37.00,29.00,26.00,63.00,75.00,15.00,6.00,4.00,3.00,1.00,10.00,12.00,7.00,4.00,5.00,7.00,4.00,1.00,2.00,0.00,2.00,0.00,0.00,2.00,1.00,2.00,1.00,5.00,2.00,4.00,3.00,1.00,3.00,0.00,0.00,3.00,1.00,3.00,6.00,6.00,13.00,5.00,3.00,8.00,7.00,4.00,2.00,19.00,12.00,21.00,6.00,18.00,63.00,21.00,7.00,18.00,80.00,84.00,9.00,15.00,125.00,7.00,20.00,20.00,91.00,139.00,41.00,17.00,22.00,68.00,68.00,48.00,70.00,10.00,42.00,18.00,7.00,6.00,8.00,2.00,9.00,3.00
1089,26.00,2.00,2.00,5.00,12.00,11.00,10.00,10.00,2.00,6.00,0.00,2.00,3.00,12.00,8.00,2.00,0.00,4.00,5.00,12.00,0.00,9.00,3.00,4.00,3.00,3.00,24.00,16.00,9.00,23.00,7.00,23.00,8.00,19.00,6.00,15.00,7.00,8.00,25.00,7.00,11.00,36.00,35.00,4.00,1.00,4.00,1.00,0.00,4.00,4.00,7.00,5.00,1.00,2.00,12.00,0.00,0.00,0.00,3.00,0.00,0.00,0.00,0.00,0.00,0.00,2.00,1.00,4.00,0.00,0.00,0.00,0.00,0.00,0.00,1.00,1.00,2.00,0.00,6.00,2.00,1.00,2.00,5.00,2.00,1.00,5.00,7.00,14.00,2.00,4.00,38.00,4.00,5.00,10.00,25.00,21.00,22.00,7.00,31.00,10.00,3.00,7.00,30.00,88.00,10.00,8.00,11.00,24.00,28.00,11.00,31.00,0.00,18.00,1.00,1.00,5.00,2.00,1.00,10.00,3.00
1090,41.00,2.00,3.00,6.00,20.00,10.00,19.00,11.00,7.00,7.00,3.00,12.00,4.00,30.00,16.00,4.00,4.00,10.00,8.00,20.00,0.00,7.00,7.00,7.00,0.00,4.00,19.00,28.00,7.00,21.00,13.00,24.00,19.00,15.00,11.00,21.00,27.00,19.00,38.00,13.00,30.00,40.00,46.00,6.00,1.00,5.00,2.00,1.00,15.00,5.00,4.00,6.00,2.00,5.00,19.00,1.00,1.00,1.00,3.00,0.00,1.00,1.00,0.00,0.00,0.00,1.00,6.00,2.00,0.00,0.00,1.00,0.00,0.00,0.00,1.00,2.00,2.00,2.00,8.00,5.00,0.00,6.00,6.00,3.00,4.00,9.00,4.00,9.00,2.00,8.00,93.00,39.00,34.00,31.00,10.00,14.00,208.00,14.00,8.00,36.00,5.00,25.00,14.00,43.00,4.00,12.00,47.00,36.00,45.00,20.00,25.00,3.00,24.00,11.00,7.00,4.00,8.00,2.00,95.00,23.00
1091,51.00,4.00,2.00,5.00,19.00,13.00,30.00,19.00,3.00,5.00,2.00,5.00,3.00,16.00,9.00,2.00,2.00,4.00,8.00,13.00,0.00,6.00,1.00,3.00,4.00,4.00,11.00,27.00,13.00,14.00,4.00,23.00,11.00,29.00,9.00,28.00,19.00,10.00,26.00,14.00,15.00,43.00,54.00,4.00,0.00,3.00,1.00,1.00,9.00,4.00,5.00,3.00,2.00,5.00,12.00,0.00,3.00,2.00,4.00,0.00,1.00,0.00,0.00,0.00,0.00,1.00,1.00,1.00,0.00,1.00,2.00,0.00,0.00,1.00,1.00,1.00,4.00,1.00,15.00,3.00,2.00,3.00,1.00,1.00,0.00,9.00,5.00,9.00,5.00,12.00,72.00,12.00,4.00,8.00,40.00,52.00,6.00,6.00,60.00,2.00,10.00,5.00,33.00,135.00,17.00,8.00,17.00,34.00,40.00,22.00,47.00,3.00,27.00,8.00,3.00,4.00,9.00,2.00,3.00,2.00
1092,32.00,4.00,2.00,3.00,18.00,6.00,12.00,9.00,7.00,4.00,2.00,2.00,1.00,9.00,7.00,1.00,1.00,2.00,9.00,16.00,0.00,8.00,0.00,6.00,6.00,4.00,13.00,18.00,3.00,5.00,7.00,15.00,6.00,8.00,9.00,16.00,13.00,4.00,29.00,4.00,10.00,24.00,20.00,4.00,2.00,2.00,1.00,0.00,8.00,4.00,4.00,5.00,1.00,6.00,9.00,1.00,1.00,0.00,1.00,3.00,1.00,0.00,0.00,0.00,0.00,0.00,0.00,2.00,0.00,0.00,4.00,0.00,1.00,0.00,0.00,0.00,2.00,2.00,5.00,2.00,1.00,2.00,2.00,1.00,3.00,6.00,5.00,3.00,2.00,5.00,57.00,18.00,15.00,18.00,8.00,4.00,63.00,4.00,10.00,3.00,2.00,6.00,17.00,32.00,7.00,8.00,21.00,24.00,40.00,21.00,25.00,3.00,24.00,9.00,0.00,3.00,7.00,0.00,41.00,10.00
1093,67.00,5.00,4.00,9.00,22.00,9.00,37.00,23.00,5.00,4.00,5.00,9.00,3.00,11.00,11.00,3.00,3.00,4.00,7.00,23.00,4.00,16.00,6.00,3.00,4.00,2.00,13.00,31.00,8.00,22.00,3.00,24.00,20.00,25.00,13.00,49.00,36.00,17.00,47.00,26.00,17.00,37.00,54.00,11.00,4.00,8.00,1.00,1.00,14.00,11.00,14.00,8.00,2.00,5.00,6.00,1.00,2.00,1.00,0.00,1.00,0.00,0.00,1.00,0.00,0.00,1.00,1.00,3.00,3.00,0.00,1.00,1.00,0.00,1.00,1.00,1.00,5.00,0.00,6.00,5.00,1.00,3.00,2.00,6.00,2.00,6.00,5.00,9.00,5.00,11.00,120.00,50.00,20.00,17.00,42.00,34.00,38.00,9.00,30.00,5.00,8.00,6.00,42.00,78.00,20.00,15.00,29.00,62.00,48.00,41.00,68.00,5.00,53.00,25.00,9.00,7.00,7.00,2.00,15.00,6.00
1094,66.00,2.00,4.00,9.00,25.00,4.00,21.00,15.00,10.00,21.00,9.00,14.00,9.00,40.00,25.00,5.00,4.00,9.00,7.00,25.00,1.00,12.00,5.00,5.00,4.00,4.00,31.00,51.00,15.00,34.00,14.00,31.00,26.00,29.00,21.00,28.00,14.00,16.00,67.00,11.00,16.00,62.00,57.00,9.00,2.00,4.00,4.00,0.00,7.00,9.00,8.00,5.00,2.00,1.00,4.00,0.00,1.00,1.00,3.00,1.00,1.00,0.00,0.00,1.00,0.00,2.00,4.00,3.00,1.00,0.00,2.00,0.00,0.00,4.00,0.00,0.00,2.00,2.00,10.00,9.00,3.00,10.00,4.00,5.00,3.00,15.00,12.00,12.00,3.00,16.00,134.00,55.00,51.00,42.00,15.00,26.00,561.00,32.00,13.00,105.00,21.00,114.00,22.00,81.00,15.00,41.00,28.00,36.00,84.00,17.00,49.00,4.00,34.00,10.00,2.00,8.00,7.00,0.00,224.00,34.00
1095,74.00,8.00,8.00,20.00,38.00,9.00,27.00,10.00,15.00,25.00,11.00,32.00,17.00,112.00,35.00,13.00,16.00,22.00,35.00,91.00,2.00,30.00,13.00,8.00,8.00,4.00,11.00,54.00,9.00,20.00,14.00,35.00,16.00,18.00,13.00,37.00,24.00,11.00,38.00,10.00,13.00,44.00,48.00,5.00,1.00,6.00,1.00,1.00,7.00,5.00,6.00,6.00,0.00,6.00,6.00,1.00,1.00,2.00,4.00,0.00,2.00,0.00,2.00,1.00,1.00,2.00,4.00,12.00,4.00,2.00,4.00,0.00,0.00,4.00,2.00,1.00,5.00,3.00,7.00,4.00,1.00,6.00,4.00,6.00,4.00,5.00,10.00,7.00,5.00,6.00,107.00,67.00,42.00,24.00,38.00,49.00,390.00,33.00,59.00,87.00,32.00,99.00,72.00,120.00,18.00,63.00,41.00,66.00,94.00,29.00,56.00,5.00,59.00,11.00,5.00,7.00,12.00,2.00,205.00,24.00
1096,33.00,3.00,1.00,4.00,10.00,4.00,9.00,6.00,4.00,4.00,5.00,5.00,3.00,15.00,10.00,2.00,2.00,10.00,12.00,37.00,0.00,15.00,9.00,4.00,4.00,5.00,5.00,13.00,1.00,9.00,6.00,13.00,5.00,8.00,9.00,22.00,11.00,5.00,17.00,2.00,10.00,20.00,18.00,1.00,1.00,4.00,2.00,1.00,6.00,2.00,4.00,2.00,0.00,2.00,4.00,0.00,1.00,0.00,5.00,1.00,1.00,0.00,1.00,0.00,0.00,1.00,1.00,5.00,0.00,1.00,1.00,0.00,0.00,0.00,0.00,1.00,1.00,3.00,6.00,0.00,0.00,5.00,1.00,3.00,3.00,4.00,3.00,2.00,2.00,0.00,62.00,26.00,20.00,20.00,7.00,13.00,228.00,18.00,4.00,49.00,5.00,63.00,12.00,19.00,0.00,20.00,57.00,28.00,63.00,9.00,14.00,3.00,34.00,10.00,2.00,3.00,11.00,0.00,111.00,15.00
1097,60.00,4.00,3.00,8.00,25.00,5.00,8.00,2.00,13.00,19.00,12.00,27.00,13.00,113.00,19.00,11.00,18.00,49.00,37.00,67.00,7.00,22.00,19.00,11.00,12.00,7.00,2.00,27.00,0.00,4.00,1.00,14.00,4.00,7.00,3.00,19.00,8.00,0.00,10.00,0.00,1.00,14.00,13.00,1.00,0.00,1.00,0.00,1.00,2.00,1.00,0.00,1.00,0.00,0.00,1.00,1.00,0.00,1.00,4.00,1.00,0.00,0.00,0.00,2.00,0.00,2.00,2.00,3.00,0.00,0.00,4.00,0.00,0.00,1.00,2.00,3.00,2.00,2.00,2.00,1.00,1.00,1.00,1.00,5.00,1.00,3.00,8.00,1.00,1.00,2.00,32.00,22.00,12.00,9.00,40.00,20.00,120.00,12.00,40.00,45.00,12.00,41.00,25.00,97.00,15.00,22.00,21.00,19.00,86.00,6.00,38.00,4.00,36.00,3.00,6.00,5.00,19.00,0.00,58.00,9.00
1098,28.00,2.00,2.00,4.00,17.00,3.00,14.00,1.00,3.00,5.00,3.00,9.00,3.00,22.00,10.00,4.00,3.00,14.00,28.00,41.00,3.00,16.00,9.00,5.00,6.00,2.00,5.00,11.00,1.00,6.00,2.00,13.00,5.00,6.00,6.00,12.00,10.00,9.00,17.00,1.00,2.00,22.00,12.00,2.00,0.00,1.00,0.00,0.00,2.00,3.00,0.00,0.00,1.00,1.00,1.00,0.00,0.00,0.00,1.00,0.00,0.00,0.00,0.00,0.00,0.00,0.00,0.00,1.00,0.00,0.00,0.00,0.00,0.00,1.00,0.00,0.00,2.00,0.00,6.00,1.00,0.00,0.00,1.00,0.00,0.00,2.00,5.00,1.00,1.00,2.00,29.00,12.00,7.00,6.00,32.00,16.00,138.00,11.00,46.00,46.00,18.00,56.00,15.00,92.00,29.00,20.00,0.00,27.00,6.00,1.00,28.00,1.00,29.00,9.00,5.00,6.00,18.00,0.00,70.00,13.00
1099,99.00,5.00,4.00,6.00,20.00,6.00,174.00,60.00,12.00,8.00,1.00,6.00,5.00,19.00,9.00,3.00,1.00,9.00,12.00,45.00,4.00,12.00,7.00,3.00,5.00,2.00,10.00,19.00,11.00,9.00,5.00,13.00,9.00,25.00,10.00,46.00,16.00,14.00,47.00,24.00,23.00,59.00,69.00,11.00,3.00,3.00,3.00,5.00,7.00,10.00,8.00,7.00,3.00,9.00,16.00,3.00,5.00,1.00,1.00,1.00,1.00,1.00,2.00,0.00,0.00,1.00,0.00,2.00,1.00,0.00,2.00,1.00,0.00,0.00,0.00,1.00,2.00,0.00,7.00,3.00,4.00,3.00,1.00,2.00,1.00,10.00,2.00,8.00,4.00,6.00,90.00,46.00,34.00,31.00,42.00,35.00,453.00,33.00,73.00,102.00,42.00,124.00,42.00,116.00,26.00,17.00,41.00,41.00,80.00,30.00,49.00,38.00,61.00,35.00,30.00,15.00,26.00,3.00,235.00,30.00
1100,100.00,6.00,3.00,12.00,38.00,14.00,18.00,8.00,19.00,9.00,4.00,14.00,3.00,39.00,24.00,6.00,7.00,49.00,48.00,138.00,5.00,64.00,28.00,15.00,18.00,13.00,9.00,24.00,7.00,4.00,5.00,10.00,11.00,8.00,5.00,32.00,10.00,5.00,34.00,11.00,9.00,52.00,33.00,5.00,0.00,4.00,3.00,2.00,4.00,6.00,3.00,3.00,4.00,2.00,5.00,1.00,0.00,1.00,1.00,0.00,0.00,0.00,0.00,2.00,0.00,0.00,0.00,3.00,1.00,1.00,1.00,0.00,2.00,1.00,1.00,3.00,1.00,2.00,5.00,1.00,2.00,3.00,3.00,5.00,2.00,7.00,4.00,8.00,3.00,7.00,71.00,35.00,25.00,18.00,75.00,45.00,321.00,31.00,85.00,98.00,40.00,103.00,43.00,172.00,41.00,68.00,4.00,52.00,31.00,14.00,61.00,3.00,75.00,15.00,8.00,17.00,34.00,0.00,148.00,20.00
1101,55.00,2.00,2.00,7.00,17.00,4.00,198.00,79.00,4.00,4.00,2.00,1.00,2.00,7.00,1.00,2.00,1.00,2.00,4.00,10.00,1.00,5.00,3.00,2.00,4.00,2.00,4.00,11.00,6.00,7.00,6.00,10.00,5.00,19.00,10.00,22.00,10.00,8.00,32.00,26.00,12.00,48.00,78.00,30.00,4.00,8.00,3.00,2.00,20.00,12.00,22.00,19.00,11.00,25.00,22.00,12.00,5.00,0.00,1.00,0.00,0.00,0.00,0.00,0.00,0.00,0.00,0.00,3.00,2.00,0.00,0.00,0.00,0.00,1.00,1.00,0.00,1.00,0.00,1.00,2.00,1.00,0.00,3.00,2.00,2.00,10.00,1.00,7.00,4.00,11.00,56.00,27.00,32.00,23.00,30.00,30.00,303.00,14.00,43.00,82.00,17.00,90.00,27.00,69.00,13.00,4.00,21.00,36.00,39.00,33.00,33.00,29.00,27.00,21.00,11.00,5.00,7.00,7.00,185.00,26.00
1102,117.00,5.00,2.00,7.00,24.00,10.00,51.00,12.00,17.00,3.00,6.00,8.00,2.00,20.00,7.00,3.00,2.00,11.00,18.00,86.00,1.00,23.00,13.00,6.00,13.00,6.00,6.00,21.00,6.00,12.00,8.00,17.00,11.00,16.00,12.00,36.00,18.00,11.00,33.00,9.00,23.00,57.00,47.00,10.00,2.00,2.00,1.00,2.00,7.00,5.00,10.00,4.00,2.00,1.00,7.00,2.00,1.00,0.00,2.00,0.00,1.00,0.00,0.00,2.00,0.00,0.00,1.00,3.00,0.00,0.00,1.00,0.00,1.00,2.00,0.00,2.00,1.00,1.00,3.00,4.00,2.00,3.00,2.00,1.00,2.00,6.00,3.00,5.00,1.00,13.00,84.00,41.00,36.00,23.00,42.00,41.00,425.00,30.00,64.00,99.00,41.00,180.00,42.00,147.00,26.00,33.00,37.00,44.00,88.00,24.00,50.00,5.00,56.00,22.00,38.00,28.00,48.00,0.00,175.00,29.00
1103,72.00,1.00,1.00,3.00,10.00,4.00,213.00,244.00,3.00,1.00,1.00,1.00,0.00,1.00,1.00,2.00,0.00,3.00,0.00,1.00,0.00,0.00,0.00,1.00,0.00,1.00,2.00,6.00,1.00,2.00,0.00,1.00,1.00,5.00,3.00,4.00,2.00,4.00,10.00,14.00,3.00,23.00,22.00,18.00,1.00,2.00,3.00,6.00,15.00,28.00,38.00,44.00,31.00,36.00,49.00,9.00,12.00,0.00,1.00,1.00,0.00,0.00,0.00,0.00,0.00,0.00,0.00,1.00,0.00,0.00,1.00,0.00,0.00,0.00,1.00,0.00,0.00,1.00,1.00,2.00,1.00,0.00,0.00,0.00,0.00,1.00,1.00,1.00,1.00,3.00,7.00,6.00,7.00,6.00,6.00,4.00,72.00,2.00,10.00,21.00,2.00,15.00,4.00,14.00,3.00,2.00,0.00,46.00,9.00,31.00,13.00,12.00,8.00,20.00,17.00,7.00,13.00,12.00,29.00,5.00
1104,215.00,4.00,2.00,7.00,35.00,6.00,56.00,14.00,12.00,2.00,3.00,6.00,0.00,20.00,10.00,3.00,7.00,22.00,35.00,85.00,2.00,62.00,35.00,10.00,11.00,8.00,4.00,14.00,5.00,5.00,5.00,8.00,8.00,9.00,4.00,17.00,11.00,6.00,18.00,3.00,6.00,42.00,30.00,2.00,0.00,4.00,1.00,0.00,4.00,5.00,2.00,3.00,2.00,1.00,6.00,2.00,1.00,0.00,0.00,1.00,0.00,0.00,0.00,0.00,0.00,1.00,1.00,3.00,1.00,0.00,3.00,0.00,1.00,1.00,1.00,3.00,1.00,1.00,4.00,2.00,1.00,3.00,4.00,0.00,0.00,4.00,2.00,3.00,3.00,3.00,57.00,28.00,14.00,21.00,38.00,22.00,278.00,24.00,58.00,79.00,45.00,123.00,28.00,122.00,35.00,34.00,33.00,71.00,97.00,24.00,108.00,8.00,82.00,29.00,60.00,54.00,174.00,1.00,144.00,18.00
1105,198.00,4.00,2.00,5.00,9.00,6.00,225.00,38.00,5.00,5.00,1.00,3.00,1.00,3.00,2.00,2.00,1.00,3.00,2.00,24.00,0.00,9.00,14.00,1.00,1.00,1.00,5.00,4.00,0.00,7.00,0.00,8.00,6.00,1.00,1.00,7.00,4.00,7.00,13.00,7.00,5.00,27.00,22.00,4.00,1.00,5.00,1.00,2.00,4.00,6.00,3.00,5.00,2.00,3.00,4.00,3.00,2.00,0.00,0.00,0.00,0.00,0.00,0.00,0.00,0.00,0.00,1.00,1.00,1.00,1.00,1.00,0.00,0.00,0.00,0.00,2.00,0.00,0.00,2.00,1.00,1.00,1.00,1.00,1.00,1.00,3.00,1.00,2.00,1.00,3.00,39.00,23.00,16.00,9.00,14.00,13.00,129.00,7.00,22.00,49.00,13.00,64.00,11.00,43.00,13.00,6.00,6.00,44.00,24.00,25.00,40.00,16.00,38.00,43.00,56.00,50.00,101.00,3.00,90.00,10.00
1106,451.00,7.00,5.00,11.00,18.00,8.00,181.00,27.00,5.00,0.00,3.00,0.00,0.00,0.00,1.00,1.00,1.00,4.00,4.00,28.00,0.00,10.00,15.00,8.00,5.00,5.00,2.00,6.00,0.00,0.00,2.00,1.00,1.00,4.00,1.00,7.00,1.00,0.00,3.00,1.00,0.00,6.00,4.00,1.00,1.00,0.00,0.00,0.00,3.00,3.00,1.00,2.00,3.00,3.00,4.00,0.00,1.00,0.00,0.00,1.00,0.00,0.00,0.00,1.00,0.00,1.00,0.00,2.00,0.00,0.00,1.00,0.00,0.00,1.00,1.00,0.00,0.00,1.00,1.00,0.00,0.00,2.00,1.00,1.00,0.00,1.00,0.00,2.00,0.00,2.00,12.00,9.00,4.00,2.00,8.00,7.00,52.00,6.00,12.00,19.00,3.00,25.00,6.00,18.00,2.00,7.00,2.00,32.00,11.00,10.00,39.00,7.00,73.00,38.00,12.00,49.00,284.00,0.00,31.00,3.00
1107,556.00,6.00,3.00,4.00,31.00,7.00,87.00,15.00,12.00,2.00,2.00,2.00,2.00,10.00,2.00,2.00,1.00,3.00,18.00,42.00,3.00,31.00,37.00,17.00,15.00,8.00,1.00,3.00,2.00,2.00,1.00,2.00,0.00,4.00,0.00,3.00,4.00,0.00,5.00,0.00,1.00,7.00,7.00,0.00,1.00,2.00,0.00,1.00,1.00,2.00,3.00,2.00,1.00,1.00,2.00,0.00,1.00,0.00,2.00,0.00,0.00,0.00,0.00,1.00,0.00,0.00,2.00,1.00,0.00,0.00,1.00,0.00,0.00,0.00,0.00,2.00,0.00,0.00,2.00,0.00,0.00,1.00,0.00,0.00,0.00,2.00,0.00,1.00,2.00,2.00,15.00,6.00,3.00,5.00,9.00,8.00,53.00,5.00,17.00,21.00,9.00,28.00,3.00,20.00,3.00,6.00,11.00,12.00,36.00,9.00,29.00,10.00,78.00,42.00,40.00,76.00,156.00,1.00,29.00,6.00
1108,934.00,6.00,6.00,8.00,30.00,7.00,69.00,13.00,22.00,2.00,0.00,1.00,2.00,8.00,5.00,8.00,2.00,4.00,20.00,36.00,2.00,41.00,77.00,22.00,21.00,20.00,0.00,3.00,0.00,2.00,1.00,1.00,2.00,2.00,1.00,6.00,2.00,0.00,6.00,1.00,2.00,5.00,6.00,4.00,2.00,1.00,2.00,0.00,0.00,0.00,3.00,2.00,2.00,0.00,2.00,0.00,0.00,1.00,1.00,0.00,0.00,1.00,0.00,0.00,0.00,0.00,0.00,2.00,0.00,1.00,1.00,0.00,0.00,0.00,2.00,2.00,0.00,2.00,2.00,1.00,0.00,0.00,0.00,0.00,1.00,1.00,1.00,1.00,0.00,3.00,9.00,4.00,2.00,2.00,7.00,9.00,38.00,3.00,15.00,20.00,6.00,21.00,6.00,14.00,5.00,9.00,6.00,13.00,21.00,5.00,32.00,6.00,93.00,39.00,146.00,111.00,9.00,1.00,23.00,4.00
1109,67.00,3.00,1.00,4.00,7.00,3.00,213.00,117.00,2.00,0.00,0.00,1.00,1.00,0.00,0.00,0.00,0.00,2.00,0.00,0.00,0.00,1.00,0.00,0.00,2.00,1.00,1.00,2.00,2.00,0.00,0.00,1.00,1.00,3.00,0.00,3.00,0.00,0.00,1.00,10.00,1.00,3.00,7.00,7.00,4.00,5.00,4.00,7.00,38.00,56.00,68.00,48.00,31.00,31.00,71.00,9.00,15.00,0.00,0.00,0.00,0.00,0.00,0.00,0.00,0.00,0.00,1.00,2.00,1.00,0.00,0.00,0.00,0.00,0.00,0.00,1.00,1.00,1.00,1.00,0.00,1.00,1.00,0.00,0.00,0.00,0.00,0.00,1.00,5.00,7.00,2.00,5.00,3.00,3.00,3.00,2.00,32.00,1.00,6.00,4.00,0.00,4.00,2.00,6.00,0.00,1.00,0.00,7.00,6.00,25.00,1.00,37.00,4.00,5.00,5.00,4.00,1.00,10.00,18.00,3.00
1110,52.00,5.00,7.00,7.00,24.00,11.00,21.00,25.00,4.00,7.00,3.00,4.00,2.00,9.00,5.00,1.00,2.00,1.00,5.00,15.00,1.00,6.00,2.00,1.00,3.00,2.00,13.00,28.00,20.00,17.00,17.00,19.00,17.00,40.00,17.00,30.00,25.00,17.00,16.00,24.00,12.00,55.00,55.00,14.00,1.00,7.00,4.00,2.00,14.00,7.00,6.00,8.00,2.00,4.00,4.00,1.00,1.00,0.00,4.00,0.00,2.00,0.00,0.00,1.00,0.00,1.00,2.00,1.00,1.00,0.00,0.00,0.00,0.00,0.00,0.00,2.00,5.00,1.00,9.00,6.00,3.00,4.00,3.00,4.00,1.00,10.00,10.00,7.00,3.00,14.00,60.00,20.00,3.00,6.00,34.00,55.00,6.00,9.00,85.00,8.00,22.00,10.00,43.00,72.00,19.00,9.00,10.00,53.00,39.00,32.00,48.00,5.00,29.00,9.00,6.00,6.00,9.00,1.00,2.00,1.00
1111,28.00,1.00,2.00,4.00,7.00,6.00,9.00,11.00,5.00,4.00,0.00,1.00,2.00,8.00,1.00,1.00,0.00,3.00,4.00,6.00,0.00,4.00,1.00,2.00,2.00,2.00,14.00,8.00,12.00,10.00,6.00,7.00,11.00,19.00,5.00,14.00,14.00,7.00,8.00,7.00,4.00,21.00,32.00,6.00,1.00,2.00,0.00,1.00,3.00,7.00,1.00,5.00,2.00,2.00,6.00,0.00,1.00,1.00,0.00,0.00,0.00,1.00,0.00,0.00,0.00,1.00,0.00,0.00,0.00,0.00,0.00,0.00,0.00,1.00,0.00,0.00,2.00,1.00,4.00,4.00,1.00,1.00,1.00,1.00,3.00,9.00,6.00,9.00,2.00,2.00,47.00,12.00,0.00,0.00,23.00,30.00,4.00,6.00,42.00,9.00,8.00,14.00,22.00,57.00,8.00,5.00,3.00,19.00,15.00,9.00,24.00,3.00,13.00,2.00,1.00,3.00,5.00,0.00,3.00,0.00
