1,375.00,3.00,14.00,77.00,92.00,2.00,369.00,166.00,175.00,25.00,55.00,30.00,30.00,59.00,37.00,64.00,51.00,111.00,214.00,170.00,281.00,173.00,523.00,531.00,912.00,601.00,20.00,51.00,23.00,30.00,15.00,45.00,27.00,39.00,26.00,25.00,29.00,22.00,39.00,37.00,23.00,50.00,41.00,29.00,38.00,25.00,33.00,38.00,57.00,53.00,39.00,25.00,29.00,42.00,41.00,24.00,35.00,7.00,21.00,18.00,24.00,18.00,19.00,17.00,20.00,20.00,29.00,55.00,21.00,20.00,59.00,26.00,49.00,61.00,54.00,229.00,14.00,11.00,14.00,23.00,18.00,22.00,16.00,16.00,19.00,42.00,16.00,27.00,19.00,32.00,66.00,50.00,45.00,39.00,49.00,40.00,107.00,37.00,56.00,59.00,43.00,83.00,72.00,82.00,42.00,60.00,36.00,95.00,104.00,59.00,130.00,84.00,249.00,209.00,474.00,556.00,1107.00,70.00,75.00,30.00
2,3.00,0.00,0.00,1.00,4.00,0.00,16.00,8.00,0.00,5.00,4.00,4.00,3.00,5.00,4.00,5.00,2.00,3.00,7.00,9.00,6.00,7.00,6.00,6.00,6.00,6.00,2.00,3.00,1.00,2.00,2.00,2.00,3.00,3.00,3.00,2.00,0.00,1.00,3.00,3.00,2.00,2.00,4.00,2.00,3.00,3.00,1.00,4.00,4.00,4.00,3.00,2.00,2.00,2.00,0.00,2.00,1.00,2.00,4.00,3.00,2.00,2.00,3.00,2.00,3.00,3.00,4.00,10.00,5.00,4.00,5.00,4.00,7.00,3.00,6.00,6.00,1.00,3.00,1.00,4.00,1.00,1.00,2.00,3.00,4.00,4.00,3.00,2.00,1.00,4.00,8.00,3.00,2.00,2.00,3.00,4.00,10.00,3.00,3.00,5.00,2.00,6.00,2.00,8.00,4.00,4.00,1.00,5.00,7.00,1.00,4.00,1.00,5.00,3.00,4.00,4.00,8.00,1.00,6.00,1.00
3,8.00,0.00,0.00,0.00,5.00,1.00,13.00,10.00,5.00,4.00,5.00,3.00,5.00,6.00,7.00,5.00,5.00,5.00,7.00,2.00,3.00,2.00,4.00,5.00,7.00,4.00,3.00,4.00,2.00,1.00,2.00,4.00,2.00,3.00,3.00,2.00,5.00,1.00,2.00,2.00,2.00,3.00,3.00,1.00,1.00,2.00,3.00,1.00,4.00,6.00,3.00,2.00,3.00,3.00,3.00,1.00,0.00,4.00,6.00,5.00,5.00,6.00,2.00,3.00,6.00,5.00,2.00,25.00,5.00,3.00,9.00,3.00,4.00,6.00,7.00,6.00,2.00,1.00,4.00,6.00,3.00,4.00,2.00,2.00,5.00,4.00,2.00,2.00,1.00,4.00,8.00,4.00,1.00,2.00,3.00,3.00,8.00,4.00,2.00,3.00,2.00,4.00,5.00,9.00,2.00,4.00,2.00,4.00,3.00,2.00,3.00,2.00,3.00,0.00,1.00,3.00,7.00,5.00,7.00,2.00
4,63.00,1.00,1.00,41.00,198.00,4.00,26.00,15.00,11.00,12.00,25.00,10.00,13.00,17.00,9.00,21.00,10.00,7.00,14.00,11.00,11.00,10.00,11.00,12.00,7.00,9.00,4.00,10.00,4.00,3.00,1.00,5.00,2.00,4.00,3.00,5.00,3.00,2.00,5.00,5.00,3.00,5.00,4.00,5.00,4.00,3.00,6.00,3.00,6.00,7.00,5.00,3.00,2.00,5.00,3.00,3.00,1.00,81.00,67.00,75.00,44.00,51.00,51.00,71.00,168.00,83.00,96.00,242.00,39.00,168.00,83.00,84.00,143.00,38.00,31.00,18.00,9.00,14.00,12.00,15.00,10.00,11.00,7.00,7.00,17.00,11.00,10.00,6.00,2.00,6.00,8.00,5.00,4.00,2.00,8.00,4.00,12.00,4.00,8.00,7.00,5.00,7.00,8.00,16.00,3.00,7.00,5.00,7.00,8.00,3.00,9.00,1.00,5.00,3.00,11.00,9.00,9.00,2.00,7.00,4.00
5,72.00,3.00,5.00,184.00,1331.00,5.00,56.00,40.00,51.00,17.00,48.00,15.00,21.00,35.00,22.00,63.00,36.00,38.00,70.00,55.00,120.00,37.00,66.00,84.00,130.00,102.00,9.00,25.00,6.00,10.00,6.00,25.00,7.00,12.00,9.00,14.00,11.00,9.00,12.00,13.00,6.00,16.00,15.00,9.00,12.00,5.00,13.00,6.00,10.00,7.00,5.00,6.00,3.00,9.00,9.00,5.00,6.00,53.00,35.00,99.00,63.00,114.00,110.00,157.00,269.00,160.00,215.00,383.00,102.00,702.00,292.00,453.00,1226.00,554.00,447.00,273.00,8.00,11.00,8.00,20.00,8.00,14.00,5.00,10.00,23.00,12.00,20.00,12.00,10.00,7.00,25.00,17.00,10.00,11.00,31.00,20.00,35.00,13.00,26.00,18.00,19.00,19.00,33.00,44.00,12.00,23.00,19.00,20.00,44.00,17.00,30.00,7.00,39.00,12.00,20.00,39.00,30.00,4.00,27.00,8.00
6,5.00,0.00,5.00,8.00,8.00,0.00,13.00,10.00,3.00,4.00,7.00,2.00,2.00,6.00,3.00,6.00,7.00,6.00,13.00,13.00,15.00,8.00,12.00,15.00,19.00,13.00,5.00,5.00,2.00,3.00,2.00,4.00,2.00,4.00,3.00,3.00,4.00,2.00,5.00,3.00,4.00,3.00,5.00,4.00,4.00,4.00,4.00,2.00,8.00,3.00,2.00,1.00,5.00,4.00,5.00,1.00,2.00,1.00,7.00,3.00,4.00,1.00,2.00,3.00,1.00,2.00,8.00,7.00,4.00,4.00,9.00,3.00,8.00,8.00,9.00,13.00,5.00,3.00,5.00,6.00,4.00,2.00,3.00,3.00,4.00,6.00,2.00,5.00,4.00,6.00,8.00,6.00,5.00,4.00,8.00,9.00,18.00,7.00,11.00,11.00,8.00,7.00,6.00,10.00,4.00,5.00,2.00,7.00,10.00,6.00,9.00,1.00,11.00,6.00,5.00,8.00,12.00,1.00,12.00,5.00
7,252.00,4.00,6.00,18.00,26.00,8.00,485.00,175.00,8.00,2.00,3.00,5.00,3.00,7.00,5.00,1.00,2.00,1.00,7.00,12.00,2.00,6.00,8.00,3.00,7.00,2.00,4.00,12.00,6.00,7.00,8.00,18.00,10.00,22.00,10.00,10.00,15.00,6.00,14.00,28.00,14.00,24.00,31.00,24.00,24.00,16.00,34.00,41.00,68.00,89.00,82.00,73.00,78.00,132.00,144.00,76.00,101.00,0.00,1.00,0.00,2.00,0.00,0.00,1.00,1.00,0.00,1.00,2.00,0.00,0.00,2.00,0.00,1.00,0.00,1.00,4.00,1.00,0.00,3.00,2.00,1.00,2.00,7.00,1.00,0.00,3.00,3.00,6.00,6.00,12.00,29.00,14.00,16.00,14.00,23.00,22.00,108.00,12.00,31.00,42.00,16.00,47.00,18.00,37.00,10.00,8.00,15.00,171.00,18.00,203.00,44.00,207.00,49.00,235.00,189.00,91.00,75.00,211.00,56.00,9.00
8,106.00,4.00,5.00,12.00,25.00,4.00,167.00,16.00,5.00,1.00,2.00,1.00,1.00,5.00,5.00,3.00,2.00,1.00,3.00,5.00,2.00,3.00,7.00,1.00,5.00,3.00,4.00,9.00,1.00,6.00,4.00,4.00,3.00,8.00,17.00,8.00,9.00,7.00,13.00,20.00,8.00,16.00,29.00,50.00,52.00,41.00,71.00,57.00,136.00,195.00,217.00,232.00,231.00,376.00,382.00,150.00,227.00,0.00,0.00,1.00,1.00,1.00,0.00,0.00,1.00,0.00,1.00,3.00,0.00,2.00,3.00,1.00,1.00,0.00,1.00,1.00,0.00,0.00,1.00,2.00,1.00,1.00,6.00,0.00,0.00,4.00,0.00,5.00,13.00,14.00,26.00,14.00,19.00,13.00,13.00,11.00,59.00,13.00,15.00,20.00,8.00,20.00,13.00,14.00,3.00,5.00,2.00,45.00,10.00,75.00,12.00,233.00,12.00,48.00,20.00,15.00,16.00,161.00,43.00,9.00
9,96.00,1.00,3.00,32.00,60.00,0.00,19.00,11.00,59.00,4.00,35.00,5.00,9.00,16.00,7.00,61.00,36.00,51.00,82.00,43.00,317.00,26.00,108.00,315.00,365.00,303.00,2.00,8.00,2.00,4.00,2.00,12.00,4.00,4.00,4.00,4.00,3.00,5.00,7.00,11.00,2.00,4.00,2.00,4.00,1.00,2.00,3.00,2.00,3.00,7.00,2.00,1.00,2.00,2.00,0.00,1.00,2.00,2.00,5.00,1.00,6.00,9.00,5.00,7.00,6.00,14.00,12.00,25.00,9.00,7.00,42.00,9.00,19.00,64.00,77.00,486.00,2.00,5.00,2.00,1.00,2.00,7.00,1.00,8.00,6.00,3.00,5.00,8.00,3.00,6.00,6.00,8.00,5.00,3.00,5.00,5.00,10.00,5.00,8.00,7.00,5.00,8.00,8.00,21.00,2.00,14.00,4.00,10.00,25.00,3.00,15.00,7.00,22.00,5.00,4.00,12.00,21.00,3.00,8.00,1.00
1001,15.00,1.00,0.00,4.00,8.00,0.00,6.00,7.00,2.00,44.00,42.00,75.00,65.00,279.00,38.00,14.00,15.00,8.00,6.00,4.00,2.00,3.00,1.00,3.00,1.00,1.00,22.00,32.00,8.00,18.00,3.00,41.00,16.00,2.00,8.00,15.00,5.00,3.00,6.00,4.00,3.00,4.00,8.00,1.00,3.00,2.00,0.00,1.00,2.00,4.00,3.00,0.00,0.00,0.00,1.00,0.00,1.00,2.00,10.00,4.00,0.00,1.00,2.00,0.00,1.00,3.00,1.00,4.00,3.00,0.00,4.00,0.00,0.00,2.00,0.00,2.00,2.00,8.00,6.00,9.00,4.00,21.00,5.00,20.00,29.00,7.00,63.00,7.00,5.00,2.00,24.00,13.00,7.00,6.00,16.00,13.00,28.00,7.00,12.00,6.00,4.00,4.00,26.00,33.00,3.00,23.00,4.00,5.00,8.00,2.00,9.00,0.00,4.00,3.00,1.00,2.00,2.00,0.00,10.00,3.00
1002,19.00,2.00,2.00,21.00,20.00,3.00,3.00,3.00,8.00,44.00,99.00,45.00,59.00,177.00,29.00,51.00,31.00,19.00,14.00,4.00,14.00,1.00,0.00,2.00,2.00,2.00,1.00,20.00,3.00,3.00,0.00,6.00,4.00,4.00,1.00,5.00,3.00,3.00,2.00,0.00,3.00,5.00,2.00,1.00,0.00,0.00,0.00,2.00,0.00,1.00,0.00,0.00,1.00,1.00,0.00,0.00,1.00,8.00,37.00,11.00,24.00,11.00,14.00,19.00,8.00,32.00,36.00,48.00,32.00,2.00,43.00,4.00,4.00,25.00,12.00,12.00,5.00,20.00,1.00,4.00,1.00,7.00,0.00,34.00,41.00,7.00,66.00,6.00,0.00,0.00,6.00,3.00,2.00,0.00,6.00,9.00,11.00,3.00,4.00,4.00,3.00,4.00,12.00,15.00,4.00,7.00,4.00,1.00,5.00,0.00,4.00,1.00,5.00,0.00,1.00,0.00,0.00,0.00,6.00,1.00
1003,10.00,0.00,0.00,3.00,5.00,0.00,4.00,3.00,3.00,80.00,44.00,34.00,45.00,58.00,54.00,23.00,52.00,33.00,27.00,9.00,7.00,2.00,2.00,0.00,3.00,1.00,4.00,35.00,2.00,6.00,3.00,10.00,6.00,2.00,5.00,8.00,8.00,0.00,4.00,1.00,2.00,3.00,1.00,1.00,0.00,0.00,0.00,0.00,2.00,1.00,2.00,0.00,0.00,0.00,1.00,1.00,0.00,0.00,3.00,2.00,1.00,1.00,1.00,2.00,1.00,1.00,1.00,3.00,4.00,2.00,4.00,0.00,0.00,2.00,1.00,1.00,4.00,3.00,0.00,4.00,2.00,2.00,0.00,29.00,10.00,0.00,15.00,2.00,3.00,0.00,11.00,8.00,5.00,5.00,17.00,10.00,24.00,2.00,17.00,5.00,4.00,8.00,17.00,44.00,4.00,35.00,7.00,6.00,14.00,2.00,7.00,1.00,4.00,3.00,1.00,0.00,3.00,1.00,9.00,3.00
1004,10.00,0.00,2.00,8.00,7.00,0.00,3.00,6.00,1.00,41.00,44.00,59.00,33.00,72.00,36.00,37.00,26.00,21.00,12.00,6.00,7.00,0.00,3.00,4.00,2.00,2.00,2.00,23.00,1.00,1.00,0.00,3.00,2.00,0.00,1.00,6.00,3.00,3.00,3.00,1.00,0.00,2.00,1.00,2.00,0.00,0.00,0.00,1.00,3.00,0.00,0.00,0.00,0.00,0.00,1.00,0.00,0.00,0.00,4.00,4.00,6.00,1.00,4.00,4.00,3.00,2.00,7.00,7.00,6.00,3.00,11.00,2.00,1.00,3.00,5.00,9.00,1.00,1.00,1.00,3.00,1.00,6.00,0.00,9.00,23.00,1.00,19.00,0.00,1.00,2.00,6.00,5.00,1.00,0.00,7.00,11.00,15.00,3.00,7.00,5.00,3.00,3.00,14.00,26.00,5.00,23.00,4.00,5.00,5.00,2.00,3.00,0.00,1.00,1.00,0.00,1.00,1.00,0.00,6.00,5.00
1005,32.00,2.00,4.00,12.00,18.00,3.00,14.00,7.00,9.00,395.00,246.00,40.00,66.00,15.00,251.00,141.00,244.00,157.00,177.00,29.00,13.00,10.00,10.00,4.00,11.00,9.00,7.00,109.00,9.00,18.00,5.00,31.00,16.00,6.00,6.00,19.00,8.00,5.00,9.00,6.00,6.00,6.00,5.00,1.00,1.00,4.00,2.00,0.00,1.00,1.00,1.00,1.00,1.00,2.00,0.00,2.00,1.00,1.00,5.00,4.00,4.00,6.00,3.00,3.00,3.00,4.00,6.00,9.00,10.00,1.00,15.00,4.00,1.00,6.00,2.00,11.00,9.00,13.00,5.00,5.00,3.00,21.00,3.00,66.00,57.00,4.00,54.00,6.00,0.00,2.00,20.00,15.00,8.00,10.00,42.00,19.00,38.00,12.00,40.00,22.00,11.00,9.00,44.00,119.00,14.00,117.00,28.00,11.00,39.00,8.00,15.00,1.00,17.00,1.00,1.00,9.00,9.00,1.00,25.00,4.00
1006,16.00,0.00,0.00,6.00,6.00,1.00,3.00,1.00,4.00,36.00,23.00,66.00,46.00,192.00,29.00,16.00,24.00,18.00,23.00,17.00,6.00,5.00,1.00,1.00,2.00,1.00,5.00,18.00,3.00,10.00,1.00,20.00,14.00,5.00,6.00,16.00,4.00,4.00,2.00,2.00,1.00,5.00,5.00,2.00,3.00,1.00,1.00,0.00,2.00,1.00,2.00,1.00,0.00,1.00,1.00,1.00,0.00,1.00,4.00,5.00,1.00,1.00,0.00,3.00,0.00,0.00,4.00,5.00,0.00,2.00,3.00,0.00,0.00,0.00,3.00,4.00,1.00,3.00,1.00,3.00,1.00,2.00,1.00,10.00,5.00,1.00,9.00,8.00,4.00,2.00,13.00,10.00,10.00,6.00,27.00,12.00,28.00,9.00,22.00,10.00,8.00,11.00,25.00,45.00,7.00,19.00,10.00,7.00,25.00,2.00,8.00,1.00,9.00,5.00,1.00,4.00,6.00,0.00,10.00,3.00
1007,28.00,2.00,3.00,17.00,35.00,5.00,4.00,4.00,28.00,16.00,44.00,41.00,40.00,96.00,30.00,8.00,40.00,54.00,50.00,8.00,60.00,2.00,7.00,10.00,8.00,9.00,1.00,7.00,2.00,1.00,0.00,2.00,3.00,0.00,2.00,2.00,1.00,2.00,2.00,1.00,2.00,3.00,1.00,1.00,0.00,0.00,0.00,0.00,0.00,0.00,1.00,0.00,0.00,0.00,0.00,0.00,0.00,1.00,14.00,10.00,20.00,13.00,13.00,15.00,9.00,21.00,26.00,52.00,48.00,3.00,84.00,11.00,4.00,40.00,35.00,49.00,4.00,5.00,3.00,7.00,1.00,2.00,1.00,5.00,31.00,3.00,20.00,0.00,1.00,2.00,4.00,2.00,3.00,2.00,4.00,5.00,7.00,1.00,7.00,2.00,2.00,4.00,6.00,11.00,1.00,9.00,2.00,1.00,5.00,0.00,4.00,1.00,4.00,0.00,0.00,1.00,8.00,0.00,3.00,0.00
1008,27.00,1.00,1.00,5.00,13.00,2.00,5.00,5.00,15.00,16.00,24.00,33.00,27.00,152.00,27.00,36.00,22.00,26.00,29.00,24.00,23.00,9.00,5.00,9.00,11.00,7.00,2.00,5.00,0.00,2.00,1.00,9.00,3.00,1.00,1.00,7.00,0.00,0.00,3.00,0.00,2.00,4.00,1.00,0.00,0.00,0.00,0.00,0.00,1.00,0.00,0.00,0.00,0.00,0.00,1.00,1.00,0.00,2.00,4.00,8.00,3.00,1.00,4.00,5.00,1.00,5.00,4.00,9.00,5.00,0.00,9.00,2.00,2.00,5.00,3.00,14.00,2.00,2.00,0.00,1.00,1.00,2.00,0.00,5.00,6.00,1.00,3.00,1.00,0.00,1.00,7.00,5.00,1.00,3.00,7.00,8.00,11.00,0.00,8.00,2.00,0.00,1.00,8.00,20.00,4.00,16.00,5.00,1.00,11.00,2.00,3.00,0.00,6.00,1.00,0.00,1.00,4.00,0.00,4.00,1.00
1009,73.00,1.00,1.00,5.00,21.00,5.00,7.00,2.00,25.00,18.00,33.00,57.00,42.00,140.00,41.00,76.00,31.00,3.00,34.00,59.00,47.00,35.00,28.00,24.00,37.00,18.00,3.00,8.00,1.00,4.00,4.00,3.00,4.00,1.00,4.00,4.00,3.00,3.00,2.00,1.00,3.00,5.00,3.00,0.00,2.00,0.00,0.00,1.00,0.00,1.00,0.00,0.00,0.00,2.00,1.00,0.00,0.00,0.00,2.00,3.00,1.00,2.00,0.00,2.00,1.00,3.00,3.00,5.00,8.00,0.00,7.00,1.00,0.00,7.00,3.00,20.00,0.00,1.00,4.00,0.00,0.00,1.00,0.00,3.00,4.00,0.00,2.00,2.00,1.00,1.00,5.00,4.00,9.00,3.00,11.00,5.00,15.00,5.00,12.00,1.00,4.00,5.00,12.00,19.00,8.00,43.00,14.00,8.00,35.00,1.00,9.00,0.00,18.00,4.00,5.00,3.00,7.00,0.00,7.00,6.00
1010,93.00,4.00,3.00,10.00,17.00,2.00,7.00,3.00,38.00,13.00,18.00,28.00,22.00,99.00,27.00,38.00,51.00,62.00,82.00,78.00,45.00,30.00,30.00,54.00,96.00,57.00,1.00,8.00,1.00,8.00,3.00,5.00,2.00,3.00,3.00,5.00,2.00,4.00,5.00,2.00,3.00,4.00,4.00,1.00,0.00,1.00,1.00,11.00,13.00,10.00,5.00,0.00,1.00,1.00,1.00,0.00,0.00,0.00,3.00,2.00,2.00,0.00,1.00,11.00,2.00,6.00,12.00,11.00,3.00,0.00,4.00,2.00,0.00,3.00,4.00,10.00,0.00,1.00,1.00,0.00,1.00,1.00,0.00,2.00,4.00,0.00,3.00,1.00,1.00,2.00,7.00,14.00,5.00,2.00,17.00,5.00,25.00,6.00,10.00,11.00,5.00,7.00,13.00,38.00,17.00,37.00,28.00,9.00,56.00,5.00,20.00,0.00,32.00,1.00,6.00,19.00,21.00,0.00,12.00,6.00
1011,105.00,2.00,1.00,9.00,18.00,6.00,21.00,13.00,25.00,10.00,4.00,11.00,11.00,36.00,23.00,6.00,20.00,50.00,113.00,5.00,11.00,72.00,99.00,34.00,65.00,30.00,9.00,27.00,5.00,7.00,2.00,12.00,4.00,12.00,6.00,11.00,6.00,3.00,11.00,12.00,13.00,18.00,13.00,6.00,3.00,5.00,7.00,20.00,22.00,54.00,20.00,3.00,1.00,2.00,5.00,4.00,5.00,3.00,2.00,0.00,1.00,1.00,0.00,3.00,3.00,1.00,0.00,3.00,1.00,0.00,1.00,1.00,2.00,2.00,0.00,4.00,3.00,1.00,0.00,0.00,0.00,7.00,1.00,2.00,1.00,4.00,2.00,4.00,3.00,7.00,20.00,23.00,15.00,10.00,33.00,22.00,50.00,14.00,35.00,21.00,17.00,27.00,33.00,113.00,36.00,58.00,58.00,33.00,167.00,8.00,76.00,3.00,81.00,19.00,22.00,38.00,50.00,0.00,27.00,7.00
1012,93.00,4.00,2.00,8.00,35.00,3.00,0.00,3.00,158.00,5.00,27.00,11.00,11.00,14.00,10.00,45.00,24.00,49.00,54.00,8.00,42.00,8.00,18.00,63.00,57.00,46.00,1.00,2.00,0.00,1.00,2.00,2.00,1.00,1.00,0.00,1.00,1.00,0.00,1.00,0.00,1.00,0.00,2.00,0.00,0.00,1.00,0.00,1.00,0.00,0.00,0.00,0.00,0.00,1.00,1.00,0.00,0.00,2.00,2.00,2.00,1.00,4.00,2.00,3.00,2.00,3.00,5.00,17.00,6.00,2.00,22.00,4.00,2.00,17.00,25.00,104.00,1.00,2.00,0.00,2.00,0.00,1.00,1.00,2.00,5.00,1.00,6.00,0.00,0.00,0.00,2.00,3.00,1.00,2.00,6.00,3.00,4.00,1.00,4.00,0.00,1.00,3.00,3.00,2.00,1.00,5.00,3.00,4.00,5.00,1.00,3.00,0.00,2.00,1.00,0.00,2.00,3.00,1.00,3.00,0.00
1013,115.00,3.00,1.00,9.00,19.00,2.00,8.00,9.00,19.00,4.00,2.00,9.00,9.00,16.00,8.00,9.00,14.00,46.00,46.00,77.00,13.00,11.00,29.00,40.00,62.00,30.00,0.00,6.00,2.00,2.00,1.00,10.00,4.00,4.00,4.00,5.00,8.00,4.00,3.00,6.00,3.00,6.00,5.00,4.00,3.00,0.00,3.00,1.00,1.00,5.00,1.00,0.00,2.00,1.00,0.00,0.00,1.00,0.00,0.00,1.00,0.00,0.00,0.00,1.00,0.00,0.00,0.00,1.00,0.00,0.00,1.00,0.00,0.00,2.00,0.00,4.00,2.00,0.00,2.00,0.00,1.00,1.00,2.00,0.00,2.00,5.00,1.00,1.00,1.00,3.00,9.00,12.00,3.00,4.00,14.00,13.00,19.00,10.00,13.00,15.00,7.00,17.00,8.00,34.00,16.00,19.00,20.00,10.00,63.00,4.00,23.00,0.00,65.00,9.00,10.00,26.00,59.00,0.00,15.00,4.00
1014,263.00,2.00,1.00,7.00,20.00,4.00,25.00,4.00,50.00,2.00,4.00,4.00,5.00,12.00,5.00,7.00,13.00,28.00,39.00,121.00,21.00,33.00,34.00,58.00,95.00,51.00,3.00,2.00,1.00,0.00,1.00,5.00,0.00,1.00,2.00,2.00,2.00,3.00,3.00,2.00,0.00,0.00,3.00,1.00,0.00,0.00,0.00,1.00,2.00,0.00,0.00,0.00,0.00,1.00,0.00,0.00,0.00,1.00,0.00,0.00,1.00,0.00,0.00,0.00,0.00,1.00,1.00,3.00,0.00,1.00,0.00,0.00,2.00,3.00,4.00,10.00,0.00,1.00,1.00,0.00,2.00,2.00,0.00,1.00,2.00,0.00,0.00,1.00,1.00,0.00,3.00,2.00,4.00,5.00,7.00,9.00,12.00,6.00,5.00,5.00,1.00,7.00,6.00,11.00,7.00,13.00,7.00,6.00,31.00,3.00,13.00,2.00,34.00,13.00,10.00,38.00,100.00,0.00,5.00,0.00
1015,394.00,4.00,1.00,15.00,61.00,6.00,7.00,3.00,345.00,2.00,9.00,4.00,4.00,9.00,3.00,23.00,20.00,46.00,105.00,45.00,97.00,44.00,81.00,0.00,1.00,4.00,0.00,3.00,3.00,2.00,1.00,2.00,0.00,0.00,1.00,2.00,0.00,2.00,1.00,0.00,4.00,1.00,0.00,1.00,0.00,1.00,2.00,0.00,0.00,0.00,0.00,0.00,0.00,0.00,0.00,0.00,2.00,0.00,1.00,1.00,0.00,0.00,0.00,2.00,2.00,1.00,5.00,4.00,4.00,1.00,5.00,4.00,1.00,10.00,8.00,66.00,1.00,1.00,0.00,0.00,0.00,1.00,1.00,3.00,3.00,0.00,2.00,1.00,0.00,2.00,4.00,2.00,0.00,0.00,4.00,1.00,5.00,6.00,4.00,6.00,5.00,3.00,3.00,5.00,3.00,11.00,1.00,2.00,10.00,1.00,7.00,0.00,8.00,2.00,6.00,14.00,27.00,0.00,6.00,1.00
1016,377.00,4.00,1.00,6.00,38.00,5.00,5.00,4.00,221.00,3.00,10.00,2.00,4.00,7.00,5.00,17.00,21.00,44.00,99.00,63.00,78.00,61.00,101.00,0.00,0.00,7.00,1.00,2.00,1.00,0.00,1.00,2.00,5.00,3.00,1.00,0.00,1.00,0.00,3.00,1.00,1.00,5.00,2.00,3.00,0.00,0.00,1.00,0.00,0.00,0.00,2.00,2.00,1.00,0.00,0.00,0.00,0.00,0.00,0.00,2.00,1.00,0.00,1.00,0.00,2.00,1.00,3.00,2.00,2.00,0.00,3.00,2.00,0.00,10.00,6.00,52.00,0.00,0.00,0.00,1.00,0.00,0.00,0.00,0.00,2.00,1.00,0.00,0.00,0.00,1.00,5.00,2.00,2.00,3.00,5.00,5.00,9.00,1.00,1.00,3.00,4.00,6.00,4.00,16.00,2.00,11.00,8.00,6.00,23.00,1.00,9.00,0.00,11.00,0.00,2.00,11.00,29.00,1.00,6.00,1.00
1017,317.00,4.00,1.00,13.00,47.00,9.00,7.00,1.00,266.00,1.00,10.00,2.00,2.00,9.00,5.00,18.00,14.00,26.00,61.00,34.00,77.00,25.00,53.00,6.00,16.00,7.00,1.00,2.00,0.00,0.00,0.00,2.00,1.00,2.00,1.00,0.00,1.00,0.00,3.00,0.00,0.00,3.00,2.00,1.00,1.00,1.00,1.00,1.00,0.00,0.00,1.00,1.00,0.00,2.00,0.00,0.00,1.00,0.00,1.00,0.00,1.00,2.00,2.00,2.00,1.00,2.00,1.00,7.00,5.00,2.00,5.00,1.00,1.00,13.00,9.00,58.00,3.00,0.00,2.00,1.00,0.00,2.00,0.00,3.00,0.00,1.00,0.00,1.00,0.00,1.00,1.00,3.00,1.00,1.00,5.00,2.00,7.00,2.00,4.00,4.00,3.00,0.00,3.00,8.00,3.00,11.00,3.00,3.00,9.00,1.00,9.00,1.00,9.00,1.00,2.00,6.00,19.00,0.00,4.00,2.00
1018,18.00,1.00,1.00,5.00,6.00,2.00,5.00,3.00,2.00,15.00,4.00,3.00,8.00,10.00,6.00,2.00,4.00,2.00,2.00,7.00,0.00,2.00,1.00,0.00,2.00,0.00,43.00,64.00,64.00,74.00,25.00,31.00,30.00,34.00,18.00,20.00,30.00,17.00,37.00,8.00,17.00,12.00,7.00,3.00,4.00,3.00,1.00,0.00,4.00,1.00,2.00,1.00,2.00,0.00,2.00,1.00,1.00,0.00,7.00,3.00,3.00,1.00,0.00,0.00,0.00,1.00,3.00,3.00,3.00,1.00,0.00,0.00,0.00,1.00,0.00,0.00,54.00,8.00,124.00,47.00,70.00,42.00,56.00,30.00,5.00,57.00,13.00,61.00,18.00,36.00,98.00,33.00,28.00,11.00,13.00,22.00,62.00,19.00,24.00,17.00,10.00,12.00,26.00,16.00,9.00,4.00,4.00,9.00,7.00,2.00,5.00,1.00,4.00,3.00,2.00,2.00,2.00,1.00,30.00,12.00
1019,33.00,3.00,1.00,13.00,13.00,2.00,15.00,12.00,3.00,60.00,29.00,49.00,37.00,121.00,27.00,10.00,15.00,10.00,22.00,25.00,4.00,5.00,2.00,3.00,5.00,7.00,65.00,41.00,29.00,73.00,24.00,84.00,68.00,16.00,21.00,56.00,41.00,13.00,25.00,9.00,14.00,18.00,11.00,5.00,7.00,1.00,1.00,1.00,6.00,2.00,5.00,2.00,2.00,2.00,2.00,2.00,1.00,1.00,10.00,5.00,7.00,1.00,3.00,1.00,2.00,4.00,4.00,8.00,4.00,0.00,4.00,1.00,3.00,1.00,7.00,3.00,12.00,21.00,19.00,33.00,20.00,51.00,10.00,37.00,39.00,39.00,57.00,28.00,5.00,14.00,77.00,46.00,23.00,19.00,32.00,30.00,101.00,17.00,35.00,31.00,15.00,32.00,48.00,55.00,12.00,23.00,13.00,20.00,25.00,14.00,16.00,5.00,14.00,6.00,4.00,5.00,4.00,3.00,50.00,7.00
1020,7.00,0.00,0.00,3.00,2.00,1.00,7.00,3.00,0.00,2.00,1.00,1.00,1.00,5.00,1.00,1.00,1.00,0.00,0.00,4.00,0.00,3.00,1.00,0.00,0.00,1.00,32.00,17.00,12.00,26.00,13.00,15.00,15.00,17.00,20.00,13.00,21.00,8.00,30.00,18.00,15.00,17.00,12.00,8.00,7.00,5.00,3.00,2.00,3.00,3.00,3.00,3.00,0.00,0.00,1.00,1.00,0.00,0.00,0.00,0.00,1.00,0.00,0.00,0.00,0.00,0.00,0.00,1.00,0.00,1.00,0.00,0.00,1.00,0.00,0.00,0.00,5.00,0.00,8.00,0.00,6.00,13.00,16.00,2.00,0.00,68.00,3.00,25.00,21.00,23.00,62.00,25.00,29.00,28.00,17.00,12.00,52.00,5.00,13.00,18.00,3.00,9.00,15.00,10.00,0.00,0.00,3.00,10.00,5.00,6.00,5.00,0.00,5.00,1.00,1.00,1.00,3.00,2.00,37.00,18.00
1021,16.00,0.00,1.00,3.00,3.00,4.00,7.00,9.00,1.00,21.00,3.00,13.00,4.00,10.00,7.00,1.00,1.00,1.00,5.00,5.00,1.00,1.00,1.00,1.00,0.00,0.00,62.00,58.00,28.00,50.00,20.00,14.00,23.00,24.00,32.00,39.00,53.00,20.00,54.00,19.00,20.00,17.00,14.00,3.00,1.00,6.00,3.00,1.00,1.00,0.00,2.00,4.00,1.00,1.00,2.00,1.00,0.00,1.00,0.00,1.00,0.00,0.00,1.00,2.00,1.00,1.00,0.00,6.00,1.00,0.00,2.00,0.00,0.00,0.00,2.00,1.00,14.00,5.00,22.00,7.00,18.00,29.00,18.00,18.00,2.00,52.00,9.00,25.00,7.00,27.00,104.00,43.00,24.00,34.00,21.00,31.00,81.00,27.00,34.00,23.00,4.00,17.00,31.00,25.00,5.00,6.00,7.00,11.00,6.00,7.00,9.00,1.00,6.00,5.00,2.00,1.00,1.00,0.00,43.00,15.00
1022,8.00,0.00,1.00,0.00,0.00,0.00,8.00,4.00,0.00,7.00,1.00,0.00,1.00,4.00,2.00,1.00,0.00,0.00,1.00,1.00,0.00,0.00,0.00,0.00,0.00,1.00,35.00,16.00,5.00,19.00,6.00,13.00,9.00,12.00,8.00,13.00,14.00,7.00,17.00,7.00,6.00,13.00,8.00,3.00,1.00,4.00,1.00,1.00,1.00,1.00,1.00,1.00,3.00,0.00,3.00,0.00,1.00,0.00,0.00,0.00,0.00,0.00,0.00,0.00,0.00,0.00,0.00,2.00,0.00,0.00,1.00,0.00,0.00,0.00,1.00,0.00,2.00,1.00,1.00,1.00,3.00,7.00,11.00,2.00,0.00,28.00,0.00,15.00,7.00,22.00,33.00,18.00,18.00,19.00,15.00,17.00,47.00,8.00,14.00,7.00,5.00,5.00,16.00,16.00,7.00,1.00,2.00,7.00,4.00,3.00,5.00,0.00,8.00,1.00,0.00,0.00,0.00,1.00,29.00,13.00
1023,17.00,1.00,0.00,1.00,6.00,2.00,10.00,6.00,2.00,29.00,9.00,10.00,4.00,34.00,18.00,1.00,5.00,2.00,4.00,10.00,1.00,3.00,0.00,0.00,0.00,0.00,31.00,76.00,12.00,13.00,26.00,4.00,4.00,13.00,28.00,32.00,47.00,25.00,35.00,9.00,18.00,15.00,14.00,5.00,1.00,1.00,1.00,0.00,1.00,3.00,0.00,0.00,2.00,0.00,1.00,0.00,2.00,0.00,3.00,0.00,1.00,1.00,1.00,0.00,0.00,0.00,2.00,0.00,0.00,0.00,0.00,1.00,0.00,0.00,0.00,1.00,5.00,1.00,6.00,3.00,3.00,8.00,3.00,11.00,8.00,8.00,9.00,12.00,5.00,6.00,82.00,56.00,34.00,33.00,16.00,35.00,122.00,23.00,36.00,32.00,18.00,34.00,18.00,45.00,12.00,17.00,9.00,17.00,14.00,16.00,17.00,1.00,8.00,7.00,2.00,2.00,2.00,1.00,52.00,12.00
1024,9.00,1.00,0.00,2.00,1.00,0.00,7.00,2.00,2.00,20.00,3.00,5.00,11.00,14.00,13.00,1.00,3.00,0.00,1.00,4.00,0.00,1.00,0.00,1.00,0.00,2.00,27.00,51.00,16.00,15.00,13.00,1.00,9.00,15.00,24.00,19.00,37.00,20.00,33.00,12.00,12.00,15.00,10.00,4.00,0.00,2.00,1.00,0.00,1.00,2.00,0.00,1.00,2.00,2.00,2.00,1.00,1.00,0.00,1.00,0.00,0.00,2.00,0.00,0.00,0.00,0.00,1.00,0.00,1.00,0.00,1.00,0.00,0.00,1.00,1.00,0.00,4.00,5.00,12.00,6.00,7.00,13.00,6.00,11.00,1.00,15.00,7.00,13.00,4.00,7.00,67.00,38.00,21.00,18.00,16.00,26.00,80.00,9.00,25.00,20.00,11.00,20.00,29.00,24.00,4.00,7.00,5.00,9.00,12.00,4.00,9.00,2.00,9.00,6.00,1.00,2.00,1.00,0.00,37.00,10.00
1025,34.00,2.00,0.00,5.00,5.00,4.00,23.00,14.00,4.00,6.00,3.00,3.00,2.00,11.00,8.00,1.00,1.00,2.00,2.00,3.00,0.00,5.00,3.00,2.00,1.00,0.00,31.00,10.00,22.00,27.00,19.00,25.00,13.00,22.00,33.00,20.00,16.00,26.00,59.00,38.00,28.00,21.00,18.00,28.00,15.00,21.00,15.00,4.00,12.00,9.00,7.00,7.00,9.00,8.00,6.00,7.00,7.00,0.00,3.00,2.00,1.00,0.00,3.00,0.00,0.00,0.00,0.00,3.00,0.00,0.00,0.00,0.00,2.00,0.00,0.00,1.00,7.00,3.00,15.00,4.00,6.00,11.00,29.00,3.00,1.00,64.00,4.00,46.00,61.00,35.00,58.00,35.00,46.00,52.00,20.00,24.00,122.00,24.00,22.00,36.00,7.00,33.00,27.00,23.00,6.00,7.00,7.00,29.00,9.00,14.00,13.00,7.00,9.00,3.00,1.00,3.00,3.00,3.00,89.00,27.00
1026,7.00,0.00,1.00,1.00,3.00,1.00,7.00,6.00,0.00,1.00,1.00,1.00,1.00,11.00,2.00,1.00,1.00,1.00,1.00,6.00,0.00,2.00,2.00,1.00,1.00,0.00,23.00,16.00,18.00,26.00,5.00,22.00,16.00,25.00,2.00,13.00,5.00,2.00,7.00,23.00,11.00,12.00,17.00,11.00,2.00,4.00,2.00,1.00,4.00,3.00,3.00,3.00,3.00,1.00,3.00,0.00,2.00,0.00,1.00,0.00,0.00,0.00,0.00,0.00,1.00,1.00,0.00,1.00,0.00,0.00,0.00,0.00,1.00,0.00,0.00,0.00,3.00,2.00,2.00,0.00,2.00,17.00,3.00,2.00,0.00,15.00,0.00,22.00,8.00,20.00,14.00,12.00,6.00,11.00,22.00,17.00,54.00,8.00,21.00,15.00,10.00,18.00,17.00,18.00,5.00,3.00,5.00,11.00,7.00,8.00,12.00,2.00,4.00,0.00,3.00,0.00,1.00,3.00,40.00,9.00
1027,24.00,5.00,1.00,5.00,5.00,1.00,12.00,10.00,3.00,20.00,6.00,10.00,5.00,20.00,15.00,2.00,4.00,4.00,8.00,17.00,1.00,5.00,1.00,2.00,3.00,1.00,31.00,62.00,28.00,61.00,22.00,59.00,32.00,23.00,20.00,17.00,13.00,24.00,40.00,23.00,40.00,26.00,19.00,5.00,3.00,4.00,4.00,1.00,8.00,2.00,3.00,3.00,5.00,1.00,5.00,1.00,2.00,0.00,1.00,2.00,1.00,0.00,0.00,0.00,0.00,1.00,3.00,1.00,0.00,0.00,2.00,0.00,1.00,2.00,0.00,2.00,4.00,2.00,7.00,2.00,3.00,20.00,3.00,12.00,2.00,18.00,6.00,19.00,4.00,16.00,40.00,21.00,27.00,39.00,15.00,21.00,80.00,15.00,26.00,40.00,16.00,50.00,30.00,48.00,20.00,17.00,14.00,37.00,28.00,13.00,33.00,3.00,15.00,8.00,7.00,2.00,5.00,4.00,45.00,14.00
1028,19.00,4.00,3.00,1.00,7.00,0.00,11.00,11.00,3.00,9.00,5.00,4.00,5.00,15.00,9.00,1.00,4.00,1.00,3.00,9.00,1.00,2.00,0.00,3.00,0.00,0.00,40.00,39.00,41.00,86.00,18.00,61.00,39.00,29.00,7.00,10.00,1.00,20.00,39.00,15.00,33.00,31.00,20.00,5.00,3.00,5.00,2.00,2.00,3.00,5.00,2.00,2.00,0.00,3.00,2.00,1.00,3.00,0.00,1.00,0.00,0.00,0.00,0.00,0.00,0.00,0.00,0.00,0.00,0.00,0.00,0.00,0.00,0.00,0.00,0.00,0.00,5.00,0.00,9.00,2.00,7.00,25.00,8.00,4.00,1.00,27.00,4.00,16.00,4.00,11.00,15.00,3.00,9.00,32.00,26.00,17.00,48.00,10.00,32.00,22.00,19.00,34.00,16.00,32.00,11.00,6.00,9.00,16.00,10.00,13.00,14.00,2.00,10.00,4.00,4.00,5.00,2.00,0.00,47.00,16.00
1029,5.00,1.00,0.00,3.00,5.00,1.00,6.00,6.00,0.00,1.00,3.00,2.00,1.00,1.00,0.00,1.00,0.00,0.00,1.00,2.00,0.00,2.00,1.00,0.00,0.00,2.00,10.00,13.00,10.00,21.00,3.00,19.00,18.00,16.00,4.00,17.00,16.00,7.00,8.00,10.00,13.00,9.00,10.00,5.00,14.00,4.00,7.00,4.00,6.00,2.00,6.00,2.00,1.00,2.00,1.00,2.00,0.00,0.00,0.00,0.00,0.00,0.00,0.00,1.00,0.00,0.00,1.00,0.00,0.00,0.00,0.00,0.00,0.00,0.00,0.00,2.00,1.00,0.00,4.00,0.00,3.00,3.00,12.00,1.00,1.00,19.00,9.00,24.00,13.00,11.00,36.00,26.00,14.00,20.00,17.00,22.00,54.00,14.00,26.00,15.00,3.00,12.00,15.00,11.00,5.00,1.00,8.00,16.00,8.00,10.00,12.00,2.00,5.00,5.00,3.00,2.00,0.00,0.00,37.00,9.00
1030,25.00,3.00,0.00,4.00,5.00,3.00,24.00,21.00,1.00,6.00,1.00,9.00,6.00,14.00,11.00,4.00,4.00,2.00,9.00,7.00,1.00,3.00,3.00,3.00,3.00,5.00,44.00,39.00,35.00,82.00,24.00,57.00,33.00,63.00,7.00,31.00,34.00,7.00,8.00,56.00,11.00,12.00,45.00,27.00,9.00,9.00,6.00,5.00,7.00,6.00,9.00,9.00,8.00,5.00,5.00,3.00,8.00,0.00,1.00,0.00,0.00,0.00,0.00,1.00,0.00,0.00,2.00,0.00,0.00,1.00,0.00,0.00,1.00,0.00,1.00,1.00,6.00,4.00,4.00,2.00,5.00,8.00,18.00,9.00,2.00,47.00,5.00,63.00,19.00,78.00,47.00,33.00,12.00,9.00,55.00,56.00,94.00,25.00,47.00,39.00,23.00,52.00,61.00,44.00,14.00,7.00,14.00,38.00,29.00,29.00,27.00,10.00,19.00,13.00,2.00,3.00,4.00,3.00,38.00,10.00
1031,19.00,1.00,1.00,5.00,4.00,2.00,10.00,19.00,3.00,6.00,1.00,2.00,1.00,4.00,1.00,0.00,0.00,0.00,0.00,5.00,0.00,1.00,2.00,0.00,1.00,0.00,8.00,7.00,11.00,10.00,12.00,6.00,8.00,20.00,18.00,12.00,10.00,9.00,32.00,9.00,29.00,34.00,21.00,22.00,27.00,25.00,25.00,7.00,33.00,20.00,24.00,20.00,12.00,10.00,12.00,11.00,8.00,0.00,1.00,1.00,0.00,0.00,1.00,0.00,0.00,0.00,0.00,1.00,0.00,0.00,0.00,0.00,1.00,0.00,1.00,0.00,2.00,3.00,3.00,0.00,0.00,1.00,10.00,2.00,2.00,15.00,2.00,15.00,25.00,26.00,32.00,13.00,19.00,32.00,14.00,10.00,69.00,8.00,23.00,21.00,7.00,27.00,9.00,11.00,4.00,1.00,2.00,21.00,10.00,21.00,10.00,10.00,5.00,9.00,4.00,1.00,2.00,8.00,53.00,14.00
1032,9.00,1.00,1.00,2.00,1.00,1.00,6.00,5.00,1.00,2.00,0.00,4.00,1.00,3.00,1.00,0.00,1.00,0.00,0.00,5.00,0.00,1.00,1.00,0.00,1.00,0.00,4.00,11.00,8.00,15.00,7.00,7.00,8.00,27.00,11.00,20.00,20.00,11.00,8.00,41.00,0.00,4.00,31.00,25.00,4.00,3.00,2.00,1.00,4.00,3.00,4.00,3.00,2.00,1.00,2.00,2.00,0.00,0.00,0.00,0.00,0.00,0.00,0.00,0.00,0.00,0.00,0.00,0.00,0.00,0.00,0.00,0.00,0.00,0.00,0.00,3.00,0.00,1.00,1.00,0.00,1.00,1.00,1.00,0.00,0.00,6.00,0.00,11.00,4.00,21.00,49.00,27.00,7.00,4.00,18.00,23.00,55.00,11.00,31.00,20.00,10.00,23.00,20.00,13.00,10.00,1.00,4.00,17.00,8.00,11.00,18.00,4.00,6.00,4.00,0.00,1.00,3.00,0.00,18.00,7.00
1033,45.00,3.00,3.00,4.00,10.00,6.00,61.00,34.00,4.00,14.00,6.00,7.00,8.00,15.00,9.00,1.00,3.00,2.00,11.00,13.00,0.00,4.00,3.00,1.00,5.00,2.00,19.00,31.00,29.00,50.00,25.00,48.00,29.00,29.00,21.00,27.00,32.00,14.00,11.00,75.00,6.00,10.00,33.00,39.00,15.00,21.00,16.00,6.00,13.00,12.00,6.00,12.00,10.00,8.00,11.00,5.00,11.00,0.00,3.00,0.00,1.00,1.00,0.00,1.00,0.00,0.00,1.00,3.00,2.00,1.00,2.00,1.00,0.00,0.00,0.00,2.00,7.00,2.00,2.00,3.00,6.00,3.00,4.00,5.00,4.00,16.00,6.00,22.00,21.00,31.00,101.00,58.00,37.00,15.00,38.00,42.00,115.00,39.00,44.00,53.00,25.00,40.00,56.00,48.00,18.00,12.00,19.00,57.00,46.00,45.00,47.00,16.00,37.00,25.00,7.00,6.00,6.00,5.00,90.00,29.00
1034,39.00,1.00,1.00,8.00,7.00,4.00,53.00,38.00,4.00,9.00,3.00,5.00,5.00,9.00,9.00,3.00,5.00,2.00,8.00,11.00,1.00,5.00,2.00,1.00,1.00,0.00,19.00,26.00,32.00,34.00,12.00,37.00,16.00,20.00,24.00,20.00,25.00,16.00,38.00,42.00,31.00,28.00,23.00,50.00,32.00,35.00,27.00,12.00,29.00,26.00,28.00,24.00,25.00,13.00,14.00,12.00,13.00,1.00,1.00,1.00,0.00,1.00,1.00,0.00,0.00,0.00,0.00,2.00,0.00,0.00,0.00,0.00,0.00,0.00,0.00,0.00,3.00,3.00,2.00,1.00,6.00,9.00,7.00,3.00,3.00,13.00,1.00,33.00,22.00,39.00,66.00,38.00,47.00,43.00,27.00,43.00,133.00,39.00,51.00,63.00,23.00,51.00,51.00,48.00,13.00,14.00,15.00,53.00,32.00,65.00,40.00,15.00,27.00,16.00,7.00,6.00,5.00,9.00,104.00,38.00
1035,13.00,2.00,1.00,0.00,4.00,2.00,14.00,27.00,1.00,0.00,1.00,2.00,0.00,4.00,0.00,0.00,0.00,0.00,1.00,3.00,0.00,0.00,1.00,0.00,2.00,0.00,1.00,2.00,1.00,5.00,1.00,5.00,1.00,21.00,7.00,3.00,3.00,6.00,14.00,22.00,11.00,32.00,28.00,40.00,30.00,44.00,27.00,13.00,42.00,27.00,37.00,38.00,16.00,19.00,20.00,14.00,7.00,0.00,0.00,0.00,0.00,0.00,0.00,1.00,1.00,0.00,0.00,2.00,0.00,0.00,0.00,0.00,0.00,0.00,0.00,0.00,0.00,0.00,0.00,1.00,0.00,0.00,2.00,0.00,0.00,10.00,0.00,9.00,19.00,28.00,12.00,4.00,6.00,18.00,5.00,6.00,30.00,6.00,7.00,8.00,4.00,13.00,6.00,5.00,1.00,2.00,2.00,14.00,3.00,23.00,7.00,12.00,2.00,4.00,1.00,0.00,0.00,7.00,21.00,10.00
1036,18.00,1.00,0.00,2.00,6.00,3.00,10.00,16.00,2.00,0.00,0.00,1.00,0.00,2.00,1.00,0.00,0.00,0.00,1.00,1.00,0.00,1.00,0.00,0.00,2.00,0.00,0.00,2.00,4.00,1.00,2.00,0.00,0.00,6.00,1.00,2.00,0.00,1.00,1.00,17.00,4.00,4.00,11.00,20.00,0.00,10.00,8.00,15.00,114.00,96.00,100.00,53.00,32.00,24.00,24.00,9.00,9.00,0.00,0.00,0.00,0.00,0.00,0.00,0.00,0.00,0.00,0.00,1.00,0.00,0.00,0.00,0.00,0.00,0.00,0.00,0.00,0.00,0.00,2.00,0.00,0.00,0.00,3.00,0.00,0.00,8.00,0.00,9.00,27.00,26.00,4.00,1.00,2.00,3.00,1.00,5.00,16.00,1.00,1.00,4.00,1.00,1.00,1.00,5.00,0.00,0.00,0.00,3.00,2.00,3.00,0.00,2.00,4.00,3.00,0.00,2.00,2.00,5.00,15.00,1.00
1037,15.00,0.00,1.00,3.00,2.00,1.00,20.00,23.00,0.00,0.00,0.00,0.00,0.00,1.00,0.00,0.00,2.00,0.00,3.00,1.00,0.00,0.00,0.00,1.00,0.00,0.00,3.00,1.00,5.00,3.00,0.00,0.00,2.00,11.00,2.00,1.00,0.00,4.00,7.00,29.00,5.00,10.00,28.00,38.00,13.00,18.00,20.00,20.00,87.00,56.00,76.00,40.00,27.00,27.00,31.00,14.00,10.00,0.00,0.00,0.00,0.00,0.00,0.00,0.00,0.00,0.00,0.00,0.00,0.00,0.00,0.00,0.00,0.00,0.00,0.00,0.00,2.00,1.00,4.00,1.00,2.00,1.00,11.00,0.00,0.00,21.00,2.00,32.00,60.00,38.00,7.00,4.00,1.00,8.00,6.00,4.00,13.00,2.00,4.00,3.00,0.00,7.00,3.00,7.00,3.00,2.00,1.00,3.00,3.00,5.00,3.00,4.00,2.00,6.00,2.00,0.00,0.00,6.00,13.00,1.00
1038,14.00,2.00,2.00,5.00,5.00,2.00,17.00,48.00,0.00,0.00,0.00,0.00,2.00,0.00,0.00,0.00,0.00,0.00,1.00,2.00,0.00,0.00,0.00,0.00,1.00,0.00,1.00,1.00,1.00,2.00,0.00,1.00,0.00,3.00,1.00,0.00,0.00,0.00,4.00,16.00,3.00,3.00,15.00,19.00,9.00,14.00,7.00,5.00,15.00,47.00,45.00,48.00,37.00,35.00,68.00,10.00,14.00,0.00,0.00,0.00,0.00,0.00,0.00,0.00,0.00,0.00,0.00,0.00,0.00,0.00,0.00,0.00,0.00,0.00,0.00,0.00,0.00,0.00,1.00,0.00,1.00,0.00,0.00,0.00,0.00,4.00,0.00,3.00,7.00,21.00,4.00,2.00,1.00,2.00,2.00,2.00,13.00,1.00,1.00,4.00,1.00,2.00,1.00,4.00,1.00,0.00,0.00,2.00,2.00,2.00,1.00,4.00,3.00,3.00,0.00,1.00,1.00,7.00,6.00,1.00
1039,15.00,2.00,0.00,2.00,7.00,2.00,11.00,39.00,3.00,0.00,0.00,0.00,0.00,0.00,1.00,0.00,1.00,0.00,2.00,6.00,0.00,1.00,0.00,1.00,1.00,1.00,1.00,1.00,0.00,1.00,0.00,0.00,0.00,1.00,2.00,1.00,0.00,1.00,1.00,10.00,2.00,0.00,7.00,13.00,14.00,15.00,4.00,3.00,4.00,8.00,11.00,13.00,21.00,25.00,33.00,13.00,19.00,0.00,0.00,1.00,1.00,0.00,0.00,0.00,0.00,0.00,0.00,0.00,0.00,0.00,1.00,0.00,0.00,0.00,0.00,0.00,1.00,0.00,1.00,0.00,1.00,1.00,4.00,0.00,0.00,2.00,1.00,5.00,8.00,23.00,2.00,1.00,1.00,2.00,2.00,3.00,7.00,1.00,1.00,2.00,1.00,3.00,1.00,3.00,1.00,1.00,1.00,3.00,1.00,2.00,0.00,6.00,1.00,0.00,0.00,0.00,0.00,6.00,4.00,3.00
1040,45.00,3.00,1.00,8.00,13.00,4.00,64.00,197.00,2.00,1.00,2.00,2.00,0.00,1.00,2.00,1.00,1.00,1.00,2.00,45.00,0.00,3.00,1.00,1.00,1.00,2.00,6.00,3.00,4.00,5.00,1.00,2.00,2.00,15.00,6.00,4.00,1.00,4.00,11.00,56.00,9.00,10.00,31.00,63.00,206.00,140.00,23.00,3.00,9.00,7.00,9.00,14.00,18.00,70.00,34.00,60.00,24.00,0.00,0.00,0.00,2.00,0.00,0.00,0.00,0.00,0.00,0.00,1.00,0.00,0.00,1.00,0.00,0.00,0.00,0.00,0.00,1.00,0.00,3.00,0.00,4.00,2.00,9.00,2.00,0.00,15.00,2.00,21.00,38.00,61.00,15.00,4.00,9.00,7.00,6.00,8.00,22.00,6.00,15.00,13.00,5.00,10.00,8.00,3.00,5.00,4.00,2.00,3.00,1.00,14.00,5.00,16.00,4.00,4.00,4.00,1.00,1.00,54.00,17.00,5.00
1041,43.00,2.00,2.00,7.00,10.00,2.00,137.00,319.00,4.00,2.00,0.00,2.00,0.00,0.00,1.00,0.00,0.00,1.00,1.00,31.00,0.00,6.00,1.00,0.00,1.00,0.00,1.00,4.00,3.00,1.00,3.00,1.00,1.00,8.00,4.00,4.00,2.00,5.00,12.00,36.00,9.00,8.00,26.00,58.00,249.00,121.00,80.00,7.00,15.00,0.00,0.00,3.00,1.00,57.00,4.00,58.00,23.00,0.00,1.00,1.00,0.00,0.00,0.00,1.00,0.00,2.00,0.00,1.00,0.00,0.00,0.00,1.00,1.00,0.00,0.00,0.00,4.00,1.00,2.00,2.00,1.00,1.00,10.00,7.00,1.00,8.00,4.00,12.00,34.00,42.00,18.00,7.00,8.00,4.00,4.00,6.00,29.00,4.00,8.00,7.00,4.00,10.00,11.00,6.00,2.00,2.00,2.00,9.00,4.00,13.00,8.00,30.00,2.00,6.00,4.00,4.00,1.00,79.00,15.00,7.00
1042,44.00,2.00,1.00,6.00,8.00,5.00,146.00,335.00,3.00,1.00,0.00,1.00,2.00,3.00,3.00,1.00,0.00,0.00,2.00,20.00,0.00,2.00,1.00,1.00,3.00,0.00,5.00,3.00,4.00,5.00,1.00,4.00,2.00,12.00,4.00,4.00,4.00,3.00,8.00,57.00,5.00,8.00,24.00,67.00,220.00,126.00,98.00,9.00,8.00,1.00,4.00,6.00,6.00,68.00,13.00,83.00,26.00,0.00,0.00,2.00,0.00,0.00,0.00,1.00,0.00,0.00,1.00,2.00,0.00,0.00,2.00,0.00,0.00,0.00,0.00,0.00,1.00,1.00,5.00,1.00,2.00,0.00,7.00,0.00,0.00,10.00,1.00,13.00,41.00,64.00,14.00,7.00,10.00,6.00,5.00,8.00,21.00,11.00,6.00,10.00,4.00,8.00,6.00,7.00,1.00,5.00,0.00,9.00,3.00,24.00,8.00,34.00,3.00,3.00,5.00,4.00,2.00,84.00,10.00,2.00
1043,25.00,2.00,1.00,4.00,7.00,2.00,154.00,330.00,2.00,2.00,0.00,1.00,1.00,3.00,4.00,0.00,0.00,0.00,1.00,1.00,0.00,1.00,0.00,0.00,1.00,1.00,4.00,4.00,1.00,3.00,1.00,2.00,2.00,7.00,5.00,3.00,1.00,4.00,5.00,34.00,3.00,11.00,21.00,51.00,121.00,87.00,75.00,12.00,12.00,4.00,4.00,2.00,1.00,23.00,4.00,25.00,12.00,0.00,1.00,0.00,0.00,1.00,1.00,0.00,0.00,0.00,0.00,0.00,0.00,0.00,0.00,0.00,0.00,1.00,0.00,0.00,0.00,0.00,1.00,0.00,0.00,1.00,2.00,1.00,0.00,9.00,0.00,5.00,25.00,35.00,7.00,8.00,4.00,5.00,6.00,6.00,15.00,8.00,5.00,6.00,3.00,5.00,6.00,5.00,4.00,0.00,1.00,6.00,7.00,18.00,1.00,42.00,4.00,6.00,2.00,3.00,1.00,52.00,13.00,8.00
1044,12.00,1.00,1.00,0.00,3.00,1.00,78.00,212.00,1.00,0.00,0.00,0.00,1.00,1.00,0.00,0.00,0.00,0.00,0.00,1.00,0.00,0.00,1.00,1.00,0.00,0.00,1.00,2.00,0.00,0.00,2.00,0.00,1.00,3.00,0.00,0.00,0.00,1.00,1.00,15.00,0.00,4.00,16.00,17.00,61.00,50.00,58.00,13.00,13.00,1.00,4.00,2.00,0.00,8.00,1.00,5.00,3.00,0.00,0.00,0.00,0.00,0.00,0.00,0.00,0.00,0.00,0.00,0.00,0.00,0.00,0.00,0.00,0.00,0.00,0.00,0.00,0.00,2.00,0.00,0.00,0.00,0.00,1.00,0.00,0.00,4.00,0.00,3.00,18.00,20.00,4.00,5.00,1.00,4.00,1.00,4.00,16.00,1.00,3.00,4.00,1.00,2.00,1.00,2.00,0.00,0.00,0.00,2.00,1.00,11.00,6.00,27.00,2.00,1.00,4.00,1.00,1.00,21.00,8.00,3.00
1045,18.00,1.00,0.00,2.00,4.00,0.00,142.00,359.00,0.00,0.00,0.00,1.00,0.00,1.00,0.00,0.00,0.00,0.00,1.00,2.00,0.00,0.00,0.00,0.00,0.00,0.00,1.00,2.00,1.00,0.00,2.00,2.00,1.00,2.00,1.00,0.00,1.00,2.00,3.00,23.00,4.00,3.00,17.00,22.00,58.00,45.00,79.00,19.00,37.00,27.00,34.00,14.00,3.00,7.00,1.00,4.00,4.00,0.00,0.00,0.00,0.00,1.00,0.00,0.00,0.00,0.00,0.00,0.00,0.00,0.00,0.00,0.00,0.00,0.00,0.00,0.00,1.00,0.00,0.00,0.00,0.00,1.00,1.00,0.00,0.00,3.00,1.00,2.00,10.00,16.00,5.00,1.00,1.00,2.00,5.00,8.00,15.00,4.00,3.00,8.00,3.00,6.00,3.00,5.00,2.00,0.00,1.00,11.00,2.00,23.00,1.00,30.00,2.00,4.00,1.00,1.00,0.00,31.00,11.00,4.00
1046,22.00,2.00,1.00,3.00,3.00,1.00,265.00,560.00,2.00,1.00,0.00,1.00,2.00,1.00,1.00,0.00,0.00,0.00,0.00,2.00,1.00,1.00,0.00,0.00,0.00,0.00,0.00,1.00,0.00,1.00,0.00,2.00,2.00,7.00,5.00,0.00,1.00,4.00,4.00,25.00,4.00,6.00,21.00,29.00,61.00,53.00,105.00,28.00,35.00,5.00,11.00,4.00,1.00,2.00,0.00,3.00,1.00,1.00,0.00,0.00,0.00,0.00,1.00,0.00,0.00,0.00,0.00,0.00,0.00,0.00,0.00,1.00,0.00,0.00,0.00,0.00,0.00,0.00,0.00,1.00,0.00,3.00,2.00,0.00,0.00,1.00,0.00,6.00,15.00,17.00,7.00,2.00,6.00,3.00,7.00,5.00,14.00,6.00,15.00,11.00,5.00,6.00,8.00,4.00,5.00,1.00,1.00,10.00,3.00,21.00,3.00,48.00,2.00,5.00,5.00,3.00,1.00,63.00,10.00,8.00
1047,8.00,1.00,0.00,0.00,1.00,1.00,44.00,93.00,0.00,0.00,0.00,0.00,0.00,1.00,0.00,0.00,1.00,0.00,0.00,0.00,0.00,0.00,0.00,0.00,0.00,1.00,1.00,1.00,0.00,0.00,0.00,0.00,0.00,1.00,0.00,1.00,1.00,0.00,2.00,5.00,2.00,2.00,7.00,8.00,12.00,8.00,7.00,9.00,29.00,20.00,44.00,15.00,6.00,5.00,3.00,6.00,3.00,0.00,0.00,0.00,0.00,0.00,0.00,0.00,0.00,0.00,0.00,0.00,0.00,0.00,0.00,0.00,0.00,0.00,0.00,0.00,0.00,0.00,1.00,0.00,0.00,0.00,1.00,0.00,0.00,0.00,0.00,1.00,1.00,3.00,2.00,0.00,0.00,1.00,0.00,1.00,6.00,0.00,2.00,0.00,0.00,2.00,0.00,1.00,0.00,1.00,0.00,6.00,1.00,10.00,1.00,10.00,0.00,4.00,0.00,1.00,0.00,7.00,4.00,2.00
1048,8.00,0.00,0.00,0.00,0.00,2.00,47.00,150.00,0.00,0.00,0.00,0.00,0.00,0.00,1.00,0.00,0.00,0.00,0.00,0.00,0.00,0.00,0.00,0.00,0.00,1.00,2.00,0.00,0.00,0.00,1.00,0.00,2.00,1.00,1.00,0.00,0.00,1.00,2.00,4.00,1.00,3.00,9.00,8.00,11.00,9.00,11.00,18.00,22.00,11.00,22.00,7.00,2.00,5.00,1.00,5.00,1.00,0.00,0.00,0.00,0.00,0.00,0.00,0.00,0.00,0.00,0.00,1.00,1.00,0.00,0.00,0.00,0.00,0.00,0.00,0.00,1.00,0.00,0.00,0.00,0.00,0.00,1.00,0.00,0.00,1.00,0.00,1.00,2.00,3.00,1.00,2.00,1.00,2.00,1.00,1.00,8.00,0.00,2.00,1.00,0.00,2.00,2.00,1.00,1.00,0.00,0.00,7.00,0.00,5.00,0.00,16.00,1.00,2.00,1.00,0.00,0.00,15.00,4.00,2.00
1049,12.00,2.00,2.00,109.00,68.00,1.00,0.00,0.00,5.00,2.00,8.00,1.00,2.00,4.00,3.00,3.00,1.00,0.00,3.00,0.00,2.00,0.00,0.00,1.00,1.00,0.00,0.00,2.00,1.00,1.00,1.00,0.00,0.00,0.00,0.00,0.00,0.00,0.00,0.00,0.00,0.00,0.00,1.00,0.00,0.00,0.00,0.00,0.00,0.00,0.00,0.00,0.00,2.00,0.00,0.00,0.00,0.00,2.00,77.00,58.00,112.00,41.00,28.00,17.00,7.00,32.00,34.00,42.00,29.00,5.00,17.00,5.00,2.00,6.00,7.00,2.00,4.00,18.00,2.00,7.00,2.00,1.00,1.00,5.00,20.00,0.00,9.00,1.00,0.00,1.00,1.00,0.00,0.00,0.00,0.00,0.00,0.00,0.00,0.00,0.00,0.00,0.00,2.00,0.00,0.00,0.00,0.00,0.00,0.00,0.00,0.00,0.00,0.00,0.00,1.00,0.00,0.00,0.00,0.00,0.00
1050,29.00,4.00,5.00,76.00,54.00,5.00,0.00,1.00,8.00,17.00,52.00,9.00,4.00,13.00,4.00,16.00,2.00,1.00,3.00,4.00,3.00,1.00,1.00,1.00,1.00,0.00,13.00,15.00,4.00,3.00,0.00,4.00,2.00,0.00,1.00,0.00,0.00,3.00,2.00,4.00,0.00,0.00,0.00,0.00,0.00,0.00,0.00,0.00,0.00,1.00,0.00,0.00,0.00,0.00,0.00,1.00,0.00,78.00,190.00,137.00,107.00,44.00,40.00,22.00,15.00,36.00,54.00,62.00,43.00,5.00,18.00,11.00,3.00,9.00,5.00,7.00,8.00,113.00,4.00,40.00,8.00,14.00,3.00,44.00,118.00,3.00,144.00,2.00,0.00,2.00,2.00,3.00,1.00,0.00,1.00,4.00,4.00,1.00,1.00,4.00,1.00,4.00,3.00,3.00,2.00,3.00,1.00,1.00,1.00,1.00,3.00,0.00,1.00,1.00,0.00,2.00,0.00,0.00,2.00,1.00
1051,12.00,2.00,1.00,63.00,48.00,1.00,0.00,0.00,2.00,2.00,8.00,0.00,0.00,5.00,1.00,8.00,1.00,0.00,1.00,0.00,2.00,0.00,0.00,0.00,0.00,0.00,0.00,2.00,0.00,0.00,1.00,0.00,0.00,0.00,1.00,0.00,1.00,1.00,0.00,1.00,0.00,1.00,0.00,0.00,0.00,0.00,0.00,0.00,0.00,1.00,0.00,0.00,0.00,1.00,0.00,1.00,0.00,35.00,81.00,14.00,48.00,56.00,49.00,42.00,14.00,69.00,74.00,89.00,38.00,5.00,22.00,6.00,3.00,7.00,7.00,2.00,0.00,11.00,5.00,3.00,1.00,0.00,2.00,4.00,10.00,1.00,18.00,0.00,0.00,0.00,0.00,0.00,0.00,0.00,0.00,1.00,2.00,0.00,0.00,0.00,0.00,0.00,0.00,3.00,0.00,1.00,0.00,1.00,0.00,0.00,0.00,0.00,1.00,0.00,0.00,0.00,0.00,0.00,1.00,0.00
1052,10.00,1.00,2.00,31.00,27.00,3.00,0.00,0.00,2.00,0.00,18.00,4.00,2.00,6.00,2.00,9.00,3.00,2.00,1.00,0.00,2.00,0.00,1.00,0.00,0.00,0.00,0.00,5.00,0.00,0.00,0.00,0.00,1.00,0.00,0.00,0.00,0.00,0.00,1.00,0.00,0.00,1.00,1.00,0.00,0.00,0.00,0.00,0.00,0.00,0.00,0.00,1.00,0.00,0.00,0.00,0.00,0.00,81.00,81.00,44.00,7.00,22.00,43.00,42.00,16.00,113.00,97.00,140.00,37.00,4.00,39.00,9.00,4.00,10.00,3.00,4.00,3.00,8.00,2.00,3.00,1.00,2.00,1.00,4.00,20.00,0.00,23.00,0.00,0.00,1.00,2.00,1.00,0.00,0.00,0.00,1.00,0.00,1.00,0.00,1.00,0.00,0.00,0.00,2.00,0.00,1.00,0.00,0.00,1.00,0.00,0.00,0.00,0.00,0.00,1.00,0.00,0.00,1.00,1.00,0.00
1053,7.00,1.00,0.00,30.00,39.00,1.00,2.00,0.00,2.00,0.00,11.00,1.00,4.00,4.00,0.00,8.00,1.00,1.00,1.00,0.00,1.00,0.00,0.00,0.00,0.00,0.00,2.00,1.00,1.00,0.00,0.00,1.00,0.00,0.00,0.00,1.00,0.00,0.00,0.00,0.00,0.00,2.00,0.00,0.00,0.00,0.00,0.00,0.00,0.00,0.00,1.00,0.00,0.00,0.00,0.00,0.00,0.00,32.00,36.00,45.00,16.00,21.00,15.00,22.00,23.00,48.00,43.00,95.00,30.00,9.00,31.00,13.00,6.00,17.00,9.00,4.00,1.00,3.00,2.00,3.00,0.00,1.00,0.00,1.00,11.00,1.00,7.00,3.00,0.00,1.00,1.00,1.00,1.00,0.00,0.00,1.00,0.00,0.00,0.00,1.00,0.00,0.00,1.00,2.00,0.00,0.00,0.00,0.00,0.00,0.00,0.00,0.00,0.00,0.00,0.00,0.00,0.00,0.00,0.00,0.00
1054,6.00,2.00,2.00,30.00,40.00,2.00,1.00,1.00,1.00,2.00,9.00,1.00,3.00,5.00,0.00,13.00,1.00,3.00,0.00,0.00,1.00,0.00,0.00,1.00,0.00,0.00,0.00,2.00,0.00,0.00,0.00,1.00,0.00,0.00,0.00,2.00,0.00,0.00,0.00,0.00,1.00,0.00,0.00,1.00,0.00,0.00,1.00,0.00,0.00,0.00,0.00,0.00,0.00,0.00,0.00,1.00,0.00,19.00,14.00,46.00,37.00,13.00,4.00,9.00,17.00,31.00,11.00,73.00,23.00,10.00,41.00,19.00,4.00,15.00,6.00,5.00,2.00,2.00,0.00,0.00,0.00,0.00,1.00,2.00,7.00,0.00,7.00,0.00,0.00,1.00,0.00,0.00,0.00,0.00,2.00,0.00,1.00,0.00,0.00,0.00,0.00,0.00,1.00,0.00,0.00,0.00,1.00,0.00,0.00,0.00,0.00,0.00,0.00,0.00,0.00,0.00,0.00,0.00,0.00,0.00
1055,9.00,3.00,4.00,106.00,139.00,2.00,1.00,0.00,3.00,2.00,26.00,3.00,6.00,6.00,2.00,23.00,8.00,2.00,1.00,0.00,10.00,1.00,1.00,1.00,0.00,0.00,2.00,1.00,2.00,1.00,1.00,0.00,0.00,0.00,0.00,0.00,0.00,0.00,0.00,0.00,0.00,0.00,0.00,0.00,0.00,0.00,0.00,0.00,1.00,0.00,1.00,0.00,0.00,1.00,0.00,0.00,0.00,34.00,37.00,102.00,68.00,19.00,11.00,2.00,59.00,2.00,4.00,18.00,63.00,40.00,54.00,54.00,27.00,67.00,30.00,13.00,2.00,14.00,2.00,0.00,1.00,1.00,0.00,4.00,22.00,0.00,25.00,0.00,0.00,0.00,1.00,0.00,0.00,0.00,0.00,0.00,2.00,1.00,0.00,0.00,0.00,1.00,1.00,1.00,1.00,1.00,0.00,0.00,1.00,0.00,1.00,0.00,0.00,0.00,0.00,0.00,0.00,0.00,0.00,0.00
1056,3.00,1.00,2.00,131.00,136.00,0.00,1.00,0.00,0.00,0.00,4.00,1.00,0.00,0.00,2.00,5.00,1.00,0.00,0.00,1.00,0.00,0.00,0.00,0.00,0.00,0.00,0.00,1.00,0.00,0.00,0.00,0.00,0.00,0.00,0.00,0.00,0.00,0.00,0.00,0.00,0.00,0.00,0.00,0.00,1.00,0.00,0.00,0.00,0.00,0.00,0.00,0.00,0.00,0.00,0.00,0.00,0.00,5.00,8.00,11.00,14.00,23.00,20.00,43.00,29.00,70.00,50.00,147.00,25.00,27.00,43.00,11.00,22.00,17.00,4.00,12.00,0.00,1.00,0.00,0.00,0.00,0.00,0.00,0.00,6.00,0.00,2.00,0.00,0.00,0.00,0.00,0.00,1.00,0.00,0.00,0.00,1.00,0.00,0.00,1.00,0.00,0.00,0.00,0.00,0.00,0.00,0.00,0.00,1.00,0.00,0.00,0.00,0.00,0.00,0.00,0.00,1.00,0.00,1.00,0.00
1057,10.00,1.00,1.00,106.00,177.00,2.00,0.00,0.00,5.00,3.00,48.00,2.00,11.00,8.00,3.00,33.00,8.00,2.00,3.00,1.00,5.00,1.00,0.00,0.00,1.00,0.00,1.00,3.00,1.00,0.00,4.00,1.00,1.00,2.00,2.00,1.00,2.00,0.00,0.00,1.00,0.00,0.00,0.00,0.00,0.00,0.00,0.00,0.00,1.00,0.00,0.00,0.00,0.00,0.00,0.00,2.00,0.00,54.00,40.00,119.00,181.00,64.00,32.00,3.00,94.00,4.00,5.00,26.00,118.00,62.00,121.00,138.00,29.00,91.00,55.00,29.00,2.00,7.00,4.00,2.00,0.00,1.00,1.00,2.00,11.00,2.00,27.00,0.00,0.00,0.00,0.00,0.00,1.00,0.00,2.00,1.00,2.00,1.00,1.00,0.00,0.00,1.00,2.00,3.00,0.00,1.00,2.00,0.00,1.00,1.00,0.00,0.00,0.00,0.00,0.00,0.00,0.00,0.00,2.00,1.00
1058,15.00,3.00,3.00,100.00,175.00,3.00,1.00,0.00,5.00,8.00,47.00,7.00,9.00,15.00,5.00,41.00,8.00,4.00,4.00,0.00,9.00,0.00,0.00,1.00,1.00,0.00,2.00,3.00,0.00,2.00,0.00,1.00,0.00,1.00,0.00,1.00,0.00,0.00,0.00,1.00,1.00,2.00,1.00,0.00,0.00,0.00,0.00,1.00,0.00,0.00,0.00,0.00,0.00,0.00,0.00,1.00,0.00,40.00,47.00,121.00,120.00,33.00,11.00,3.00,72.00,8.00,4.00,50.00,92.00,50.00,101.00,80.00,41.00,66.00,44.00,24.00,0.00,6.00,3.00,1.00,0.00,2.00,0.00,8.00,21.00,0.00,38.00,0.00,0.00,0.00,3.00,2.00,1.00,0.00,3.00,2.00,2.00,1.00,3.00,2.00,1.00,1.00,2.00,3.00,1.00,0.00,0.00,1.00,0.00,0.00,1.00,0.00,2.00,1.00,0.00,0.00,0.00,0.00,1.00,0.00
1059,40.00,8.00,14.00,422.00,505.00,6.00,1.00,5.00,18.00,6.00,105.00,8.00,14.00,27.00,9.00,94.00,14.00,10.00,11.00,4.00,19.00,1.00,4.00,5.00,6.00,8.00,3.00,5.00,1.00,2.00,0.00,5.00,0.00,0.00,4.00,0.00,2.00,2.00,1.00,1.00,0.00,2.00,1.00,0.00,2.00,0.00,1.00,0.00,1.00,0.00,0.00,0.00,1.00,0.00,0.00,0.00,1.00,75.00,113.00,220.00,322.00,164.00,118.00,15.00,244.00,25.00,48.00,76.00,242.00,151.00,323.00,361.00,86.00,276.00,141.00,84.00,1.00,11.00,6.00,3.00,4.00,8.00,2.00,8.00,50.00,1.00,42.00,1.00,3.00,0.00,2.00,4.00,2.00,1.00,6.00,2.00,8.00,7.00,2.00,0.00,3.00,0.00,3.00,6.00,4.00,5.00,0.00,1.00,4.00,1.00,0.00,0.00,1.00,2.00,1.00,0.00,1.00,1.00,5.00,2.00
1060,10.00,2.00,1.00,44.00,73.00,1.00,0.00,0.00,3.00,6.00,44.00,6.00,8.00,10.00,1.00,53.00,8.00,11.00,6.00,1.00,7.00,0.00,1.00,0.00,1.00,2.00,1.00,2.00,0.00,1.00,2.00,1.00,1.00,0.00,0.00,0.00,0.00,0.00,0.00,0.00,0.00,0.00,3.00,0.00,0.00,0.00,0.00,0.00,1.00,0.00,0.00,0.00,0.00,1.00,0.00,0.00,0.00,16.00,29.00,42.00,33.00,40.00,34.00,53.00,31.00,97.00,87.00,164.00,47.00,16.00,73.00,26.00,10.00,45.00,20.00,14.00,0.00,2.00,1.00,3.00,0.00,3.00,1.00,3.00,15.00,1.00,15.00,1.00,0.00,0.00,1.00,0.00,1.00,0.00,1.00,1.00,3.00,1.00,1.00,1.00,1.00,1.00,0.00,1.00,0.00,1.00,0.00,1.00,0.00,1.00,0.00,0.00,1.00,1.00,0.00,1.00,0.00,0.00,2.00,0.00
1061,7.00,2.00,3.00,129.00,442.00,2.00,1.00,0.00,3.00,0.00,1.00,0.00,2.00,0.00,0.00,1.00,0.00,1.00,1.00,1.00,2.00,0.00,0.00,1.00,0.00,1.00,0.00,0.00,0.00,0.00,0.00,0.00,0.00,0.00,0.00,0.00,0.00,0.00,0.00,0.00,0.00,0.00,1.00,0.00,0.00,0.00,0.00,1.00,0.00,0.00,0.00,0.00,0.00,0.00,0.00,0.00,0.00,5.00,4.00,6.00,4.00,16.00,13.00,21.00,26.00,31.00,35.00,71.00,12.00,82.00,46.00,48.00,73.00,38.00,24.00,5.00,0.00,0.00,0.00,0.00,0.00,0.00,0.00,0.00,1.00,0.00,1.00,0.00,0.00,0.00,0.00,0.00,0.00,0.00,0.00,0.00,1.00,1.00,0.00,0.00,0.00,0.00,0.00,0.00,1.00,0.00,0.00,1.00,1.00,0.00,1.00,0.00,0.00,0.00,1.00,0.00,0.00,0.00,0.00,0.00
1062,36.00,4.00,7.00,124.00,275.00,3.00,2.00,1.00,13.00,8.00,64.00,8.00,17.00,22.00,8.00,93.00,17.00,19.00,7.00,2.00,18.00,4.00,2.00,2.00,6.00,5.00,4.00,5.00,2.00,1.00,0.00,7.00,5.00,2.00,1.00,1.00,1.00,2.00,2.00,1.00,0.00,0.00,1.00,0.00,1.00,0.00,0.00,0.00,0.00,0.00,1.00,0.00,0.00,2.00,0.00,1.00,0.00,17.00,16.00,34.00,65.00,56.00,66.00,43.00,75.00,109.00,82.00,217.00,77.00,55.00,135.00,72.00,47.00,132.00,95.00,49.00,0.00,4.00,1.00,3.00,2.00,2.00,3.00,5.00,8.00,0.00,25.00,0.00,0.00,4.00,2.00,1.00,1.00,1.00,2.00,2.00,4.00,3.00,2.00,3.00,2.00,3.00,6.00,6.00,2.00,4.00,2.00,3.00,5.00,1.00,1.00,0.00,2.00,1.00,0.00,2.00,0.00,0.00,1.00,0.00
1063,4.00,1.00,2.00,45.00,260.00,0.00,0.00,0.00,2.00,0.00,3.00,1.00,0.00,2.00,2.00,2.00,0.00,0.00,0.00,0.00,1.00,0.00,0.00,0.00,0.00,0.00,3.00,1.00,0.00,0.00,0.00,0.00,0.00,1.00,0.00,0.00,0.00,0.00,0.00,0.00,0.00,1.00,0.00,0.00,0.00,0.00,0.00,0.00,1.00,0.00,0.00,0.00,0.00,0.00,0.00,0.00,0.00,7.00,2.00,5.00,11.00,11.00,14.00,24.00,11.00,72.00,43.00,143.00,15.00,50.00,47.00,11.00,29.00,35.00,17.00,8.00,0.00,0.00,1.00,0.00,1.00,0.00,0.00,0.00,1.00,0.00,0.00,0.00,1.00,0.00,0.00,0.00,0.00,0.00,0.00,0.00,1.00,0.00,1.00,0.00,0.00,0.00,1.00,3.00,0.00,1.00,0.00,1.00,0.00,0.00,0.00,0.00,0.00,0.00,0.00,0.00,1.00,0.00,0.00,0.00
1064,16.00,1.00,2.00,81.00,723.00,3.00,0.00,0.00,10.00,0.00,1.00,0.00,0.00,1.00,0.00,2.00,1.00,0.00,1.00,0.00,1.00,0.00,0.00,0.00,0.00,0.00,0.00,1.00,0.00,0.00,0.00,0.00,0.00,0.00,0.00,0.00,0.00,0.00,0.00,0.00,0.00,0.00,0.00,0.00,0.00,0.00,0.00,0.00,0.00,0.00,0.00,0.00,0.00,0.00,0.00,1.00,0.00,4.00,2.00,3.00,5.00,8.00,5.00,6.00,19.00,18.00,23.00,42.00,10.00,57.00,31.00,25.00,57.00,55.00,32.00,12.00,0.00,0.00,0.00,0.00,0.00,0.00,0.00,0.00,1.00,0.00,0.00,0.00,0.00,0.00,0.00,0.00,0.00,0.00,0.00,1.00,0.00,0.00,0.00,0.00,0.00,0.00,0.00,2.00,0.00,0.00,1.00,0.00,0.00,1.00,0.00,0.00,1.00,0.00,0.00,0.00,1.00,0.00,0.00,0.00
1065,29.00,2.00,1.00,33.00,268.00,4.00,1.00,2.00,19.00,2.00,29.00,6.00,4.00,9.00,7.00,31.00,5.00,4.00,2.00,1.00,27.00,3.00,2.00,3.00,2.00,3.00,0.00,2.00,0.00,0.00,0.00,0.00,1.00,0.00,1.00,0.00,0.00,0.00,1.00,0.00,0.00,0.00,0.00,0.00,0.00,0.00,0.00,0.00,0.00,1.00,0.00,0.00,0.00,0.00,0.00,0.00,0.00,10.00,2.00,11.00,15.00,15.00,17.00,23.00,28.00,66.00,54.00,147.00,41.00,47.00,90.00,46.00,61.00,1.00,55.00,122.00,1.00,1.00,0.00,1.00,0.00,0.00,0.00,0.00,2.00,1.00,2.00,0.00,0.00,0.00,0.00,0.00,0.00,0.00,1.00,0.00,1.00,0.00,1.00,1.00,0.00,2.00,5.00,2.00,0.00,1.00,1.00,1.00,1.00,1.00,1.00,0.00,5.00,0.00,0.00,1.00,1.00,0.00,1.00,1.00
1066,39.00,1.00,2.00,40.00,222.00,2.00,0.00,1.00,37.00,3.00,27.00,6.00,7.00,11.00,3.00,37.00,8.00,3.00,7.00,2.00,24.00,0.00,7.00,5.00,5.00,3.00,0.00,5.00,0.00,0.00,0.00,1.00,0.00,0.00,0.00,1.00,0.00,4.00,0.00,1.00,0.00,0.00,1.00,0.00,0.00,0.00,0.00,0.00,0.00,0.00,1.00,0.00,0.00,0.00,0.00,1.00,0.00,2.00,5.00,5.00,8.00,19.00,12.00,22.00,9.00,39.00,40.00,74.00,23.00,28.00,70.00,29.00,45.00,97.00,38.00,45.00,0.00,1.00,1.00,1.00,0.00,0.00,0.00,3.00,6.00,0.00,2.00,1.00,1.00,0.00,1.00,2.00,1.00,1.00,1.00,1.00,1.00,0.00,0.00,0.00,2.00,1.00,1.00,3.00,2.00,2.00,0.00,0.00,2.00,0.00,0.00,0.00,1.00,0.00,0.00,0.00,3.00,0.00,0.00,0.00
1067,88.00,5.00,3.00,26.00,158.00,5.00,2.00,0.00,321.00,4.00,17.00,1.00,10.00,6.00,3.00,45.00,21.00,16.00,22.00,12.00,103.00,3.00,9.00,42.00,55.00,41.00,0.00,1.00,0.00,2.00,0.00,2.00,1.00,0.00,0.00,0.00,0.00,1.00,0.00,0.00,0.00,1.00,0.00,0.00,0.00,0.00,0.00,1.00,0.00,0.00,0.00,0.00,0.00,0.00,0.00,0.00,1.00,0.00,1.00,3.00,6.00,7.00,9.00,16.00,10.00,16.00,18.00,58.00,16.00,14.00,52.00,15.00,15.00,117.00,48.00,61.00,0.00,0.00,2.00,1.00,0.00,0.00,0.00,3.00,1.00,0.00,1.00,0.00,0.00,0.00,3.00,2.00,0.00,0.00,1.00,2.00,3.00,1.00,1.00,1.00,0.00,2.00,3.00,4.00,0.00,2.00,1.00,0.00,2.00,0.00,1.00,0.00,1.00,1.00,2.00,4.00,3.00,0.00,3.00,0.00
1068,13.00,1.00,3.00,11.00,14.00,1.00,2.00,3.00,3.00,3.00,2.00,1.00,2.00,5.00,1.00,2.00,3.00,0.00,1.00,2.00,0.00,1.00,0.00,0.00,1.00,1.00,61.00,15.00,8.00,13.00,2.00,1.00,3.00,4.00,3.00,4.00,3.00,1.00,5.00,1.00,5.00,0.00,1.00,3.00,2.00,2.00,1.00,1.00,2.00,1.00,1.00,1.00,1.00,0.00,2.00,0.00,0.00,5.00,11.00,6.00,3.00,1.00,1.00,1.00,0.00,0.00,3.00,5.00,1.00,0.00,2.00,1.00,1.00,0.00,0.00,0.00,1.00,37.00,139.00,135.00,39.00,61.00,41.00,30.00,16.00,72.00,18.00,31.00,6.00,5.00,9.00,5.00,3.00,3.00,2.00,4.00,16.00,2.00,6.00,4.00,2.00,4.00,4.00,5.00,2.00,1.00,1.00,2.00,1.00,0.00,0.00,1.00,1.00,1.00,0.00,0.00,0.00,1.00,11.00,3.00
1069,20.00,4.00,1.00,25.00,17.00,5.00,1.00,0.00,2.00,16.00,24.00,4.00,4.00,11.00,3.00,8.00,3.00,1.00,2.00,0.00,1.00,0.00,2.00,0.00,0.00,1.00,4.00,17.00,1.00,6.00,1.00,2.00,3.00,1.00,0.00,1.00,1.00,3.00,0.00,1.00,2.00,3.00,2.00,0.00,1.00,1.00,1.00,0.00,0.00,1.00,0.00,1.00,0.00,0.00,0.00,0.00,2.00,24.00,128.00,30.00,13.00,4.00,2.00,1.00,1.00,3.00,6.00,7.00,5.00,0.00,3.00,1.00,1.00,3.00,3.00,3.00,35.00,25.00,30.00,87.00,21.00,42.00,15.00,58.00,57.00,10.00,176.00,6.00,3.00,2.00,2.00,0.00,1.00,1.00,2.00,1.00,7.00,1.00,3.00,1.00,2.00,0.00,2.00,4.00,1.00,2.00,1.00,1.00,1.00,1.00,2.00,0.00,0.00,0.00,0.00,1.00,1.00,0.00,4.00,0.00
1070,23.00,4.00,2.00,13.00,19.00,2.00,4.00,4.00,2.00,5.00,7.00,5.00,4.00,8.00,3.00,3.00,2.00,0.00,1.00,1.00,2.00,1.00,2.00,1.00,1.00,1.00,94.00,28.00,9.00,33.00,9.00,9.00,9.00,10.00,3.00,8.00,9.00,4.00,10.00,2.00,2.00,3.00,3.00,1.00,6.00,4.00,5.00,3.00,5.00,2.00,1.00,2.00,2.00,1.00,1.00,1.00,3.00,3.00,8.00,5.00,1.00,2.00,2.00,0.00,0.00,1.00,3.00,3.00,1.00,0.00,1.00,0.00,0.00,0.00,1.00,0.00,134.00,18.00,0.00,131.00,46.00,101.00,157.00,28.00,13.00,267.00,14.00,57.00,20.00,13.00,18.00,13.00,10.00,5.00,4.00,6.00,22.00,5.00,9.00,13.00,5.00,3.00,9.00,7.00,2.00,2.00,2.00,5.00,3.00,2.00,2.00,3.00,4.00,1.00,1.00,1.00,2.00,1.00,16.00,4.00
1071,16.00,2.00,3.00,14.00,16.00,5.00,4.00,5.00,4.00,16.00,16.00,9.00,4.00,15.00,5.00,6.00,4.00,2.00,2.00,1.00,1.00,1.00,1.00,0.00,0.00,2.00,49.00,52.00,5.00,19.00,6.00,8.00,9.00,5.00,1.00,1.00,5.00,4.00,4.00,2.00,1.00,5.00,2.00,1.00,2.00,3.00,0.00,1.00,1.00,6.00,5.00,4.00,3.00,0.00,0.00,0.00,0.00,10.00,58.00,12.00,7.00,4.00,2.00,1.00,1.00,4.00,4.00,4.00,5.00,0.00,1.00,0.00,0.00,3.00,1.00,1.00,178.00,111.00,154.00,10.00,111.00,51.00,29.00,67.00,123.00,47.00,114.00,20.00,3.00,4.00,11.00,6.00,5.00,2.00,3.00,9.00,8.00,3.00,5.00,2.00,2.00,6.00,5.00,8.00,3.00,3.00,0.00,4.00,2.00,1.00,5.00,1.00,2.00,1.00,1.00,1.00,0.00,0.00,8.00,3.00
1072,9.00,2.00,1.00,8.00,7.00,0.00,2.00,3.00,0.00,4.00,2.00,1.00,1.00,0.00,3.00,2.00,0.00,0.00,2.00,1.00,0.00,1.00,0.00,0.00,0.00,1.00,50.00,17.00,4.00,16.00,1.00,5.00,3.00,8.00,3.00,4.00,5.00,1.00,5.00,5.00,1.00,1.00,2.00,0.00,3.00,2.00,2.00,1.00,3.00,1.00,2.00,4.00,2.00,1.00,1.00,2.00,2.00,3.00,7.00,2.00,1.00,4.00,0.00,0.00,0.00,0.00,0.00,1.00,1.00,0.00,0.00,0.00,0.00,0.00,1.00,1.00,30.00,15.00,30.00,71.00,24.00,66.00,54.00,15.00,11.00,65.00,8.00,39.00,11.00,5.00,12.00,6.00,2.00,3.00,2.00,2.00,11.00,1.00,5.00,2.00,2.00,1.00,1.00,3.00,0.00,2.00,0.00,2.00,2.00,0.00,1.00,0.00,0.00,0.00,0.00,0.00,0.00,0.00,9.00,1.00
1073,10.00,2.00,0.00,8.00,6.00,2.00,3.00,7.00,0.00,11.00,2.00,3.00,4.00,9.00,4.00,2.00,1.00,1.00,2.00,3.00,1.00,1.00,0.00,0.00,1.00,0.00,44.00,44.00,12.00,26.00,8.00,6.00,9.00,5.00,10.00,9.00,10.00,2.00,11.00,2.00,4.00,3.00,1.00,1.00,3.00,3.00,1.00,1.00,6.00,2.00,1.00,1.00,1.00,0.00,2.00,1.00,0.00,2.00,11.00,3.00,1.00,2.00,1.00,0.00,1.00,0.00,0.00,1.00,2.00,0.00,1.00,0.00,0.00,1.00,0.00,0.00,60.00,35.00,97.00,38.00,72.00,36.00,32.00,36.00,22.00,42.00,40.00,22.00,5.00,9.00,33.00,11.00,8.00,6.00,5.00,8.00,31.00,2.00,9.00,4.00,3.00,2.00,9.00,7.00,6.00,2.00,0.00,5.00,2.00,2.00,2.00,1.00,2.00,0.00,0.00,0.00,1.00,0.00,12.00,2.00
1074,8.00,1.00,0.00,2.00,4.00,2.00,7.00,14.00,1.00,2.00,0.00,1.00,0.00,2.00,0.00,0.00,0.00,0.00,1.00,0.00,0.00,0.00,0.00,0.00,1.00,0.00,36.00,8.00,13.00,15.00,4.00,3.00,4.00,13.00,9.00,1.00,6.00,6.00,4.00,6.00,3.00,3.00,4.00,7.00,6.00,8.00,6.00,1.00,2.00,3.00,3.00,4.00,6.00,4.00,2.00,3.00,4.00,1.00,0.00,0.00,0.00,0.00,1.00,0.00,0.00,1.00,2.00,2.00,0.00,0.00,1.00,0.00,1.00,1.00,0.00,0.00,26.00,1.00,89.00,14.00,41.00,21.00,16.00,2.00,1.00,21.00,2.00,39.00,33.00,21.00,10.00,2.00,2.00,9.00,2.00,1.00,15.00,3.00,2.00,3.00,1.00,7.00,2.00,5.00,1.00,1.00,0.00,4.00,2.00,2.00,2.00,2.00,2.00,0.00,0.00,0.00,2.00,1.00,11.00,4.00
1075,4.00,2.00,2.00,5.00,5.00,1.00,1.00,1.00,1.00,28.00,20.00,10.00,8.00,27.00,11.00,5.00,4.00,1.00,1.00,1.00,0.00,0.00,1.00,0.00,1.00,0.00,24.00,38.00,5.00,14.00,1.00,8.00,6.00,3.00,2.00,3.00,1.00,1.00,1.00,1.00,2.00,3.00,2.00,1.00,0.00,0.00,0.00,0.00,1.00,5.00,6.00,0.00,1.00,0.00,0.00,3.00,0.00,5.00,17.00,7.00,4.00,6.00,2.00,3.00,1.00,4.00,5.00,5.00,5.00,0.00,2.00,2.00,0.00,1.00,1.00,0.00,25.00,34.00,21.00,40.00,18.00,33.00,4.00,22.00,43.00,20.00,91.00,6.00,2.00,3.00,14.00,8.00,4.00,4.00,5.00,2.00,17.00,3.00,5.00,1.00,2.00,4.00,3.00,11.00,1.00,4.00,0.00,1.00,4.00,3.00,1.00,1.00,2.00,0.00,0.00,0.00,0.00,0.00,8.00,1.00
1076,16.00,2.00,2.00,19.00,19.00,4.00,2.00,1.00,3.00,27.00,34.00,14.00,9.00,40.00,4.00,14.00,5.00,3.00,5.00,1.00,2.00,0.00,0.00,1.00,0.00,1.00,8.00,25.00,2.00,2.00,0.00,4.00,1.00,0.00,5.00,0.00,2.00,2.00,1.00,1.00,1.00,0.00,3.00,2.00,1.00,1.00,2.00,0.00,0.00,0.00,0.00,1.00,0.00,1.00,0.00,0.00,1.00,24.00,126.00,30.00,19.00,9.00,10.00,12.00,4.00,11.00,12.00,35.00,23.00,1.00,11.00,5.00,1.00,3.00,3.00,3.00,16.00,43.00,19.00,75.00,12.00,28.00,7.00,47.00,58.00,9.00,105.00,5.00,1.00,2.00,7.00,3.00,2.00,1.00,4.00,4.00,5.00,3.00,5.00,2.00,2.00,4.00,4.00,2.00,1.00,2.00,0.00,1.00,0.00,2.00,2.00,0.00,0.00,0.00,1.00,2.00,0.00,0.00,2.00,1.00
1077,20.00,4.00,2.00,6.00,3.00,2.00,4.00,9.00,2.00,2.00,0.00,1.00,2.00,4.00,2.00,0.00,1.00,0.00,1.00,4.00,0.00,0.00,1.00,0.00,0.00,0.00,86.00,24.00,70.00,48.00,26.00,12.00,9.00,52.00,25.00,8.00,16.00,13.00,28.00,14.00,8.00,7.00,12.00,15.00,24.00,32.00,11.00,5.00,5.00,3.00,9.00,3.00,8.00,4.00,3.00,1.00,1.00,0.00,0.00,0.00,1.00,0.00,0.00,1.00,0.00,0.00,0.00,0.00,1.00,0.00,0.00,0.00,0.00,1.00,0.00,0.00,55.00,3.00,174.00,20.00,83.00,40.00,22.00,14.00,2.00,20.00,6.00,112.00,147.00,113.00,43.00,17.00,11.00,14.00,8.00,10.00,41.00,5.00,12.00,9.00,3.00,8.00,12.00,6.00,1.00,1.00,0.00,6.00,3.00,3.00,6.00,3.00,2.00,1.00,2.00,2.00,0.00,1.00,29.00,7.00
1078,22.00,4.00,3.00,20.00,40.00,2.00,5.00,5.00,7.00,86.00,86.00,40.00,35.00,89.00,25.00,25.00,12.00,9.00,5.00,2.00,4.00,0.00,3.00,1.00,3.00,1.00,8.00,91.00,3.00,9.00,3.00,25.00,13.00,3.00,4.00,9.00,6.00,5.00,5.00,0.00,1.00,5.00,5.00,3.00,0.00,0.00,1.00,0.00,1.00,0.00,1.00,2.00,1.00,2.00,1.00,0.00,0.00,11.00,193.00,27.00,23.00,16.00,13.00,15.00,7.00,23.00,21.00,37.00,37.00,2.00,19.00,6.00,2.00,4.00,3.00,4.00,26.00,203.00,20.00,99.00,15.00,79.00,8.00,128.00,89.00,8.00,1.00,5.00,2.00,4.00,12.00,4.00,3.00,4.00,7.00,4.00,15.00,9.00,9.00,11.00,7.00,4.00,12.00,14.00,2.00,19.00,5.00,2.00,5.00,1.00,4.00,1.00,3.00,1.00,1.00,2.00,0.00,1.00,15.00,8.00
1079,14.00,2.00,1.00,4.00,6.00,1.00,11.00,15.00,1.00,5.00,0.00,3.00,5.00,5.00,2.00,0.00,2.00,0.00,1.00,2.00,0.00,3.00,1.00,1.00,0.00,1.00,43.00,16.00,25.00,25.00,18.00,11.00,6.00,30.00,20.00,8.00,11.00,17.00,50.00,22.00,9.00,11.00,11.00,7.00,19.00,25.00,9.00,4.00,6.00,4.00,9.00,6.00,2.00,9.00,4.00,1.00,2.00,0.00,1.00,1.00,0.00,0.00,0.00,1.00,0.00,0.00,0.00,3.00,0.00,0.00,1.00,0.00,0.00,1.00,0.00,1.00,30.00,3.00,57.00,17.00,46.00,23.00,52.00,4.00,2.00,107.00,4.00,46.00,35.00,56.00,55.00,17.00,15.00,13.00,12.00,14.00,51.00,8.00,13.00,8.00,3.00,9.00,8.00,7.00,2.00,1.00,0.00,7.00,6.00,5.00,2.00,1.00,4.00,1.00,2.00,0.00,0.00,4.00,32.00,10.00
1080,11.00,0.00,1.00,4.00,3.00,2.00,5.00,6.00,2.00,4.00,5.00,0.00,1.00,1.00,1.00,1.00,0.00,0.00,1.00,1.00,0.00,3.00,0.00,0.00,0.00,0.00,14.00,6.00,21.00,11.00,8.00,4.00,3.00,36.00,5.00,5.00,5.00,12.00,20.00,26.00,6.00,11.00,14.00,26.00,44.00,73.00,18.00,10.00,20.00,14.00,21.00,11.00,6.00,6.00,5.00,3.00,6.00,0.00,1.00,0.00,0.00,0.00,0.00,0.00,0.00,0.00,0.00,0.00,0.00,1.00,0.00,0.00,0.00,0.00,0.00,0.00,5.00,2.00,20.00,7.00,9.00,8.00,33.00,1.00,0.00,117.00,0.00,49.00,35.00,87.00,16.00,4.00,14.00,8.00,3.00,5.00,18.00,3.00,4.00,4.00,2.00,5.00,3.00,5.00,3.00,1.00,0.00,3.00,1.00,4.00,3.00,2.00,2.00,1.00,1.00,0.00,2.00,1.00,15.00,6.00
1081,28.00,3.00,1.00,6.00,9.00,3.00,11.00,17.00,4.00,2.00,2.00,2.00,1.00,5.00,3.00,3.00,1.00,1.00,2.00,8.00,0.00,2.00,3.00,1.00,1.00,0.00,23.00,14.00,29.00,25.00,18.00,7.00,7.00,31.00,22.00,5.00,8.00,17.00,54.00,30.00,19.00,22.00,28.00,29.00,53.00,39.00,37.00,19.00,37.00,29.00,32.00,16.00,9.00,9.00,11.00,8.00,10.00,1.00,2.00,3.00,0.00,0.00,0.00,0.00,0.00,0.00,0.00,0.00,0.00,0.00,1.00,0.00,0.00,0.00,0.00,0.00,10.00,2.00,16.00,4.00,7.00,12.00,51.00,0.00,1.00,109.00,3.00,58.00,85.00,53.00,40.00,13.00,18.00,20.00,8.00,6.00,48.00,5.00,12.00,12.00,4.00,6.00,10.00,13.00,4.00,1.00,1.00,9.00,6.00,10.00,8.00,4.00,7.00,5.00,0.00,1.00,2.00,9.00,28.00,6.00
1082,67.00,6.00,13.00,11.00,22.00,6.00,62.00,61.00,7.00,32.00,13.00,20.00,28.00,48.00,21.00,9.00,6.00,13.00,15.00,35.00,4.00,13.00,4.00,3.00,7.00,4.00,161.00,128.00,87.00,167.00,52.00,158.00,98.00,131.00,19.00,45.00,15.00,33.00,67.00,88.00,105.00,73.00,79.00,40.00,17.00,24.00,13.00,7.00,11.00,21.00,13.00,11.00,12.00,12.00,15.00,5.00,7.00,1.00,3.00,1.00,2.00,1.00,1.00,1.00,3.00,1.00,2.00,4.00,0.00,1.00,1.00,1.00,1.00,2.00,0.00,0.00,16.00,3.00,31.00,15.00,30.00,88.00,28.00,40.00,10.00,139.00,14.00,109.00,35.00,83.00,58.00,34.00,41.00,110.00,97.00,76.00,126.00,47.00,115.00,81.00,55.00,124.00,124.00,105.00,56.00,31.00,34.00,73.00,68.00,59.00,68.00,7.00,48.00,33.00,11.00,13.00,10.00,9.00,94.00,58.00
1083,39.00,3.00,0.00,4.00,8.00,3.00,28.00,18.00,5.00,17.00,8.00,8.00,5.00,21.00,16.00,5.00,3.00,2.00,6.00,25.00,1.00,7.00,1.00,2.00,2.00,2.00,42.00,51.00,29.00,74.00,28.00,94.00,51.00,38.00,24.00,21.00,3.00,28.00,47.00,33.00,43.00,40.00,30.00,13.00,5.00,5.00,2.00,6.00,5.00,3.00,2.00,3.00,5.00,2.00,4.00,5.00,2.00,0.00,3.00,1.00,1.00,1.00,0.00,1.00,0.00,0.00,1.00,1.00,0.00,0.00,2.00,0.00,0.00,0.00,0.00,0.00,5.00,2.00,6.00,4.00,12.00,15.00,10.00,10.00,3.00,32.00,5.00,25.00,5.00,17.00,20.00,2.00,5.00,58.00,47.00,35.00,29.00,8.00,56.00,15.00,19.00,57.00,52.00,72.00,25.00,17.00,16.00,43.00,34.00,24.00,37.00,5.00,31.00,15.00,12.00,4.00,3.00,4.00,28.00,15.00
1084,36.00,1.00,0.00,3.00,5.00,3.00,15.00,11.00,0.00,7.00,1.00,2.00,4.00,13.00,9.00,2.00,1.00,5.00,6.00,7.00,1.00,5.00,2.00,0.00,1.00,1.00,25.00,18.00,31.00,32.00,23.00,35.00,24.00,51.00,11.00,24.00,9.00,20.00,14.00,20.00,8.00,27.00,25.00,12.00,5.00,4.00,3.00,4.00,5.00,4.00,6.00,2.00,2.00,2.00,3.00,3.00,4.00,0.00,2.00,1.00,0.00,0.00,0.00,0.00,0.00,2.00,1.00,1.00,1.00,0.00,1.00,0.00,2.00,2.00,0.00,0.00,6.00,4.00,7.00,4.00,3.00,10.00,7.00,3.00,1.00,20.00,3.00,29.00,7.00,20.00,25.00,5.00,0.00,7.00,35.00,31.00,11.00,7.00,48.00,8.00,21.00,24.00,40.00,43.00,23.00,10.00,8.00,34.00,21.00,31.00,34.00,6.00,16.00,13.00,4.00,2.00,2.00,3.00,6.00,0.00
1085,24.00,1.00,0.00,1.00,5.00,2.00,14.00,21.00,1.00,8.00,1.00,2.00,3.00,10.00,5.00,2.00,2.00,2.00,2.00,8.00,1.00,3.00,2.00,0.00,3.00,0.00,14.00,12.00,20.00,26.00,21.00,27.00,18.00,49.00,11.00,33.00,24.00,8.00,9.00,54.00,5.00,15.00,53.00,17.00,10.00,7.00,1.00,1.00,7.00,5.00,5.00,4.00,5.00,2.00,7.00,2.00,2.00,0.00,1.00,0.00,0.00,0.00,0.00,1.00,1.00,0.00,2.00,0.00,0.00,0.00,0.00,0.00,0.00,0.00,0.00,0.00,2.00,1.00,5.00,3.00,3.00,7.00,9.00,2.00,1.00,6.00,3.00,22.00,5.00,27.00,51.00,34.00,2.00,1.00,28.00,33.00,35.00,12.00,47.00,16.00,18.00,25.00,42.00,24.00,15.00,9.00,7.00,34.00,17.00,25.00,19.00,6.00,17.00,8.00,4.00,4.00,2.00,3.00,10.00,2.00
1086,35.00,2.00,0.00,3.00,12.00,5.00,22.00,12.00,3.00,24.00,10.00,21.00,14.00,51.00,33.00,9.00,15.00,15.00,16.00,35.00,2.00,13.00,2.00,2.00,5.00,3.00,18.00,36.00,17.00,30.00,11.00,23.00,18.00,30.00,19.00,21.00,26.00,17.00,37.00,17.00,22.00,33.00,27.00,9.00,5.00,2.00,5.00,1.00,6.00,4.00,4.00,1.00,2.00,3.00,7.00,1.00,5.00,0.00,0.00,1.00,0.00,2.00,1.00,1.00,0.00,1.00,0.00,2.00,0.00,1.00,1.00,1.00,1.00,4.00,1.00,2.00,6.00,7.00,9.00,4.00,3.00,11.00,6.00,5.00,2.00,23.00,5.00,12.00,5.00,11.00,80.00,46.00,40.00,39.00,3.00,17.00,231.00,30.00,10.00,54.00,10.00,49.00,17.00,49.00,5.00,40.00,38.00,48.00,81.00,28.00,47.00,7.00,33.00,13.00,8.00,7.00,5.00,3.00,94.00,28.00
1087,38.00,2.00,2.00,8.00,15.00,7.00,20.00,12.00,2.00,14.00,6.00,15.00,12.00,20.00,18.00,3.00,4.00,9.00,8.00,19.00,2.00,4.00,7.00,2.00,1.00,3.00,23.00,34.00,14.00,31.00,18.00,43.00,22.00,28.00,21.00,22.00,17.00,24.00,37.00,16.00,19.00,25.00,25.00,9.00,6.00,5.00,8.00,1.00,6.00,3.00,6.00,3.00,1.00,5.00,4.00,4.00,3.00,0.00,0.00,1.00,2.00,1.00,1.00,0.00,0.00,0.00,1.00,0.00,1.00,0.00,2.00,0.00,1.00,0.00,1.00,2.00,6.00,4.00,4.00,8.00,2.00,10.00,2.00,7.00,3.00,11.00,4.00,23.00,5.00,11.00,61.00,37.00,46.00,37.00,16.00,28.00,141.00,26.00,23.00,78.00,9.00,42.00,30.00,61.00,12.00,19.00,22.00,32.00,47.00,23.00,42.00,3.00,24.00,9.00,5.00,7.00,7.00,2.00,87.00,37.00
1088,217.00,7.00,7.00,17.00,46.00,21.00,304.00,167.00,16.00,95.00,34.00,73.00,57.00,132.00,97.00,24.00,31.00,34.00,66.00,107.00,8.00,54.00,21.00,11.00,21.00,16.00,179.00,191.00,161.00,268.00,138.00,379.00,185.00,312.00,176.00,164.00,90.00,141.00,195.00,259.00,103.00,177.00,263.00,98.00,38.00,57.00,49.00,29.00,44.00,50.00,45.00,29.00,35.00,35.00,28.00,32.00,31.00,2.00,12.00,8.00,3.00,4.00,5.00,4.00,2.00,6.00,9.00,12.00,8.00,1.00,6.00,2.00,0.00,7.00,3.00,5.00,45.00,23.00,63.00,34.00,42.00,105.00,53.00,49.00,19.00,118.00,29.00,154.00,54.00,147.00,158.00,40.00,12.00,77.00,434.00,169.00,15.00,26.00,269.00,11.00,84.00,39.00,491.00,389.00,205.00,109.00,141.00,387.00,290.00,277.00,390.00,54.00,261.00,110.00,59.00,54.00,41.00,26.00,10.00,7.00
1089,20.00,1.00,1.00,2.00,6.00,4.00,13.00,10.00,2.00,5.00,4.00,4.00,3.00,8.00,8.00,0.00,4.00,3.00,3.00,11.00,0.00,3.00,1.00,1.00,1.00,0.00,13.00,15.00,9.00,15.00,5.00,28.00,16.00,15.00,11.00,12.00,13.00,14.00,22.00,10.00,16.00,24.00,27.00,7.00,4.00,0.00,3.00,1.00,5.00,3.00,1.00,2.00,1.00,1.00,5.00,1.00,2.00,0.00,1.00,0.00,0.00,0.00,0.00,0.00,0.00,1.00,0.00,1.00,1.00,0.00,1.00,0.00,0.00,0.00,0.00,2.00,1.00,1.00,3.00,2.00,3.00,6.00,1.00,4.00,0.00,5.00,0.00,10.00,1.00,5.00,29.00,13.00,11.00,18.00,29.00,18.00,25.00,10.00,23.00,8.00,6.00,9.00,28.00,36.00,16.00,11.00,11.00,32.00,27.00,16.00,28.00,1.00,23.00,8.00,4.00,4.00,4.00,0.00,16.00,7.00
1090,70.00,2.00,2.00,9.00,25.00,9.00,57.00,27.00,5.00,26.00,12.00,21.00,14.00,44.00,28.00,6.00,11.00,16.00,21.00,35.00,2.00,17.00,10.00,3.00,4.00,4.00,33.00,45.00,21.00,51.00,27.00,56.00,34.00,39.00,29.00,27.00,33.00,29.00,57.00,30.00,33.00,37.00,41.00,13.00,8.00,6.00,9.00,3.00,6.00,4.00,7.00,5.00,4.00,3.00,6.00,5.00,4.00,0.00,1.00,3.00,2.00,1.00,2.00,1.00,1.00,2.00,4.00,3.00,1.00,0.00,5.00,1.00,1.00,1.00,2.00,1.00,10.00,3.00,16.00,8.00,9.00,13.00,16.00,14.00,2.00,35.00,8.00,21.00,11.00,24.00,111.00,67.00,76.00,59.00,4.00,23.00,263.00,37.00,13.00,85.00,12.00,44.00,17.00,61.00,4.00,35.00,54.00,68.00,91.00,43.00,63.00,9.00,57.00,24.00,11.00,12.00,16.00,4.00,160.00,56.00
1091,50.00,2.00,3.00,4.00,8.00,5.00,88.00,34.00,4.00,17.00,8.00,31.00,30.00,49.00,24.00,9.00,13.00,15.00,33.00,33.00,2.00,19.00,12.00,4.00,5.00,4.00,23.00,52.00,27.00,48.00,21.00,67.00,37.00,56.00,35.00,52.00,43.00,30.00,40.00,57.00,31.00,35.00,62.00,23.00,10.00,9.00,8.00,6.00,13.00,12.00,10.00,6.00,8.00,7.00,7.00,2.00,2.00,2.00,2.00,0.00,0.00,2.00,1.00,1.00,1.00,0.00,3.00,3.00,2.00,1.00,0.00,0.00,1.00,1.00,3.00,3.00,9.00,2.00,7.00,5.00,10.00,23.00,7.00,15.00,2.00,27.00,6.00,24.00,13.00,37.00,80.00,29.00,10.00,26.00,78.00,51.00,11.00,9.00,57.00,3.00,11.00,7.00,101.00,86.00,46.00,30.00,42.00,99.00,83.00,72.00,99.00,14.00,76.00,41.00,20.00,21.00,20.00,6.00,8.00,4.00
1092,26.00,3.00,2.00,2.00,5.00,3.00,15.00,5.00,2.00,4.00,2.00,2.00,6.00,9.00,6.00,3.00,4.00,2.00,7.00,13.00,0.00,5.00,1.00,1.00,0.00,2.00,8.00,15.00,5.00,11.00,3.00,25.00,10.00,15.00,14.00,19.00,17.00,7.00,19.00,15.00,11.00,14.00,13.00,3.00,2.00,2.00,0.00,1.00,4.00,5.00,2.00,1.00,1.00,0.00,3.00,1.00,3.00,0.00,0.00,2.00,0.00,0.00,0.00,0.00,1.00,0.00,2.00,1.00,0.00,0.00,0.00,0.00,0.00,1.00,1.00,0.00,0.00,2.00,3.00,1.00,2.00,4.00,4.00,3.00,0.00,7.00,3.00,5.00,6.00,3.00,47.00,22.00,17.00,22.00,11.00,12.00,77.00,5.00,6.00,12.00,3.00,12.00,22.00,46.00,5.00,12.00,21.00,43.00,42.00,14.00,37.00,2.00,38.00,14.00,3.00,6.00,5.00,1.00,48.00,11.00
1093,53.00,3.00,1.00,5.00,8.00,7.00,78.00,38.00,2.00,13.00,14.00,16.00,21.00,42.00,21.00,6.00,8.00,13.00,23.00,42.00,1.00,19.00,10.00,1.00,1.00,3.00,25.00,45.00,21.00,35.00,25.00,73.00,41.00,66.00,33.00,57.00,54.00,40.00,54.00,58.00,39.00,31.00,56.00,28.00,11.00,6.00,9.00,5.00,9.00,8.00,9.00,14.00,6.00,8.00,5.00,3.00,3.00,0.00,2.00,0.00,0.00,1.00,2.00,2.00,1.00,1.00,1.00,1.00,1.00,0.00,0.00,1.00,1.00,0.00,0.00,3.00,2.00,1.00,14.00,2.00,5.00,11.00,10.00,8.00,1.00,34.00,8.00,23.00,11.00,23.00,116.00,56.00,28.00,39.00,60.00,52.00,27.00,11.00,34.00,5.00,11.00,10.00,98.00,86.00,56.00,32.00,52.00,115.00,92.00,77.00,166.00,13.00,113.00,65.00,24.00,22.00,23.00,5.00,13.00,12.00
1094,22.00,1.00,1.00,2.00,11.00,3.00,19.00,13.00,2.00,28.00,8.00,17.00,11.00,37.00,24.00,5.00,9.00,11.00,16.00,22.00,2.00,7.00,3.00,0.00,3.00,2.00,22.00,48.00,20.00,32.00,20.00,13.00,13.00,23.00,23.00,24.00,29.00,14.00,39.00,24.00,25.00,40.00,22.00,8.00,3.00,6.00,5.00,3.00,7.00,3.00,5.00,0.00,2.00,3.00,7.00,6.00,2.00,0.00,2.00,0.00,0.00,0.00,2.00,3.00,0.00,2.00,1.00,2.00,1.00,0.00,2.00,1.00,0.00,1.00,1.00,0.00,2.00,1.00,2.00,3.00,4.00,6.00,4.00,10.00,1.00,19.00,10.00,10.00,8.00,15.00,71.00,45.00,36.00,41.00,17.00,40.00,214.00,34.00,18.00,56.00,19.00,54.00,35.00,66.00,19.00,31.00,15.00,42.00,61.00,26.00,43.00,4.00,25.00,9.00,7.00,1.00,4.00,2.00,101.00,20.00
1095,92.00,3.00,5.00,12.00,27.00,7.00,74.00,32.00,9.00,59.00,27.00,77.00,53.00,122.00,84.00,17.00,40.00,33.00,56.00,96.00,3.00,28.00,14.00,6.00,13.00,5.00,27.00,95.00,29.00,63.00,30.00,101.00,33.00,54.00,51.00,57.00,55.00,30.00,57.00,38.00,34.00,52.00,40.00,21.00,13.00,12.00,9.00,3.00,5.00,6.00,5.00,3.00,12.00,5.00,6.00,6.00,7.00,3.00,5.00,2.00,2.00,4.00,2.00,4.00,0.00,3.00,4.00,8.00,3.00,0.00,5.00,1.00,3.00,1.00,4.00,5.00,9.00,2.00,7.00,9.00,3.00,19.00,5.00,19.00,10.00,26.00,17.00,23.00,12.00,27.00,93.00,75.00,79.00,55.00,40.00,93.00,253.00,85.00,46.00,147.00,40.00,80.00,79.00,128.00,24.00,103.00,99.00,108.00,173.00,65.00,126.00,13.00,120.00,39.00,20.00,17.00,21.00,9.00,123.00,59.00
1096,17.00,1.00,0.00,2.00,8.00,3.00,12.00,5.00,2.00,4.00,3.00,5.00,2.00,8.00,6.00,1.00,3.00,4.00,6.00,21.00,0.00,5.00,4.00,3.00,0.00,2.00,8.00,8.00,4.00,5.00,5.00,12.00,7.00,4.00,11.00,17.00,7.00,4.00,9.00,6.00,7.00,11.00,12.00,4.00,1.00,1.00,2.00,1.00,1.00,2.00,2.00,0.00,1.00,3.00,2.00,1.00,1.00,0.00,0.00,0.00,0.00,0.00,1.00,0.00,0.00,1.00,0.00,1.00,1.00,0.00,0.00,0.00,0.00,0.00,0.00,0.00,0.00,0.00,0.00,1.00,4.00,1.00,2.00,1.00,0.00,4.00,1.00,3.00,4.00,0.00,20.00,20.00,10.00,11.00,4.00,14.00,76.00,13.00,6.00,24.00,4.00,28.00,22.00,26.00,0.00,12.00,44.00,18.00,46.00,11.00,25.00,3.00,31.00,6.00,0.00,4.00,3.00,1.00,34.00,14.00
1097,37.00,2.00,1.00,3.00,10.00,3.00,6.00,3.00,4.00,24.00,23.00,42.00,39.00,108.00,23.00,8.00,31.00,47.00,48.00,63.00,8.00,19.00,13.00,2.00,5.00,2.00,4.00,24.00,3.00,12.00,3.00,18.00,9.00,11.00,4.00,12.00,7.00,4.00,12.00,5.00,2.00,13.00,9.00,5.00,1.00,3.00,3.00,0.00,1.00,8.00,1.00,0.00,4.00,1.00,1.00,1.00,0.00,0.00,1.00,1.00,1.00,2.00,0.00,3.00,1.00,1.00,1.00,5.00,1.00,0.00,2.00,2.00,0.00,0.00,0.00,2.00,2.00,4.00,3.00,2.00,1.00,7.00,9.00,9.00,3.00,4.00,10.00,4.00,1.00,3.00,15.00,16.00,12.00,8.00,28.00,27.00,47.00,10.00,27.00,16.00,11.00,21.00,43.00,76.00,15.00,20.00,20.00,15.00,68.00,5.00,32.00,0.00,26.00,3.00,5.00,3.00,12.00,3.00,17.00,9.00
1098,22.00,0.00,0.00,2.00,6.00,3.00,8.00,7.00,3.00,8.00,4.00,10.00,6.00,24.00,16.00,2.00,7.00,14.00,21.00,76.00,0.00,16.00,11.00,2.00,5.00,6.00,2.00,13.00,3.00,12.00,1.00,16.00,5.00,4.00,7.00,10.00,4.00,7.00,7.00,15.00,6.00,10.00,8.00,1.00,1.00,1.00,1.00,1.00,1.00,3.00,2.00,1.00,0.00,0.00,2.00,0.00,1.00,0.00,0.00,0.00,1.00,0.00,1.00,0.00,0.00,0.00,0.00,0.00,2.00,0.00,0.00,0.00,0.00,3.00,0.00,1.00,0.00,0.00,1.00,0.00,1.00,2.00,2.00,2.00,1.00,0.00,0.00,2.00,2.00,2.00,11.00,11.00,13.00,9.00,40.00,18.00,60.00,18.00,49.00,22.00,19.00,31.00,29.00,43.00,45.00,20.00,1.00,33.00,6.00,12.00,43.00,1.00,37.00,7.00,2.00,9.00,6.00,2.00,24.00,5.00
1099,51.00,1.00,1.00,3.00,9.00,3.00,161.00,52.00,3.00,10.00,4.00,5.00,5.00,13.00,7.00,5.00,6.00,3.00,10.00,24.00,1.00,12.00,2.00,1.00,0.00,2.00,5.00,18.00,9.00,13.00,10.00,28.00,13.00,18.00,20.00,21.00,11.00,20.00,32.00,35.00,30.00,29.00,41.00,16.00,7.00,6.00,5.00,4.00,3.00,4.00,3.00,4.00,4.00,5.00,8.00,8.00,7.00,0.00,0.00,0.00,0.00,0.00,0.00,0.00,0.00,0.00,0.00,0.00,0.00,0.00,0.00,0.00,2.00,0.00,0.00,1.00,2.00,1.00,0.00,1.00,1.00,6.00,1.00,3.00,1.00,13.00,2.00,19.00,9.00,13.00,43.00,28.00,24.00,37.00,36.00,30.00,156.00,23.00,41.00,54.00,25.00,67.00,39.00,72.00,24.00,14.00,26.00,39.00,51.00,29.00,40.00,38.00,56.00,37.00,28.00,12.00,15.00,6.00,89.00,18.00
1100,93.00,5.00,0.00,9.00,29.00,6.00,37.00,26.00,15.00,23.00,10.00,27.00,22.00,44.00,38.00,10.00,18.00,32.00,66.00,203.00,7.00,67.00,30.00,5.00,20.00,9.00,15.00,36.00,8.00,31.00,10.00,52.00,26.00,24.00,22.00,29.00,20.00,16.00,27.00,23.00,22.00,31.00,23.00,8.00,8.00,9.00,6.00,2.00,8.00,9.00,4.00,6.00,4.00,3.00,3.00,4.00,4.00,0.00,1.00,1.00,1.00,1.00,1.00,1.00,0.00,3.00,1.00,0.00,1.00,0.00,4.00,3.00,0.00,3.00,4.00,4.00,3.00,2.00,2.00,3.00,11.00,9.00,2.00,6.00,3.00,16.00,0.00,13.00,6.00,11.00,55.00,32.00,46.00,32.00,86.00,58.00,134.00,35.00,83.00,65.00,41.00,71.00,88.00,110.00,59.00,94.00,4.00,86.00,23.00,30.00,91.00,12.00,97.00,34.00,18.00,30.00,25.00,7.00,60.00,18.00
1101,31.00,2.00,1.00,4.00,4.00,1.00,190.00,86.00,1.00,6.00,1.00,5.00,4.00,7.00,10.00,1.00,1.00,4.00,3.00,5.00,1.00,2.00,1.00,1.00,1.00,2.00,5.00,10.00,7.00,5.00,3.00,12.00,6.00,22.00,6.00,6.00,3.00,10.00,15.00,27.00,15.00,42.00,50.00,27.00,4.00,8.00,7.00,3.00,10.00,7.00,13.00,10.00,8.00,13.00,16.00,15.00,17.00,0.00,0.00,0.00,1.00,1.00,0.00,0.00,0.00,1.00,0.00,0.00,0.00,3.00,1.00,0.00,0.00,0.00,1.00,0.00,0.00,1.00,3.00,0.00,0.00,2.00,1.00,0.00,1.00,13.00,1.00,7.00,5.00,13.00,23.00,19.00,22.00,16.00,16.00,19.00,103.00,21.00,23.00,34.00,20.00,46.00,16.00,37.00,10.00,2.00,6.00,30.00,15.00,26.00,24.00,29.00,21.00,18.00,12.00,7.00,3.00,12.00,61.00,13.00
1102,82.00,5.00,1.00,4.00,8.00,2.00,72.00,22.00,4.00,5.00,4.00,11.00,10.00,28.00,17.00,6.00,7.00,9.00,15.00,89.00,1.00,27.00,8.00,2.00,9.00,2.00,13.00,19.00,11.00,13.00,9.00,27.00,16.00,13.00,14.00,28.00,15.00,12.00,21.00,30.00,30.00,22.00,36.00,9.00,6.00,3.00,2.00,4.00,7.00,5.00,9.00,4.00,1.00,7.00,2.00,2.00,7.00,0.00,1.00,1.00,0.00,0.00,1.00,0.00,0.00,2.00,0.00,1.00,1.00,0.00,1.00,1.00,0.00,1.00,0.00,2.00,1.00,3.00,2.00,1.00,10.00,6.00,1.00,4.00,0.00,9.00,1.00,7.00,1.00,7.00,56.00,38.00,22.00,26.00,42.00,49.00,160.00,36.00,45.00,70.00,30.00,98.00,56.00,67.00,18.00,36.00,36.00,53.00,63.00,27.00,51.00,10.00,99.00,40.00,38.00,28.00,26.00,4.00,79.00,28.00
1103,34.00,0.00,1.00,1.00,3.00,1.00,175.00,192.00,1.00,0.00,1.00,2.00,0.00,1.00,1.00,0.00,1.00,1.00,1.00,3.00,0.00,0.00,0.00,0.00,0.00,0.00,0.00,1.00,1.00,1.00,0.00,2.00,0.00,4.00,1.00,3.00,2.00,2.00,4.00,14.00,2.00,8.00,10.00,10.00,9.00,3.00,8.00,13.00,19.00,18.00,23.00,26.00,19.00,25.00,33.00,9.00,25.00,0.00,1.00,1.00,0.00,0.00,0.00,0.00,0.00,0.00,0.00,1.00,0.00,0.00,1.00,0.00,0.00,0.00,0.00,0.00,0.00,0.00,1.00,0.00,0.00,0.00,0.00,0.00,0.00,0.00,2.00,3.00,2.00,8.00,7.00,3.00,2.00,4.00,2.00,0.00,20.00,0.00,4.00,7.00,3.00,7.00,4.00,4.00,3.00,4.00,0.00,38.00,1.00,23.00,4.00,12.00,6.00,20.00,8.00,12.00,6.00,27.00,11.00,4.00
1104,151.00,3.00,1.00,2.00,8.00,4.00,49.00,10.00,7.00,5.00,5.00,4.00,9.00,27.00,18.00,4.00,12.00,8.00,30.00,83.00,1.00,49.00,31.00,4.00,4.00,7.00,5.00,13.00,4.00,5.00,16.00,20.00,10.00,10.00,15.00,16.00,4.00,12.00,14.00,13.00,12.00,15.00,16.00,7.00,2.00,4.00,0.00,4.00,4.00,7.00,2.00,3.00,3.00,5.00,5.00,3.00,3.00,1.00,2.00,0.00,0.00,0.00,0.00,0.00,0.00,0.00,0.00,1.00,0.00,0.00,0.00,1.00,0.00,0.00,0.00,0.00,0.00,0.00,1.00,2.00,0.00,0.00,2.00,1.00,0.00,2.00,1.00,3.00,3.00,9.00,27.00,27.00,18.00,20.00,37.00,35.00,94.00,29.00,35.00,39.00,29.00,68.00,37.00,80.00,32.00,40.00,33.00,50.00,71.00,23.00,57.00,5.00,74.00,33.00,77.00,75.00,108.00,3.00,50.00,10.00
1105,90.00,0.00,0.00,3.00,1.00,2.00,203.00,52.00,1.00,1.00,1.00,3.00,1.00,1.00,1.00,2.00,0.00,1.00,3.00,9.00,0.00,5.00,4.00,1.00,3.00,0.00,3.00,10.00,1.00,3.00,2.00,8.00,1.00,2.00,2.00,4.00,3.00,2.00,8.00,6.00,3.00,4.00,8.00,5.00,2.00,2.00,4.00,4.00,3.00,7.00,4.00,4.00,2.00,5.00,2.00,4.00,5.00,0.00,0.00,0.00,0.00,0.00,0.00,0.00,0.00,0.00,0.00,0.00,0.00,0.00,0.00,0.00,0.00,0.00,0.00,1.00,0.00,0.00,0.00,3.00,0.00,1.00,0.00,2.00,1.00,2.00,0.00,3.00,2.00,4.00,6.00,9.00,10.00,4.00,10.00,5.00,42.00,4.00,15.00,12.00,9.00,41.00,10.00,11.00,10.00,2.00,10.00,33.00,17.00,18.00,22.00,23.00,22.00,46.00,43.00,37.00,49.00,4.00,29.00,2.00
1106,264.00,1.00,1.00,6.00,8.00,2.00,149.00,38.00,3.00,0.00,2.00,0.00,0.00,4.00,1.00,3.00,3.00,5.00,9.00,12.00,3.00,7.00,12.00,1.00,1.00,3.00,0.00,7.00,1.00,0.00,0.00,4.00,0.00,3.00,3.00,3.00,2.00,1.00,3.00,1.00,2.00,3.00,1.00,1.00,0.00,2.00,3.00,10.00,9.00,11.00,11.00,3.00,4.00,1.00,3.00,3.00,0.00,0.00,0.00,0.00,0.00,0.00,0.00,0.00,0.00,0.00,0.00,0.00,0.00,0.00,0.00,0.00,0.00,0.00,0.00,2.00,0.00,0.00,0.00,0.00,0.00,0.00,1.00,1.00,1.00,1.00,0.00,3.00,0.00,2.00,5.00,7.00,4.00,2.00,8.00,6.00,24.00,2.00,10.00,5.00,2.00,12.00,6.00,7.00,1.00,4.00,6.00,28.00,13.00,9.00,37.00,14.00,71.00,56.00,7.00,38.00,178.00,4.00,14.00,2.00
1107,342.00,2.00,0.00,4.00,6.00,3.00,76.00,15.00,5.00,0.00,1.00,1.00,0.00,4.00,2.00,1.00,1.00,4.00,10.00,30.00,1.00,21.00,36.00,6.00,9.00,8.00,4.00,3.00,1.00,3.00,2.00,4.00,2.00,0.00,2.00,6.00,6.00,1.00,1.00,1.00,1.00,2.00,3.00,4.00,3.00,1.00,3.00,2.00,5.00,3.00,2.00,5.00,3.00,2.00,2.00,0.00,3.00,0.00,0.00,0.00,0.00,0.00,0.00,0.00,0.00,1.00,0.00,0.00,0.00,0.00,1.00,0.00,0.00,0.00,1.00,2.00,0.00,0.00,1.00,0.00,3.00,1.00,2.00,1.00,0.00,1.00,0.00,1.00,1.00,1.00,7.00,3.00,5.00,4.00,7.00,7.00,17.00,6.00,10.00,6.00,5.00,13.00,8.00,12.00,4.00,5.00,7.00,19.00,28.00,9.00,28.00,9.00,74.00,42.00,50.00,73.00,134.00,2.00,12.00,5.00
1108,1038.00,2.00,1.00,5.00,13.00,7.00,91.00,20.00,17.00,2.00,4.00,1.00,2.00,5.00,3.00,1.00,3.00,6.00,28.00,54.00,6.00,89.00,128.00,20.00,36.00,21.00,6.00,6.00,0.00,2.00,1.00,6.00,0.00,2.00,5.00,5.00,3.00,0.00,2.00,2.00,5.00,5.00,4.00,5.00,4.00,3.00,1.00,0.00,1.00,0.00,0.00,1.00,0.00,1.00,2.00,1.00,0.00,0.00,0.00,0.00,0.00,0.00,0.00,0.00,1.00,1.00,0.00,0.00,3.00,0.00,0.00,0.00,0.00,2.00,1.00,4.00,0.00,0.00,0.00,0.00,0.00,1.00,1.00,0.00,1.00,1.00,0.00,1.00,3.00,1.00,6.00,4.00,9.00,6.00,7.00,3.00,17.00,4.00,11.00,9.00,6.00,9.00,5.00,14.00,10.00,19.00,18.00,16.00,34.00,9.00,43.00,14.00,160.00,85.00,256.00,147.00,10.00,1.00,12.00,7.00
1109,15.00,0.00,2.00,2.00,3.00,1.00,119.00,169.00,0.00,0.00,0.00,0.00,1.00,0.00,0.00,0.00,0.00,0.00,0.00,1.00,0.00,1.00,0.00,0.00,0.00,0.00,0.00,0.00,0.00,0.00,1.00,0.00,0.00,3.00,1.00,0.00,0.00,1.00,1.00,2.00,1.00,2.00,2.00,9.00,5.00,5.00,11.00,8.00,19.00,29.00,35.00,25.00,15.00,20.00,34.00,5.00,11.00,0.00,0.00,0.00,0.00,0.00,0.00,0.00,0.00,0.00,0.00,0.00,0.00,0.00,0.00,0.00,0.00,0.00,0.00,0.00,1.00,0.00,0.00,0.00,0.00,0.00,0.00,0.00,0.00,1.00,0.00,2.00,0.00,4.00,3.00,0.00,1.00,0.00,1.00,0.00,3.00,1.00,3.00,0.00,0.00,1.00,0.00,3.00,0.00,0.00,0.00,2.00,1.00,7.00,0.00,18.00,0.00,5.00,0.00,0.00,0.00,10.00,6.00,1.00
1110,136.00,6.00,4.00,10.00,26.00,15.00,163.00,98.00,12.00,33.00,18.00,35.00,30.00,45.00,43.00,14.00,14.00,20.00,27.00,61.00,6.00,27.00,9.00,6.00,12.00,7.00,88.00,104.00,101.00,122.00,78.00,154.00,97.00,181.00,89.00,88.00,75.00,68.00,64.00,159.00,36.00,71.00,147.00,60.00,28.00,33.00,27.00,13.00,30.00,30.00,26.00,24.00,20.00,21.00,23.00,17.00,19.00,1.00,8.00,4.00,2.00,1.00,3.00,2.00,0.00,1.00,2.00,6.00,2.00,1.00,2.00,1.00,0.00,2.00,1.00,5.00,21.00,9.00,27.00,15.00,24.00,49.00,32.00,15.00,13.00,100.00,17.00,72.00,34.00,80.00,122.00,41.00,7.00,24.00,151.00,109.00,10.00,18.00,131.00,6.00,49.00,16.00,201.00,199.00,93.00,50.00,71.00,219.00,135.00,173.00,167.00,27.00,137.00,87.00,28.00,30.00,22.00,16.00,2.00,5.00
1111,24.00,2.00,1.00,3.00,6.00,2.00,22.00,14.00,1.00,6.00,3.00,3.00,6.00,5.00,6.00,4.00,2.00,3.00,3.00,12.00,0.00,5.00,2.00,1.00,1.00,1.00,16.00,16.00,21.00,23.00,15.00,19.00,8.00,35.00,9.00,15.00,18.00,6.00,13.00,26.00,6.00,17.00,26.00,10.00,3.00,3.00,1.00,3.00,5.00,4.00,1.00,6.00,1.00,2.00,3.00,2.00,0.00,0.00,1.00,0.00,1.00,0.00,0.00,1.00,0.00,0.00,1.00,0.00,0.00,0.00,0.00,0.00,0.00,1.00,0.00,0.00,5.00,1.00,6.00,0.00,1.00,5.00,6.00,2.00,1.00,10.00,3.00,14.00,6.00,12.00,24.00,14.00,0.00,2.00,22.00,29.00,6.00,7.00,30.00,4.00,6.00,10.00,27.00,28.00,15.00,7.00,9.00,21.00,20.00,22.00,25.00,5.00,12.00,11.00,6.00,7.00,6.00,2.00,1.00,0.00
