1,173.00,0.00,3.00,8.00,24.00,0.00,98.00,52.00,55.00,7.00,2.00,0.00,4.00,8.00,9.00,10.00,9.00,39.00,38.00,43.00,47.00,49.00,129.00,227.00,146.00,152.00,3.00,6.00,1.00,6.00,2.00,5.00,5.00,12.00,2.00,10.00,17.00,2.00,11.00,10.00,3.00,18.00,22.00,3.00,4.00,4.00,5.00,4.00,20.00,25.00,18.00,10.00,1.00,5.00,4.00,4.00,1.00,5.00,9.00,0.00,2.00,1.00,1.00,3.00,2.00,2.00,6.00,15.00,6.00,1.00,15.00,0.00,4.00,9.00,15.00,33.00,3.00,4.00,6.00,2.00,1.00,3.00,3.00,3.00,3.00,10.00,4.00,2.00,4.00,5.00,24.00,14.00,7.00,6.00,14.00,11.00,82.00,4.00,36.00,11.00,7.00,19.00,8.00,49.00,5.00,14.00,8.00,16.00,51.00,12.00,26.00,12.00,49.00,28.00,117.00,166.00,562.00,6.00,67.00,6.00
2,0.00,0.00,0.00,0.00,0.00,0.00,2.00,1.00,0.00,1.00,1.00,0.00,0.00,0.00,0.00,0.00,0.00,3.00,1.00,0.00,1.00,0.00,0.00,2.00,1.00,2.00,0.00,0.00,0.00,0.00,0.00,1.00,0.00,1.00,0.00,2.00,0.00,0.00,1.00,0.00,0.00,0.00,0.00,0.00,0.00,0.00,1.00,0.00,0.00,0.00,0.00,0.00,0.00,0.00,0.00,0.00,0.00,1.00,0.00,1.00,0.00,1.00,0.00,0.00,0.00,0.00,0.00,2.00,0.00,0.00,3.00,1.00,0.00,1.00,0.00,0.00,0.00,1.00,1.00,0.00,0.00,1.00,0.00,0.00,1.00,0.00,1.00,0.00,1.00,0.00,3.00,0.00,0.00,1.00,1.00,2.00,3.00,0.00,0.00,1.00,1.00,0.00,0.00,1.00,0.00,0.00,0.00,1.00,1.00,1.00,1.00,0.00,1.00,1.00,0.00,1.00,0.00,1.00,1.00,0.00
3,6.00,0.00,0.00,0.00,0.00,1.00,1.00,2.00,1.00,0.00,0.00,0.00,0.00,0.00,0.00,0.00,0.00,0.00,1.00,0.00,1.00,1.00,0.00,0.00,0.00,0.00,1.00,0.00,0.00,0.00,0.00,2.00,0.00,1.00,0.00,0.00,1.00,0.00,0.00,1.00,1.00,0.00,0.00,1.00,0.00,0.00,0.00,0.00,0.00,2.00,0.00,0.00,2.00,2.00,0.00,0.00,1.00,1.00,1.00,1.00,2.00,1.00,0.00,0.00,1.00,1.00,0.00,4.00,0.00,1.00,0.00,0.00,0.00,0.00,1.00,1.00,0.00,0.00,0.00,1.00,0.00,1.00,0.00,0.00,1.00,1.00,1.00,0.00,0.00,0.00,1.00,0.00,0.00,1.00,0.00,0.00,2.00,0.00,0.00,0.00,0.00,0.00,0.00,0.00,0.00,0.00,0.00,1.00,0.00,0.00,1.00,0.00,0.00,0.00,0.00,0.00,0.00,0.00,3.00,2.00
4,28.00,0.00,0.00,16.00,96.00,1.00,3.00,3.00,17.00,1.00,8.00,1.00,1.00,4.00,1.00,5.00,0.00,6.00,2.00,1.00,3.00,1.00,1.00,5.00,2.00,8.00,0.00,7.00,1.00,0.00,0.00,0.00,2.00,1.00,1.00,1.00,0.00,0.00,1.00,2.00,0.00,1.00,4.00,0.00,1.00,1.00,1.00,2.00,2.00,1.00,0.00,1.00,1.00,0.00,0.00,0.00,1.00,7.00,14.00,8.00,9.00,10.00,12.00,64.00,81.00,70.00,58.00,362.00,30.00,87.00,114.00,23.00,51.00,15.00,23.00,5.00,2.00,7.00,6.00,3.00,3.00,2.00,1.00,1.00,1.00,1.00,7.00,1.00,0.00,0.00,2.00,0.00,0.00,0.00,1.00,1.00,5.00,0.00,0.00,0.00,0.00,1.00,1.00,2.00,0.00,0.00,0.00,1.00,4.00,0.00,2.00,2.00,1.00,0.00,1.00,1.00,1.00,1.00,3.00,1.00
5,40.00,0.00,1.00,125.00,898.00,0.00,5.00,4.00,35.00,3.00,5.00,2.00,1.00,4.00,2.00,17.00,3.00,7.00,4.00,8.00,16.00,3.00,4.00,28.00,17.00,22.00,3.00,6.00,3.00,0.00,0.00,2.00,0.00,2.00,0.00,2.00,4.00,4.00,2.00,0.00,0.00,4.00,2.00,1.00,3.00,0.00,3.00,2.00,1.00,1.00,2.00,4.00,0.00,0.00,2.00,1.00,1.00,13.00,16.00,10.00,9.00,6.00,22.00,84.00,64.00,99.00,74.00,330.00,34.00,199.00,185.00,120.00,288.00,115.00,65.00,80.00,1.00,2.00,3.00,2.00,1.00,2.00,1.00,2.00,6.00,0.00,22.00,1.00,1.00,0.00,3.00,2.00,0.00,1.00,3.00,2.00,9.00,0.00,9.00,1.00,1.00,4.00,2.00,12.00,1.00,1.00,2.00,1.00,15.00,0.00,4.00,1.00,1.00,1.00,3.00,1.00,2.00,0.00,11.00,2.00
6,0.00,0.00,0.00,0.00,1.00,0.00,2.00,1.00,0.00,0.00,0.00,0.00,0.00,1.00,1.00,4.00,0.00,1.00,0.00,0.00,4.00,2.00,0.00,2.00,1.00,2.00,0.00,1.00,0.00,0.00,0.00,0.00,0.00,0.00,0.00,0.00,0.00,0.00,2.00,2.00,0.00,1.00,0.00,0.00,0.00,0.00,0.00,1.00,0.00,0.00,0.00,0.00,0.00,0.00,1.00,0.00,0.00,1.00,1.00,0.00,0.00,0.00,1.00,0.00,0.00,1.00,1.00,2.00,0.00,0.00,0.00,0.00,0.00,1.00,0.00,3.00,0.00,0.00,0.00,0.00,0.00,0.00,0.00,0.00,0.00,0.00,2.00,0.00,1.00,2.00,2.00,0.00,0.00,0.00,0.00,1.00,3.00,0.00,2.00,0.00,0.00,0.00,0.00,1.00,1.00,0.00,0.00,0.00,2.00,0.00,1.00,2.00,1.00,0.00,0.00,1.00,2.00,1.00,1.00,0.00
7,226.00,1.00,3.00,4.00,17.00,1.00,288.00,99.00,9.00,3.00,0.00,0.00,2.00,14.00,0.00,1.00,4.00,10.00,7.00,19.00,0.00,9.00,21.00,5.00,0.00,6.00,0.00,12.00,3.00,7.00,4.00,6.00,7.00,24.00,4.00,12.00,8.00,2.00,26.00,7.00,2.00,59.00,36.00,10.00,4.00,13.00,6.00,4.00,50.00,139.00,141.00,141.00,66.00,140.00,177.00,13.00,32.00,0.00,0.00,0.00,0.00,2.00,0.00,0.00,0.00,0.00,0.00,3.00,1.00,0.00,3.00,0.00,0.00,0.00,0.00,0.00,0.00,1.00,0.00,3.00,0.00,1.00,11.00,2.00,0.00,2.00,2.00,13.00,1.00,2.00,61.00,24.00,5.00,11.00,11.00,14.00,228.00,7.00,28.00,74.00,8.00,49.00,15.00,66.00,7.00,3.00,4.00,62.00,31.00,116.00,37.00,125.00,36.00,80.00,90.00,65.00,76.00,52.00,137.00,21.00
8,97.00,2.00,1.00,4.00,8.00,2.00,106.00,6.00,6.00,6.00,3.00,0.00,6.00,4.00,2.00,1.00,6.00,1.00,2.00,6.00,1.00,5.00,5.00,3.00,2.00,0.00,3.00,8.00,2.00,6.00,4.00,3.00,6.00,10.00,9.00,11.00,9.00,5.00,20.00,16.00,1.00,25.00,26.00,11.00,2.00,14.00,19.00,13.00,141.00,293.00,277.00,284.00,146.00,220.00,370.00,42.00,86.00,0.00,1.00,0.00,0.00,0.00,0.00,1.00,0.00,1.00,0.00,5.00,0.00,0.00,0.00,0.00,0.00,1.00,2.00,0.00,1.00,0.00,1.00,2.00,2.00,5.00,11.00,0.00,0.00,5.00,4.00,14.00,0.00,5.00,65.00,17.00,5.00,20.00,3.00,3.00,117.00,5.00,13.00,30.00,3.00,37.00,9.00,24.00,3.00,5.00,2.00,28.00,25.00,61.00,20.00,138.00,6.00,50.00,36.00,11.00,13.00,129.00,75.00,13.00
9,102.00,1.00,0.00,2.00,22.00,1.00,1.00,3.00,49.00,1.00,7.00,0.00,1.00,2.00,2.00,13.00,8.00,14.00,24.00,14.00,79.00,19.00,24.00,213.00,113.00,194.00,0.00,0.00,0.00,1.00,0.00,0.00,2.00,2.00,0.00,1.00,2.00,0.00,2.00,3.00,0.00,1.00,0.00,0.00,0.00,0.00,1.00,0.00,0.00,0.00,1.00,0.00,0.00,1.00,0.00,0.00,0.00,0.00,1.00,1.00,0.00,1.00,0.00,0.00,0.00,4.00,0.00,7.00,3.00,2.00,5.00,1.00,5.00,11.00,17.00,135.00,0.00,0.00,0.00,0.00,0.00,0.00,0.00,2.00,1.00,0.00,1.00,0.00,0.00,0.00,2.00,1.00,0.00,0.00,1.00,1.00,3.00,0.00,3.00,1.00,0.00,0.00,1.00,5.00,1.00,0.00,1.00,3.00,5.00,0.00,1.00,0.00,4.00,0.00,4.00,2.00,8.00,0.00,4.00,0.00
1001,9.00,1.00,0.00,2.00,14.00,2.00,0.00,1.00,3.00,16.00,33.00,58.00,17.00,349.00,19.00,11.00,10.00,18.00,6.00,7.00,0.00,0.00,6.00,1.00,6.00,1.00,13.00,38.00,2.00,15.00,8.00,17.00,15.00,4.00,5.00,12.00,9.00,0.00,3.00,3.00,0.00,15.00,3.00,0.00,0.00,0.00,0.00,0.00,0.00,2.00,0.00,2.00,2.00,0.00,2.00,0.00,0.00,1.00,12.00,2.00,0.00,0.00,0.00,2.00,0.00,0.00,5.00,7.00,5.00,0.00,6.00,0.00,0.00,4.00,2.00,3.00,0.00,10.00,0.00,10.00,0.00,3.00,0.00,18.00,15.00,2.00,54.00,3.00,1.00,0.00,26.00,10.00,6.00,7.00,16.00,8.00,82.00,4.00,14.00,19.00,2.00,15.00,20.00,39.00,2.00,11.00,4.00,7.00,25.00,5.00,6.00,0.00,6.00,1.00,1.00,0.00,3.00,0.00,28.00,6.00
1002,21.00,0.00,0.00,5.00,27.00,3.00,1.00,0.00,31.00,25.00,55.00,29.00,35.00,219.00,15.00,29.00,11.00,21.00,13.00,4.00,18.00,6.00,2.00,7.00,10.00,9.00,1.00,25.00,0.00,2.00,0.00,13.00,3.00,3.00,0.00,5.00,3.00,2.00,1.00,2.00,1.00,5.00,4.00,0.00,0.00,0.00,0.00,0.00,0.00,0.00,0.00,0.00,0.00,0.00,0.00,0.00,0.00,2.00,22.00,1.00,6.00,5.00,8.00,24.00,2.00,41.00,34.00,93.00,15.00,1.00,62.00,0.00,1.00,22.00,18.00,13.00,2.00,6.00,3.00,5.00,2.00,0.00,0.00,7.00,8.00,2.00,51.00,0.00,5.00,0.00,13.00,5.00,0.00,1.00,6.00,4.00,24.00,2.00,9.00,5.00,1.00,15.00,10.00,13.00,3.00,17.00,5.00,5.00,12.00,0.00,8.00,1.00,2.00,0.00,1.00,0.00,4.00,0.00,16.00,3.00
1003,18.00,0.00,0.00,5.00,7.00,0.00,3.00,0.00,3.00,34.00,33.00,12.00,36.00,6.00,36.00,33.00,24.00,47.00,16.00,9.00,13.00,8.00,6.00,4.00,2.00,2.00,2.00,49.00,1.00,12.00,0.00,6.00,1.00,1.00,1.00,10.00,2.00,1.00,11.00,2.00,3.00,5.00,3.00,0.00,0.00,0.00,0.00,0.00,0.00,2.00,1.00,0.00,0.00,0.00,1.00,0.00,0.00,0.00,10.00,1.00,3.00,0.00,0.00,3.00,0.00,4.00,5.00,11.00,4.00,0.00,18.00,0.00,0.00,6.00,2.00,0.00,0.00,1.00,2.00,8.00,0.00,0.00,1.00,4.00,4.00,0.00,31.00,1.00,0.00,0.00,20.00,4.00,1.00,1.00,9.00,5.00,66.00,2.00,9.00,33.00,0.00,21.00,11.00,43.00,5.00,22.00,6.00,8.00,29.00,2.00,11.00,1.00,3.00,0.00,0.00,0.00,4.00,0.00,39.00,2.00
1004,11.00,0.00,0.00,4.00,6.00,2.00,1.00,1.00,5.00,65.00,55.00,18.00,23.00,29.00,39.00,30.00,16.00,43.00,12.00,10.00,3.00,6.00,7.00,5.00,4.00,2.00,6.00,43.00,0.00,7.00,0.00,4.00,13.00,1.00,0.00,7.00,1.00,0.00,10.00,1.00,1.00,11.00,7.00,0.00,0.00,0.00,0.00,0.00,1.00,0.00,0.00,0.00,0.00,0.00,0.00,0.00,0.00,0.00,0.00,0.00,0.00,1.00,3.00,2.00,0.00,12.00,3.00,11.00,1.00,0.00,8.00,0.00,0.00,1.00,6.00,8.00,4.00,1.00,1.00,9.00,1.00,1.00,1.00,9.00,6.00,0.00,36.00,5.00,0.00,1.00,31.00,3.00,2.00,3.00,2.00,10.00,46.00,3.00,6.00,36.00,6.00,27.00,3.00,32.00,1.00,25.00,3.00,3.00,22.00,2.00,10.00,0.00,12.00,1.00,0.00,0.00,2.00,0.00,29.00,4.00
1005,22.00,1.00,0.00,3.00,9.00,0.00,0.00,1.00,8.00,78.00,85.00,37.00,30.00,0.00,57.00,55.00,38.00,79.00,24.00,23.00,13.00,15.00,13.00,4.00,3.00,7.00,8.00,60.00,5.00,8.00,3.00,22.00,11.00,7.00,4.00,7.00,17.00,0.00,13.00,1.00,0.00,10.00,3.00,0.00,0.00,0.00,0.00,1.00,0.00,0.00,1.00,1.00,0.00,0.00,0.00,0.00,0.00,3.00,8.00,0.00,0.00,0.00,3.00,3.00,0.00,6.00,2.00,19.00,7.00,0.00,16.00,0.00,0.00,5.00,7.00,5.00,4.00,3.00,1.00,10.00,0.00,2.00,1.00,10.00,13.00,0.00,77.00,2.00,0.00,1.00,34.00,17.00,6.00,6.00,26.00,11.00,97.00,3.00,20.00,50.00,5.00,32.00,15.00,46.00,7.00,45.00,15.00,5.00,30.00,6.00,22.00,0.00,23.00,0.00,3.00,3.00,0.00,0.00,34.00,3.00
1006,16.00,0.00,1.00,1.00,14.00,1.00,3.00,2.00,4.00,19.00,22.00,49.00,16.00,175.00,22.00,27.00,20.00,28.00,11.00,17.00,7.00,7.00,3.00,1.00,4.00,5.00,4.00,15.00,0.00,2.00,3.00,14.00,7.00,7.00,2.00,12.00,10.00,0.00,9.00,0.00,0.00,5.00,11.00,2.00,0.00,0.00,0.00,0.00,0.00,0.00,1.00,3.00,0.00,0.00,0.00,0.00,0.00,2.00,4.00,0.00,1.00,0.00,0.00,2.00,1.00,0.00,5.00,7.00,0.00,0.00,7.00,0.00,0.00,8.00,3.00,4.00,3.00,0.00,1.00,5.00,1.00,3.00,0.00,5.00,2.00,0.00,21.00,0.00,1.00,0.00,26.00,12.00,7.00,3.00,20.00,14.00,78.00,8.00,18.00,16.00,3.00,17.00,15.00,56.00,8.00,18.00,14.00,3.00,23.00,9.00,15.00,1.00,11.00,1.00,0.00,0.00,0.00,0.00,44.00,4.00
1007,31.00,1.00,0.00,10.00,31.00,3.00,0.00,0.00,68.00,10.00,17.00,9.00,30.00,118.00,6.00,0.00,20.00,59.00,24.00,3.00,14.00,6.00,4.00,15.00,15.00,16.00,0.00,13.00,1.00,1.00,2.00,0.00,0.00,2.00,0.00,1.00,1.00,1.00,3.00,1.00,0.00,0.00,4.00,0.00,0.00,0.00,0.00,1.00,0.00,0.00,0.00,0.00,0.00,0.00,0.00,0.00,0.00,0.00,11.00,2.00,1.00,2.00,5.00,16.00,2.00,19.00,22.00,77.00,33.00,0.00,68.00,0.00,0.00,16.00,28.00,37.00,1.00,4.00,0.00,7.00,0.00,0.00,0.00,3.00,3.00,0.00,20.00,0.00,0.00,1.00,14.00,4.00,2.00,1.00,5.00,3.00,14.00,0.00,0.00,7.00,1.00,4.00,4.00,4.00,0.00,2.00,1.00,2.00,11.00,0.00,5.00,0.00,1.00,1.00,3.00,1.00,0.00,0.00,11.00,2.00
1008,27.00,0.00,1.00,1.00,25.00,1.00,1.00,1.00,24.00,11.00,37.00,54.00,24.00,235.00,15.00,29.00,10.00,9.00,38.00,15.00,17.00,17.00,9.00,18.00,22.00,8.00,1.00,14.00,0.00,5.00,0.00,8.00,5.00,1.00,0.00,0.00,4.00,0.00,2.00,0.00,0.00,3.00,6.00,0.00,1.00,0.00,0.00,0.00,0.00,0.00,0.00,0.00,0.00,0.00,0.00,0.00,0.00,0.00,1.00,0.00,2.00,1.00,0.00,7.00,0.00,12.00,2.00,8.00,9.00,0.00,7.00,0.00,1.00,2.00,5.00,14.00,1.00,2.00,1.00,3.00,2.00,0.00,0.00,1.00,4.00,1.00,8.00,2.00,0.00,0.00,4.00,3.00,2.00,2.00,13.00,3.00,26.00,1.00,4.00,15.00,2.00,10.00,12.00,30.00,0.00,20.00,5.00,11.00,13.00,0.00,8.00,1.00,12.00,0.00,0.00,0.00,1.00,0.00,13.00,2.00
1009,63.00,0.00,1.00,0.00,21.00,2.00,0.00,2.00,48.00,1.00,12.00,17.00,8.00,115.00,6.00,33.00,5.00,0.00,47.00,27.00,34.00,38.00,18.00,53.00,28.00,22.00,0.00,9.00,0.00,0.00,0.00,1.00,0.00,0.00,0.00,1.00,0.00,4.00,2.00,0.00,2.00,1.00,4.00,0.00,0.00,1.00,0.00,0.00,1.00,0.00,0.00,0.00,0.00,0.00,0.00,0.00,0.00,0.00,1.00,0.00,1.00,0.00,0.00,0.00,0.00,2.00,6.00,12.00,13.00,0.00,18.00,0.00,2.00,0.00,3.00,8.00,0.00,0.00,2.00,0.00,0.00,1.00,0.00,0.00,1.00,0.00,5.00,0.00,0.00,0.00,8.00,1.00,2.00,2.00,6.00,4.00,18.00,0.00,10.00,21.00,4.00,22.00,8.00,21.00,0.00,24.00,4.00,1.00,18.00,4.00,8.00,0.00,3.00,0.00,4.00,3.00,1.00,0.00,20.00,6.00
1010,124.00,2.00,1.00,2.00,38.00,2.00,6.00,2.00,68.00,2.00,9.00,21.00,2.00,117.00,8.00,53.00,12.00,22.00,51.00,93.00,45.00,43.00,35.00,75.00,75.00,53.00,0.00,22.00,2.00,5.00,0.00,4.00,2.00,2.00,1.00,5.00,2.00,0.00,10.00,0.00,0.00,8.00,8.00,0.00,0.00,4.00,0.00,2.00,2.00,0.00,0.00,0.00,0.00,1.00,0.00,0.00,0.00,5.00,4.00,0.00,0.00,0.00,0.00,0.00,0.00,6.00,3.00,8.00,6.00,0.00,6.00,0.00,0.00,2.00,6.00,18.00,0.00,0.00,0.00,0.00,1.00,1.00,2.00,0.00,1.00,0.00,6.00,0.00,1.00,1.00,17.00,7.00,7.00,3.00,8.00,9.00,53.00,1.00,9.00,36.00,7.00,27.00,10.00,31.00,6.00,27.00,24.00,7.00,46.00,2.00,8.00,0.00,26.00,6.00,5.00,6.00,30.00,0.00,25.00,5.00
1011,94.00,2.00,0.00,1.00,23.00,5.00,9.00,2.00,17.00,2.00,0.00,6.00,3.00,17.00,9.00,3.00,12.00,44.00,30.00,0.00,4.00,38.00,74.00,27.00,32.00,22.00,5.00,20.00,0.00,2.00,0.00,9.00,3.00,0.00,6.00,13.00,6.00,1.00,8.00,1.00,2.00,11.00,10.00,2.00,0.00,1.00,0.00,0.00,28.00,20.00,10.00,0.00,0.00,0.00,2.00,0.00,0.00,0.00,2.00,1.00,0.00,0.00,0.00,0.00,0.00,0.00,0.00,0.00,0.00,0.00,3.00,0.00,0.00,0.00,0.00,5.00,0.00,0.00,0.00,0.00,0.00,3.00,0.00,0.00,1.00,3.00,1.00,1.00,0.00,2.00,39.00,20.00,5.00,8.00,19.00,11.00,82.00,2.00,8.00,29.00,9.00,40.00,15.00,62.00,10.00,44.00,45.00,12.00,141.00,1.00,68.00,1.00,52.00,3.00,7.00,19.00,40.00,0.00,49.00,3.00
1012,249.00,1.00,0.00,3.00,101.00,4.00,0.00,0.00,333.00,2.00,8.00,2.00,6.00,2.00,4.00,25.00,11.00,27.00,22.00,8.00,17.00,15.00,19.00,72.00,59.00,79.00,0.00,6.00,0.00,0.00,0.00,0.00,0.00,0.00,0.00,1.00,1.00,0.00,3.00,0.00,0.00,2.00,1.00,0.00,0.00,0.00,0.00,0.00,0.00,0.00,0.00,0.00,0.00,0.00,0.00,0.00,0.00,0.00,2.00,2.00,0.00,0.00,0.00,10.00,0.00,1.00,5.00,11.00,5.00,0.00,16.00,0.00,0.00,23.00,17.00,79.00,0.00,0.00,0.00,0.00,0.00,1.00,0.00,0.00,0.00,0.00,7.00,0.00,0.00,0.00,4.00,1.00,0.00,1.00,3.00,1.00,6.00,0.00,0.00,4.00,0.00,2.00,3.00,1.00,0.00,2.00,0.00,2.00,6.00,1.00,0.00,0.00,1.00,1.00,3.00,0.00,1.00,0.00,7.00,0.00
1013,96.00,1.00,1.00,0.00,22.00,2.00,5.00,0.00,17.00,3.00,0.00,0.00,1.00,5.00,3.00,0.00,7.00,23.00,11.00,23.00,7.00,5.00,16.00,35.00,35.00,20.00,2.00,3.00,2.00,0.00,0.00,2.00,0.00,2.00,1.00,4.00,3.00,3.00,3.00,4.00,0.00,4.00,5.00,0.00,0.00,0.00,0.00,0.00,0.00,5.00,0.00,1.00,0.00,0.00,0.00,2.00,0.00,0.00,0.00,0.00,0.00,0.00,0.00,0.00,0.00,1.00,0.00,1.00,0.00,0.00,0.00,0.00,0.00,2.00,0.00,1.00,1.00,0.00,0.00,0.00,0.00,0.00,1.00,1.00,0.00,0.00,0.00,1.00,2.00,1.00,14.00,7.00,4.00,3.00,8.00,4.00,49.00,3.00,7.00,14.00,4.00,26.00,5.00,20.00,4.00,5.00,13.00,9.00,29.00,1.00,21.00,0.00,25.00,5.00,1.00,25.00,92.00,0.00,28.00,4.00
1014,410.00,1.00,1.00,1.00,34.00,4.00,5.00,4.00,112.00,0.00,0.00,2.00,0.00,7.00,1.00,6.00,3.00,20.00,16.00,93.00,19.00,28.00,15.00,59.00,61.00,42.00,2.00,2.00,0.00,1.00,0.00,0.00,0.00,0.00,0.00,0.00,0.00,0.00,2.00,0.00,2.00,3.00,2.00,0.00,0.00,0.00,0.00,0.00,0.00,0.00,0.00,0.00,0.00,0.00,0.00,0.00,0.00,0.00,0.00,0.00,0.00,0.00,0.00,0.00,0.00,0.00,2.00,5.00,0.00,0.00,0.00,0.00,0.00,1.00,5.00,3.00,0.00,0.00,2.00,0.00,0.00,0.00,0.00,0.00,0.00,0.00,1.00,0.00,0.00,0.00,6.00,0.00,2.00,3.00,0.00,5.00,16.00,1.00,6.00,9.00,1.00,11.00,3.00,8.00,1.00,7.00,13.00,1.00,19.00,3.00,7.00,1.00,20.00,1.00,11.00,14.00,110.00,0.00,4.00,4.00
1015,435.00,1.00,0.00,3.00,33.00,4.00,0.00,0.00,197.00,1.00,0.00,0.00,0.00,2.00,1.00,6.00,0.00,7.00,33.00,30.00,12.00,26.00,40.00,0.00,0.00,3.00,0.00,2.00,0.00,0.00,0.00,1.00,0.00,0.00,0.00,0.00,1.00,0.00,1.00,0.00,0.00,0.00,1.00,0.00,0.00,0.00,0.00,0.00,0.00,1.00,1.00,0.00,0.00,0.00,0.00,0.00,0.00,0.00,0.00,1.00,0.00,0.00,0.00,0.00,0.00,0.00,1.00,3.00,0.00,0.00,0.00,0.00,0.00,2.00,2.00,23.00,0.00,0.00,0.00,0.00,0.00,0.00,0.00,0.00,0.00,0.00,0.00,0.00,0.00,0.00,0.00,1.00,0.00,0.00,0.00,1.00,1.00,0.00,0.00,0.00,0.00,0.00,0.00,3.00,0.00,0.00,0.00,1.00,2.00,0.00,1.00,0.00,2.00,0.00,1.00,2.00,6.00,0.00,3.00,0.00
1016,905.00,0.00,0.00,2.00,91.00,8.00,3.00,0.00,369.00,0.00,0.00,0.00,0.00,5.00,0.00,7.00,8.00,21.00,74.00,73.00,37.00,50.00,84.00,0.00,0.00,24.00,1.00,5.00,0.00,0.00,0.00,0.00,0.00,0.00,1.00,1.00,0.00,0.00,2.00,0.00,0.00,4.00,0.00,0.00,0.00,0.00,0.00,0.00,0.00,0.00,2.00,0.00,0.00,0.00,0.00,0.00,0.00,0.00,0.00,1.00,0.00,1.00,0.00,0.00,0.00,2.00,0.00,5.00,0.00,0.00,4.00,0.00,0.00,2.00,1.00,45.00,0.00,0.00,0.00,0.00,1.00,0.00,0.00,0.00,0.00,0.00,1.00,0.00,0.00,0.00,5.00,1.00,0.00,3.00,1.00,2.00,9.00,0.00,4.00,3.00,4.00,2.00,0.00,7.00,1.00,1.00,5.00,0.00,15.00,0.00,8.00,0.00,3.00,2.00,0.00,6.00,19.00,0.00,10.00,0.00
1017,590.00,0.00,0.00,1.00,58.00,3.00,0.00,1.00,247.00,2.00,0.00,1.00,0.00,3.00,1.00,9.00,1.00,8.00,42.00,19.00,20.00,28.00,31.00,0.00,1.00,8.00,0.00,5.00,0.00,0.00,0.00,0.00,0.00,0.00,0.00,1.00,0.00,0.00,4.00,0.00,0.00,0.00,0.00,0.00,0.00,0.00,0.00,0.00,0.00,0.00,0.00,0.00,0.00,0.00,0.00,0.00,0.00,0.00,0.00,0.00,0.00,0.00,0.00,1.00,0.00,0.00,0.00,4.00,0.00,0.00,3.00,0.00,0.00,7.00,3.00,31.00,0.00,0.00,0.00,0.00,0.00,0.00,0.00,0.00,0.00,0.00,1.00,0.00,0.00,0.00,3.00,1.00,0.00,0.00,1.00,0.00,7.00,0.00,1.00,1.00,0.00,1.00,3.00,2.00,0.00,0.00,8.00,4.00,4.00,3.00,2.00,0.00,5.00,0.00,0.00,8.00,12.00,0.00,4.00,0.00
1018,9.00,1.00,1.00,0.00,2.00,2.00,4.00,1.00,3.00,22.00,3.00,4.00,1.00,7.00,7.00,0.00,1.00,1.00,0.00,9.00,0.00,0.00,0.00,0.00,1.00,0.00,64.00,28.00,12.00,27.00,37.00,20.00,12.00,17.00,15.00,31.00,30.00,6.00,54.00,3.00,1.00,13.00,15.00,1.00,0.00,0.00,1.00,0.00,5.00,2.00,2.00,5.00,4.00,1.00,0.00,0.00,1.00,0.00,10.00,0.00,0.00,2.00,0.00,1.00,0.00,0.00,1.00,1.00,0.00,0.00,4.00,5.00,0.00,0.00,0.00,0.00,31.00,0.00,47.00,43.00,11.00,21.00,12.00,4.00,4.00,76.00,7.00,12.00,14.00,13.00,153.00,31.00,9.00,10.00,12.00,13.00,179.00,9.00,14.00,23.00,6.00,20.00,13.00,45.00,5.00,2.00,2.00,3.00,20.00,2.00,12.00,0.00,4.00,2.00,0.00,3.00,6.00,0.00,95.00,18.00
1019,28.00,0.00,1.00,2.00,13.00,2.00,6.00,1.00,4.00,3.00,4.00,24.00,10.00,84.00,10.00,3.00,1.00,1.00,5.00,24.00,0.00,8.00,1.00,2.00,3.00,1.00,30.00,27.00,5.00,34.00,11.00,35.00,21.00,5.00,16.00,35.00,32.00,7.00,46.00,4.00,6.00,28.00,27.00,0.00,1.00,0.00,0.00,0.00,2.00,11.00,9.00,2.00,0.00,1.00,3.00,0.00,0.00,0.00,6.00,0.00,4.00,0.00,0.00,1.00,2.00,0.00,0.00,4.00,3.00,0.00,2.00,0.00,0.00,1.00,4.00,2.00,9.00,5.00,19.00,29.00,5.00,7.00,3.00,15.00,6.00,7.00,65.00,7.00,2.00,3.00,114.00,40.00,9.00,9.00,27.00,16.00,162.00,8.00,30.00,41.00,12.00,38.00,39.00,69.00,4.00,11.00,4.00,15.00,34.00,8.00,13.00,0.00,11.00,12.00,4.00,1.00,6.00,0.00,96.00,12.00
1020,9.00,0.00,0.00,0.00,2.00,0.00,5.00,1.00,1.00,5.00,0.00,1.00,0.00,10.00,3.00,2.00,0.00,2.00,0.00,4.00,0.00,3.00,0.00,3.00,0.00,0.00,84.00,30.00,10.00,17.00,6.00,5.00,16.00,21.00,14.00,32.00,54.00,9.00,41.00,1.00,6.00,27.00,31.00,1.00,0.00,2.00,0.00,0.00,3.00,3.00,6.00,0.00,0.00,0.00,0.00,0.00,0.00,1.00,4.00,0.00,0.00,0.00,0.00,0.00,0.00,0.00,0.00,0.00,0.00,0.00,1.00,0.00,0.00,0.00,0.00,0.00,7.00,0.00,6.00,3.00,2.00,4.00,5.00,3.00,2.00,32.00,0.00,10.00,9.00,32.00,70.00,23.00,22.00,21.00,17.00,20.00,171.00,11.00,20.00,22.00,4.00,30.00,22.00,27.00,3.00,3.00,2.00,13.00,8.00,2.00,8.00,2.00,7.00,0.00,0.00,1.00,0.00,0.00,114.00,26.00
1021,11.00,0.00,0.00,0.00,1.00,0.00,4.00,2.00,1.00,22.00,1.00,3.00,0.00,13.00,9.00,1.00,0.00,4.00,5.00,8.00,3.00,0.00,0.00,3.00,0.00,0.00,61.00,54.00,14.00,43.00,16.00,3.00,6.00,25.00,23.00,84.00,125.00,22.00,94.00,4.00,7.00,54.00,38.00,3.00,0.00,1.00,0.00,0.00,3.00,0.00,5.00,2.00,0.00,1.00,1.00,0.00,0.00,0.00,3.00,0.00,0.00,0.00,0.00,0.00,0.00,1.00,2.00,1.00,1.00,0.00,0.00,0.00,0.00,0.00,0.00,0.00,1.00,5.00,12.00,12.00,2.00,4.00,3.00,5.00,0.00,11.00,9.00,13.00,7.00,12.00,144.00,75.00,20.00,23.00,27.00,32.00,302.00,18.00,32.00,44.00,11.00,42.00,20.00,63.00,9.00,10.00,13.00,15.00,40.00,0.00,21.00,0.00,6.00,4.00,0.00,3.00,1.00,0.00,131.00,28.00
1022,9.00,0.00,0.00,0.00,3.00,0.00,8.00,3.00,0.00,4.00,0.00,2.00,0.00,4.00,2.00,0.00,4.00,3.00,4.00,3.00,2.00,1.00,2.00,0.00,0.00,0.00,18.00,22.00,9.00,17.00,3.00,19.00,10.00,23.00,3.00,21.00,13.00,3.00,33.00,10.00,2.00,24.00,14.00,1.00,0.00,0.00,0.00,0.00,1.00,0.00,1.00,1.00,1.00,0.00,0.00,0.00,0.00,1.00,0.00,0.00,0.00,0.00,0.00,0.00,0.00,4.00,0.00,0.00,2.00,0.00,1.00,0.00,0.00,0.00,0.00,0.00,2.00,0.00,8.00,4.00,0.00,5.00,1.00,0.00,0.00,13.00,2.00,8.00,2.00,18.00,41.00,29.00,15.00,20.00,12.00,11.00,183.00,6.00,30.00,22.00,3.00,30.00,14.00,32.00,2.00,3.00,3.00,6.00,15.00,3.00,12.00,0.00,16.00,0.00,0.00,0.00,1.00,0.00,87.00,12.00
1023,20.00,1.00,1.00,2.00,16.00,2.00,13.00,1.00,9.00,34.00,2.00,7.00,1.00,25.00,11.00,1.00,6.00,0.00,3.00,7.00,2.00,6.00,6.00,4.00,0.00,2.00,21.00,51.00,8.00,8.00,12.00,3.00,3.00,20.00,15.00,83.00,54.00,18.00,71.00,3.00,9.00,56.00,41.00,3.00,0.00,0.00,0.00,0.00,2.00,3.00,2.00,3.00,0.00,3.00,0.00,0.00,2.00,0.00,9.00,0.00,1.00,0.00,0.00,0.00,0.00,3.00,0.00,3.00,0.00,0.00,7.00,0.00,0.00,0.00,0.00,1.00,2.00,4.00,5.00,5.00,2.00,0.00,4.00,2.00,0.00,10.00,25.00,6.00,3.00,6.00,162.00,86.00,24.00,27.00,11.00,23.00,449.00,29.00,34.00,76.00,31.00,86.00,3.00,107.00,11.00,13.00,13.00,23.00,54.00,8.00,24.00,2.00,24.00,8.00,1.00,3.00,5.00,0.00,160.00,17.00
1024,16.00,1.00,0.00,0.00,2.00,0.00,6.00,2.00,4.00,17.00,5.00,4.00,2.00,16.00,9.00,2.00,4.00,2.00,2.00,5.00,0.00,2.00,0.00,0.00,3.00,0.00,17.00,50.00,2.00,16.00,12.00,3.00,5.00,10.00,16.00,35.00,33.00,10.00,36.00,3.00,3.00,28.00,11.00,0.00,0.00,0.00,0.00,1.00,0.00,2.00,1.00,1.00,0.00,0.00,0.00,0.00,2.00,0.00,2.00,0.00,0.00,0.00,0.00,0.00,0.00,0.00,0.00,0.00,0.00,0.00,4.00,0.00,0.00,2.00,0.00,2.00,2.00,0.00,2.00,2.00,0.00,2.00,0.00,5.00,1.00,1.00,10.00,2.00,1.00,5.00,99.00,42.00,15.00,8.00,6.00,12.00,200.00,16.00,18.00,29.00,10.00,41.00,9.00,31.00,4.00,6.00,6.00,12.00,23.00,4.00,15.00,2.00,12.00,0.00,0.00,3.00,0.00,0.00,107.00,7.00
1025,17.00,0.00,0.00,0.00,5.00,1.00,15.00,5.00,3.00,0.00,2.00,1.00,0.00,3.00,4.00,1.00,2.00,1.00,2.00,11.00,0.00,7.00,1.00,0.00,1.00,0.00,24.00,11.00,5.00,19.00,4.00,9.00,11.00,15.00,13.00,25.00,21.00,4.00,57.00,7.00,28.00,27.00,12.00,11.00,0.00,10.00,4.00,1.00,9.00,10.00,9.00,5.00,1.00,2.00,7.00,1.00,1.00,0.00,0.00,0.00,0.00,0.00,0.00,0.00,0.00,0.00,1.00,0.00,0.00,0.00,1.00,0.00,0.00,1.00,0.00,0.00,2.00,1.00,3.00,1.00,3.00,1.00,9.00,2.00,1.00,20.00,2.00,9.00,3.00,15.00,137.00,55.00,47.00,30.00,26.00,24.00,368.00,15.00,24.00,63.00,13.00,67.00,20.00,51.00,7.00,9.00,4.00,17.00,23.00,14.00,10.00,1.00,6.00,1.00,6.00,0.00,1.00,0.00,208.00,33.00
1026,12.00,1.00,0.00,0.00,3.00,2.00,16.00,10.00,4.00,10.00,1.00,4.00,0.00,6.00,7.00,1.00,2.00,4.00,1.00,5.00,0.00,0.00,3.00,2.00,0.00,2.00,10.00,22.00,9.00,19.00,11.00,22.00,21.00,24.00,0.00,20.00,7.00,4.00,1.00,6.00,6.00,7.00,16.00,4.00,0.00,2.00,0.00,0.00,2.00,1.00,2.00,5.00,1.00,2.00,8.00,1.00,1.00,0.00,0.00,0.00,1.00,0.00,0.00,0.00,0.00,2.00,0.00,4.00,0.00,0.00,1.00,0.00,1.00,0.00,0.00,0.00,3.00,0.00,3.00,0.00,0.00,3.00,4.00,1.00,3.00,23.00,3.00,12.00,0.00,17.00,13.00,20.00,17.00,5.00,12.00,13.00,197.00,15.00,14.00,28.00,7.00,33.00,21.00,61.00,9.00,3.00,6.00,16.00,21.00,2.00,11.00,2.00,14.00,3.00,0.00,3.00,4.00,0.00,81.00,4.00
1027,6.00,0.00,0.00,0.00,4.00,0.00,6.00,0.00,3.00,11.00,2.00,2.00,2.00,12.00,8.00,0.00,6.00,0.00,4.00,1.00,0.00,0.00,1.00,1.00,2.00,0.00,6.00,27.00,5.00,15.00,4.00,10.00,5.00,12.00,0.00,1.00,0.00,14.00,22.00,8.00,8.00,19.00,15.00,0.00,0.00,2.00,0.00,0.00,5.00,1.00,2.00,2.00,0.00,0.00,0.00,0.00,0.00,0.00,1.00,0.00,0.00,0.00,0.00,0.00,0.00,0.00,0.00,1.00,0.00,0.00,0.00,0.00,0.00,0.00,0.00,1.00,3.00,1.00,7.00,0.00,0.00,8.00,3.00,1.00,0.00,8.00,7.00,6.00,3.00,1.00,24.00,9.00,7.00,23.00,8.00,6.00,143.00,3.00,15.00,34.00,14.00,51.00,15.00,46.00,5.00,3.00,3.00,12.00,23.00,0.00,18.00,2.00,8.00,0.00,1.00,2.00,0.00,0.00,87.00,9.00
1028,15.00,1.00,1.00,0.00,6.00,2.00,12.00,4.00,2.00,4.00,2.00,1.00,2.00,4.00,4.00,0.00,0.00,1.00,2.00,4.00,0.00,6.00,2.00,0.00,2.00,0.00,14.00,25.00,13.00,13.00,7.00,19.00,18.00,5.00,2.00,3.00,0.00,12.00,22.00,5.00,7.00,14.00,30.00,0.00,0.00,0.00,0.00,1.00,3.00,0.00,3.00,0.00,0.00,1.00,0.00,0.00,0.00,0.00,0.00,0.00,0.00,0.00,0.00,0.00,0.00,0.00,0.00,1.00,0.00,0.00,0.00,0.00,0.00,0.00,0.00,0.00,2.00,0.00,3.00,5.00,0.00,1.00,3.00,2.00,0.00,9.00,6.00,9.00,1.00,4.00,6.00,0.00,3.00,14.00,15.00,6.00,70.00,9.00,17.00,41.00,7.00,53.00,23.00,54.00,1.00,4.00,1.00,6.00,19.00,3.00,12.00,1.00,2.00,2.00,1.00,3.00,1.00,1.00,73.00,12.00
1029,10.00,0.00,0.00,0.00,3.00,3.00,10.00,4.00,2.00,3.00,1.00,0.00,0.00,5.00,3.00,0.00,0.00,1.00,3.00,3.00,0.00,3.00,4.00,1.00,1.00,1.00,12.00,10.00,8.00,17.00,6.00,30.00,15.00,21.00,1.00,20.00,17.00,7.00,7.00,13.00,10.00,7.00,12.00,2.00,0.00,3.00,0.00,0.00,2.00,2.00,3.00,3.00,2.00,4.00,3.00,1.00,1.00,0.00,1.00,0.00,0.00,0.00,0.00,0.00,0.00,0.00,0.00,1.00,0.00,0.00,1.00,0.00,0.00,0.00,4.00,1.00,0.00,3.00,2.00,4.00,1.00,1.00,3.00,0.00,2.00,12.00,3.00,8.00,6.00,15.00,33.00,28.00,16.00,5.00,15.00,18.00,159.00,18.00,20.00,22.00,9.00,43.00,15.00,30.00,2.00,4.00,5.00,14.00,12.00,6.00,8.00,3.00,12.00,3.00,1.00,1.00,0.00,0.00,64.00,6.00
1030,19.00,0.00,0.00,0.00,4.00,3.00,7.00,7.00,5.00,8.00,3.00,2.00,0.00,6.00,3.00,0.00,1.00,1.00,1.00,9.00,0.00,2.00,1.00,0.00,2.00,1.00,16.00,15.00,7.00,29.00,7.00,23.00,18.00,10.00,4.00,32.00,24.00,2.00,8.00,8.00,0.00,0.00,9.00,0.00,1.00,0.00,1.00,0.00,6.00,6.00,9.00,4.00,0.00,3.00,3.00,0.00,0.00,0.00,1.00,0.00,0.00,0.00,0.00,0.00,0.00,0.00,0.00,0.00,0.00,0.00,2.00,0.00,1.00,0.00,0.00,0.00,0.00,1.00,3.00,4.00,0.00,4.00,1.00,0.00,1.00,5.00,2.00,11.00,10.00,15.00,42.00,32.00,10.00,0.00,23.00,10.00,157.00,13.00,30.00,22.00,13.00,29.00,20.00,63.00,5.00,10.00,3.00,14.00,17.00,7.00,14.00,3.00,8.00,3.00,0.00,2.00,3.00,0.00,46.00,3.00
1031,16.00,2.00,0.00,0.00,4.00,1.00,22.00,15.00,9.00,3.00,0.00,0.00,1.00,2.00,4.00,1.00,0.00,0.00,1.00,13.00,0.00,2.00,0.00,0.00,0.00,0.00,3.00,5.00,14.00,15.00,3.00,6.00,10.00,26.00,27.00,20.00,16.00,1.00,60.00,3.00,79.00,49.00,43.00,8.00,4.00,21.00,3.00,8.00,51.00,24.00,42.00,16.00,8.00,22.00,27.00,1.00,0.00,0.00,3.00,0.00,0.00,0.00,0.00,0.00,0.00,0.00,0.00,1.00,0.00,0.00,4.00,0.00,0.00,0.00,1.00,0.00,3.00,0.00,1.00,2.00,2.00,2.00,5.00,0.00,0.00,10.00,1.00,11.00,9.00,4.00,91.00,36.00,11.00,29.00,10.00,15.00,246.00,5.00,14.00,51.00,12.00,51.00,30.00,48.00,4.00,6.00,12.00,28.00,25.00,15.00,24.00,10.00,8.00,1.00,0.00,2.00,2.00,0.00,154.00,16.00
1032,7.00,0.00,0.00,2.00,1.00,1.00,11.00,9.00,1.00,9.00,1.00,1.00,0.00,2.00,2.00,1.00,1.00,1.00,1.00,10.00,2.00,6.00,3.00,4.00,0.00,1.00,19.00,9.00,12.00,17.00,2.00,26.00,13.00,18.00,7.00,37.00,39.00,13.00,5.00,16.00,0.00,0.00,6.00,9.00,1.00,4.00,1.00,1.00,6.00,7.00,4.00,0.00,1.00,2.00,2.00,0.00,1.00,0.00,0.00,0.00,0.00,0.00,1.00,0.00,0.00,0.00,2.00,0.00,0.00,0.00,0.00,0.00,0.00,0.00,0.00,0.00,1.00,1.00,0.00,1.00,0.00,1.00,0.00,1.00,0.00,5.00,0.00,11.00,2.00,8.00,110.00,25.00,2.00,3.00,17.00,14.00,85.00,14.00,18.00,20.00,4.00,36.00,20.00,34.00,9.00,2.00,3.00,29.00,15.00,6.00,23.00,2.00,17.00,1.00,2.00,1.00,10.00,3.00,19.00,4.00
1033,16.00,0.00,1.00,0.00,8.00,0.00,12.00,3.00,7.00,0.00,3.00,1.00,0.00,0.00,8.00,2.00,3.00,5.00,2.00,14.00,0.00,6.00,0.00,0.00,4.00,0.00,9.00,13.00,5.00,9.00,4.00,6.00,9.00,8.00,4.00,15.00,21.00,2.00,4.00,13.00,1.00,1.00,6.00,14.00,0.00,6.00,0.00,1.00,5.00,2.00,3.00,9.00,2.00,2.00,5.00,0.00,0.00,0.00,0.00,0.00,0.00,0.00,0.00,1.00,0.00,0.00,1.00,0.00,0.00,0.00,0.00,0.00,0.00,0.00,0.00,0.00,1.00,1.00,2.00,4.00,1.00,1.00,3.00,0.00,0.00,5.00,3.00,6.00,10.00,8.00,50.00,29.00,9.00,3.00,15.00,19.00,158.00,11.00,14.00,12.00,7.00,12.00,27.00,41.00,6.00,8.00,3.00,8.00,23.00,26.00,11.00,3.00,13.00,0.00,0.00,2.00,1.00,0.00,34.00,6.00
1034,9.00,0.00,0.00,1.00,9.00,1.00,15.00,13.00,0.00,4.00,0.00,2.00,0.00,3.00,0.00,1.00,1.00,2.00,2.00,6.00,0.00,4.00,1.00,0.00,0.00,0.00,3.00,5.00,3.00,2.00,3.00,6.00,5.00,7.00,14.00,17.00,14.00,2.00,27.00,5.00,26.00,9.00,6.00,7.00,2.00,11.00,2.00,3.00,5.00,8.00,10.00,7.00,9.00,8.00,17.00,0.00,2.00,0.00,1.00,0.00,0.00,0.00,0.00,0.00,0.00,0.00,0.00,1.00,0.00,0.00,0.00,0.00,0.00,0.00,2.00,0.00,0.00,1.00,0.00,1.00,0.00,0.00,3.00,0.00,1.00,9.00,3.00,10.00,8.00,4.00,64.00,20.00,12.00,31.00,16.00,16.00,221.00,16.00,18.00,43.00,6.00,32.00,11.00,39.00,12.00,2.00,3.00,23.00,13.00,26.00,17.00,1.00,10.00,5.00,0.00,0.00,0.00,0.00,104.00,6.00
1035,24.00,1.00,0.00,1.00,2.00,0.00,11.00,39.00,4.00,0.00,1.00,0.00,0.00,0.00,1.00,0.00,0.00,0.00,0.00,4.00,0.00,5.00,1.00,0.00,4.00,0.00,1.00,2.00,6.00,0.00,1.00,3.00,2.00,21.00,10.00,5.00,5.00,6.00,21.00,7.00,26.00,24.00,27.00,27.00,10.00,30.00,4.00,12.00,53.00,51.00,43.00,22.00,12.00,20.00,18.00,2.00,4.00,0.00,0.00,0.00,1.00,0.00,3.00,0.00,0.00,0.00,0.00,0.00,0.00,0.00,0.00,0.00,0.00,0.00,0.00,0.00,2.00,0.00,0.00,0.00,1.00,1.00,7.00,0.00,1.00,13.00,3.00,6.00,27.00,18.00,37.00,11.00,8.00,15.00,2.00,4.00,91.00,7.00,6.00,22.00,1.00,35.00,5.00,20.00,2.00,3.00,0.00,19.00,7.00,9.00,5.00,8.00,3.00,0.00,0.00,2.00,3.00,5.00,47.00,6.00
1036,21.00,1.00,1.00,4.00,5.00,2.00,14.00,34.00,0.00,2.00,0.00,0.00,0.00,0.00,2.00,0.00,0.00,2.00,0.00,2.00,0.00,4.00,0.00,0.00,0.00,0.00,3.00,3.00,4.00,4.00,1.00,0.00,0.00,7.00,0.00,3.00,1.00,16.00,10.00,5.00,3.00,12.00,15.00,20.00,0.00,3.00,0.00,2.00,129.00,278.00,214.00,110.00,84.00,72.00,66.00,7.00,9.00,0.00,0.00,0.00,0.00,0.00,0.00,0.00,0.00,0.00,0.00,1.00,0.00,0.00,2.00,0.00,0.00,0.00,0.00,0.00,1.00,0.00,0.00,0.00,0.00,1.00,5.00,0.00,0.00,24.00,0.00,13.00,40.00,16.00,23.00,6.00,1.00,5.00,2.00,5.00,25.00,2.00,5.00,7.00,0.00,14.00,2.00,8.00,0.00,0.00,0.00,7.00,7.00,2.00,4.00,5.00,2.00,2.00,0.00,1.00,2.00,5.00,21.00,1.00
1037,7.00,1.00,0.00,1.00,1.00,2.00,21.00,35.00,1.00,2.00,1.00,0.00,0.00,3.00,2.00,1.00,0.00,0.00,3.00,4.00,0.00,0.00,0.00,2.00,0.00,0.00,1.00,0.00,1.00,6.00,4.00,2.00,2.00,14.00,0.00,5.00,6.00,1.00,10.00,11.00,1.00,16.00,16.00,28.00,4.00,10.00,0.00,3.00,123.00,121.00,103.00,74.00,74.00,62.00,59.00,0.00,5.00,0.00,0.00,1.00,0.00,0.00,0.00,0.00,0.00,0.00,0.00,0.00,0.00,0.00,0.00,0.00,0.00,0.00,0.00,0.00,1.00,1.00,0.00,6.00,0.00,2.00,1.00,0.00,0.00,24.00,0.00,21.00,51.00,14.00,25.00,4.00,1.00,5.00,1.00,3.00,49.00,0.00,4.00,5.00,1.00,4.00,8.00,8.00,1.00,3.00,0.00,5.00,8.00,5.00,2.00,5.00,2.00,4.00,0.00,0.00,0.00,2.00,27.00,3.00
1038,15.00,0.00,1.00,2.00,2.00,0.00,35.00,63.00,0.00,0.00,0.00,0.00,0.00,2.00,0.00,0.00,0.00,0.00,0.00,4.00,0.00,3.00,2.00,0.00,0.00,0.00,0.00,1.00,2.00,3.00,0.00,1.00,0.00,4.00,2.00,1.00,5.00,6.00,2.00,5.00,0.00,15.00,10.00,24.00,10.00,31.00,1.00,0.00,3.00,49.00,71.00,45.00,67.00,95.00,71.00,5.00,5.00,0.00,0.00,0.00,0.00,0.00,0.00,0.00,0.00,0.00,0.00,0.00,0.00,0.00,0.00,0.00,0.00,0.00,0.00,0.00,0.00,1.00,0.00,0.00,0.00,0.00,4.00,1.00,0.00,9.00,0.00,6.00,26.00,19.00,15.00,3.00,1.00,0.00,3.00,2.00,31.00,3.00,8.00,6.00,0.00,8.00,2.00,5.00,1.00,1.00,0.00,4.00,10.00,2.00,3.00,9.00,0.00,7.00,1.00,4.00,0.00,10.00,22.00,0.00
1039,28.00,0.00,0.00,0.00,1.00,0.00,108.00,39.00,3.00,9.00,0.00,0.00,0.00,0.00,0.00,0.00,0.00,1.00,12.00,20.00,0.00,0.00,0.00,0.00,0.00,1.00,0.00,5.00,0.00,1.00,0.00,1.00,0.00,1.00,1.00,2.00,0.00,3.00,7.00,4.00,0.00,3.00,10.00,9.00,11.00,21.00,2.00,2.00,0.00,1.00,0.00,6.00,0.00,4.00,3.00,5.00,6.00,0.00,0.00,0.00,0.00,0.00,0.00,0.00,0.00,0.00,1.00,1.00,0.00,0.00,0.00,0.00,0.00,0.00,0.00,0.00,0.00,0.00,1.00,1.00,3.00,0.00,2.00,1.00,1.00,3.00,0.00,3.00,3.00,9.00,6.00,4.00,2.00,0.00,1.00,1.00,24.00,3.00,2.00,9.00,1.00,4.00,2.00,2.00,0.00,0.00,0.00,2.00,3.00,2.00,5.00,12.00,3.00,13.00,11.00,4.00,0.00,4.00,10.00,1.00
1040,32.00,1.00,0.00,1.00,1.00,0.00,135.00,65.00,4.00,9.00,0.00,0.00,3.00,0.00,1.00,0.00,1.00,0.00,12.00,17.00,0.00,3.00,1.00,2.00,0.00,2.00,1.00,14.00,1.00,0.00,1.00,2.00,0.00,2.00,0.00,5.00,4.00,4.00,5.00,5.00,2.00,9.00,14.00,23.00,16.00,22.00,1.00,2.00,2.00,0.00,3.00,0.00,0.00,8.00,11.00,4.00,7.00,0.00,0.00,0.00,1.00,0.00,0.00,0.00,0.00,0.00,0.00,0.00,0.00,0.00,0.00,0.00,0.00,0.00,0.00,0.00,0.00,0.00,2.00,1.00,0.00,3.00,1.00,1.00,0.00,2.00,0.00,13.00,4.00,8.00,12.00,4.00,0.00,4.00,3.00,1.00,22.00,7.00,1.00,10.00,0.00,9.00,5.00,2.00,1.00,1.00,1.00,3.00,5.00,2.00,4.00,17.00,4.00,13.00,8.00,7.00,0.00,7.00,13.00,1.00
1041,29.00,0.00,1.00,0.00,1.00,0.00,169.00,85.00,4.00,16.00,0.00,0.00,0.00,1.00,1.00,0.00,0.00,0.00,11.00,47.00,0.00,5.00,0.00,2.00,0.00,1.00,0.00,8.00,0.00,0.00,0.00,2.00,0.00,7.00,2.00,1.00,2.00,2.00,6.00,8.00,4.00,7.00,7.00,11.00,15.00,21.00,17.00,14.00,0.00,0.00,0.00,0.00,0.00,2.00,0.00,5.00,7.00,0.00,1.00,0.00,0.00,0.00,0.00,0.00,0.00,0.00,0.00,0.00,0.00,0.00,0.00,0.00,0.00,1.00,0.00,0.00,0.00,0.00,0.00,6.00,1.00,1.00,0.00,4.00,0.00,2.00,0.00,13.00,5.00,4.00,18.00,2.00,1.00,4.00,3.00,1.00,27.00,3.00,1.00,6.00,4.00,3.00,4.00,5.00,1.00,5.00,1.00,3.00,9.00,1.00,1.00,10.00,3.00,17.00,9.00,6.00,0.00,8.00,16.00,0.00
1042,15.00,0.00,1.00,0.00,0.00,1.00,114.00,93.00,0.00,17.00,0.00,0.00,0.00,0.00,1.00,1.00,0.00,0.00,7.00,18.00,0.00,2.00,1.00,0.00,1.00,1.00,0.00,5.00,1.00,0.00,0.00,0.00,0.00,2.00,1.00,3.00,3.00,4.00,5.00,5.00,0.00,5.00,14.00,13.00,17.00,24.00,11.00,18.00,5.00,0.00,1.00,0.00,0.00,0.00,0.00,6.00,9.00,0.00,0.00,0.00,0.00,0.00,0.00,0.00,0.00,0.00,0.00,0.00,0.00,0.00,0.00,0.00,0.00,0.00,0.00,0.00,0.00,0.00,0.00,5.00,1.00,0.00,4.00,3.00,0.00,6.00,0.00,9.00,5.00,7.00,9.00,1.00,1.00,3.00,1.00,4.00,23.00,3.00,3.00,6.00,0.00,5.00,5.00,1.00,0.00,1.00,3.00,0.00,5.00,2.00,6.00,6.00,3.00,16.00,9.00,3.00,0.00,6.00,15.00,1.00
1043,10.00,0.00,0.00,0.00,2.00,0.00,38.00,131.00,0.00,2.00,0.00,1.00,0.00,1.00,0.00,0.00,0.00,0.00,0.00,1.00,0.00,0.00,0.00,0.00,0.00,0.00,0.00,3.00,1.00,0.00,0.00,0.00,2.00,7.00,1.00,2.00,0.00,1.00,7.00,5.00,0.00,9.00,9.00,16.00,15.00,12.00,20.00,6.00,6.00,0.00,0.00,0.00,0.00,1.00,0.00,0.00,0.00,0.00,1.00,0.00,0.00,0.00,0.00,0.00,0.00,0.00,0.00,0.00,0.00,0.00,0.00,0.00,0.00,0.00,0.00,0.00,0.00,1.00,1.00,3.00,0.00,0.00,4.00,0.00,1.00,2.00,2.00,2.00,5.00,4.00,11.00,3.00,1.00,0.00,0.00,0.00,18.00,1.00,2.00,3.00,0.00,9.00,3.00,1.00,0.00,0.00,0.00,2.00,4.00,4.00,0.00,10.00,1.00,3.00,3.00,3.00,2.00,3.00,16.00,1.00
1044,14.00,1.00,0.00,0.00,0.00,2.00,80.00,165.00,2.00,1.00,0.00,0.00,0.00,0.00,0.00,0.00,0.00,0.00,1.00,1.00,0.00,1.00,0.00,0.00,0.00,0.00,1.00,1.00,1.00,1.00,4.00,0.00,1.00,6.00,2.00,2.00,1.00,0.00,8.00,6.00,0.00,8.00,17.00,9.00,14.00,18.00,13.00,11.00,14.00,0.00,3.00,0.00,0.00,1.00,1.00,3.00,1.00,0.00,0.00,0.00,0.00,0.00,0.00,0.00,0.00,0.00,1.00,0.00,0.00,0.00,0.00,0.00,0.00,0.00,0.00,0.00,1.00,0.00,2.00,0.00,0.00,0.00,2.00,0.00,0.00,5.00,0.00,1.00,2.00,6.00,8.00,3.00,1.00,3.00,0.00,0.00,27.00,1.00,3.00,4.00,0.00,9.00,3.00,7.00,0.00,3.00,0.00,4.00,6.00,6.00,3.00,10.00,1.00,3.00,5.00,3.00,2.00,1.00,17.00,0.00
1045,20.00,0.00,0.00,0.00,2.00,1.00,90.00,217.00,2.00,0.00,0.00,0.00,0.00,1.00,0.00,0.00,0.00,1.00,1.00,0.00,0.00,0.00,1.00,1.00,0.00,1.00,0.00,0.00,0.00,1.00,0.00,0.00,4.00,3.00,0.00,1.00,0.00,2.00,4.00,0.00,0.00,4.00,6.00,12.00,5.00,10.00,11.00,16.00,50.00,27.00,32.00,3.00,2.00,0.00,1.00,0.00,0.00,0.00,0.00,0.00,0.00,0.00,0.00,0.00,0.00,1.00,0.00,0.00,0.00,0.00,0.00,0.00,0.00,0.00,0.00,0.00,0.00,0.00,0.00,0.00,3.00,0.00,2.00,0.00,1.00,0.00,2.00,4.00,2.00,6.00,8.00,2.00,2.00,3.00,3.00,3.00,27.00,0.00,1.00,4.00,0.00,6.00,2.00,3.00,1.00,2.00,1.00,1.00,2.00,11.00,3.00,18.00,3.00,3.00,1.00,0.00,1.00,1.00,16.00,2.00
1046,18.00,0.00,0.00,0.00,3.00,0.00,43.00,160.00,0.00,0.00,0.00,0.00,0.00,0.00,1.00,0.00,1.00,0.00,0.00,1.00,0.00,0.00,0.00,0.00,0.00,0.00,0.00,2.00,0.00,0.00,0.00,0.00,1.00,5.00,1.00,5.00,2.00,1.00,4.00,5.00,1.00,5.00,5.00,13.00,8.00,11.00,14.00,20.00,7.00,0.00,3.00,0.00,0.00,0.00,0.00,0.00,0.00,0.00,0.00,0.00,0.00,0.00,0.00,0.00,0.00,0.00,0.00,0.00,0.00,0.00,0.00,0.00,0.00,0.00,0.00,0.00,0.00,0.00,1.00,0.00,0.00,0.00,1.00,0.00,0.00,0.00,0.00,4.00,2.00,5.00,8.00,0.00,0.00,5.00,1.00,1.00,12.00,3.00,3.00,4.00,1.00,4.00,5.00,2.00,0.00,0.00,0.00,5.00,2.00,5.00,1.00,12.00,6.00,0.00,2.00,0.00,0.00,0.00,16.00,1.00
1047,8.00,0.00,1.00,0.00,2.00,0.00,72.00,138.00,0.00,0.00,0.00,0.00,0.00,0.00,1.00,0.00,0.00,0.00,0.00,4.00,0.00,0.00,0.00,0.00,0.00,0.00,0.00,3.00,3.00,0.00,0.00,0.00,0.00,6.00,0.00,0.00,2.00,3.00,5.00,7.00,0.00,7.00,3.00,12.00,4.00,16.00,6.00,8.00,77.00,45.00,72.00,4.00,3.00,1.00,0.00,2.00,3.00,0.00,0.00,0.00,0.00,0.00,0.00,0.00,0.00,0.00,0.00,0.00,0.00,0.00,0.00,0.00,1.00,0.00,0.00,0.00,0.00,0.00,0.00,0.00,1.00,1.00,3.00,2.00,0.00,4.00,0.00,1.00,0.00,3.00,5.00,5.00,2.00,5.00,1.00,4.00,24.00,0.00,2.00,3.00,0.00,6.00,4.00,7.00,0.00,1.00,1.00,4.00,5.00,5.00,1.00,5.00,2.00,1.00,4.00,1.00,1.00,1.00,18.00,0.00
1048,20.00,0.00,1.00,0.00,1.00,1.00,96.00,171.00,0.00,2.00,0.00,0.00,0.00,1.00,0.00,0.00,0.00,0.00,0.00,3.00,0.00,0.00,1.00,1.00,0.00,0.00,0.00,1.00,3.00,0.00,1.00,1.00,1.00,3.00,3.00,3.00,1.00,0.00,9.00,4.00,0.00,8.00,4.00,1.00,9.00,5.00,6.00,11.00,14.00,19.00,15.00,9.00,0.00,3.00,0.00,0.00,2.00,0.00,0.00,0.00,0.00,0.00,0.00,0.00,0.00,0.00,0.00,1.00,0.00,0.00,0.00,0.00,0.00,0.00,0.00,0.00,0.00,1.00,2.00,0.00,0.00,0.00,2.00,0.00,0.00,1.00,0.00,2.00,5.00,7.00,5.00,2.00,2.00,3.00,0.00,1.00,24.00,1.00,1.00,0.00,1.00,5.00,3.00,6.00,0.00,0.00,0.00,4.00,3.00,13.00,6.00,17.00,3.00,4.00,2.00,2.00,2.00,1.00,13.00,0.00
1049,1.00,0.00,1.00,11.00,27.00,1.00,0.00,0.00,2.00,0.00,3.00,0.00,0.00,1.00,0.00,0.00,1.00,0.00,0.00,2.00,0.00,0.00,0.00,0.00,0.00,0.00,0.00,0.00,0.00,0.00,0.00,0.00,0.00,0.00,0.00,0.00,0.00,0.00,0.00,0.00,0.00,0.00,0.00,0.00,0.00,0.00,0.00,0.00,0.00,0.00,0.00,0.00,1.00,0.00,0.00,0.00,0.00,0.00,26.00,0.00,21.00,8.00,3.00,26.00,0.00,32.00,26.00,71.00,5.00,3.00,21.00,3.00,1.00,5.00,1.00,0.00,0.00,5.00,0.00,0.00,0.00,0.00,0.00,4.00,16.00,0.00,8.00,0.00,0.00,1.00,1.00,0.00,0.00,0.00,0.00,0.00,3.00,0.00,0.00,3.00,0.00,0.00,0.00,0.00,0.00,0.00,0.00,0.00,0.00,0.00,0.00,0.00,0.00,0.00,0.00,0.00,0.00,0.00,2.00,0.00
1050,5.00,0.00,1.00,10.00,16.00,2.00,0.00,0.00,2.00,3.00,37.00,2.00,2.00,7.00,4.00,9.00,3.00,0.00,1.00,0.00,2.00,0.00,0.00,3.00,0.00,1.00,2.00,5.00,1.00,0.00,0.00,0.00,0.00,2.00,0.00,0.00,0.00,0.00,0.00,0.00,0.00,2.00,0.00,0.00,0.00,0.00,0.00,0.00,0.00,0.00,0.00,0.00,0.00,0.00,0.00,0.00,0.00,47.00,39.00,14.00,50.00,21.00,7.00,41.00,4.00,24.00,46.00,121.00,11.00,2.00,29.00,0.00,1.00,1.00,1.00,0.00,2.00,37.00,2.00,22.00,2.00,3.00,0.00,1.00,41.00,0.00,150.00,1.00,1.00,0.00,1.00,5.00,2.00,0.00,0.00,0.00,5.00,0.00,0.00,0.00,0.00,2.00,1.00,4.00,0.00,0.00,2.00,0.00,2.00,0.00,2.00,0.00,2.00,0.00,0.00,0.00,0.00,0.00,7.00,0.00
1051,9.00,0.00,0.00,17.00,69.00,0.00,0.00,0.00,1.00,2.00,5.00,0.00,1.00,0.00,2.00,5.00,9.00,1.00,0.00,0.00,2.00,0.00,0.00,0.00,3.00,0.00,0.00,2.00,0.00,0.00,0.00,0.00,0.00,0.00,0.00,0.00,0.00,0.00,0.00,0.00,0.00,0.00,1.00,0.00,0.00,0.00,0.00,0.00,0.00,0.00,1.00,0.00,0.00,0.00,0.00,0.00,0.00,41.00,86.00,7.00,10.00,17.00,30.00,97.00,1.00,103.00,106.00,227.00,30.00,4.00,41.00,0.00,1.00,6.00,4.00,0.00,1.00,10.00,0.00,3.00,2.00,0.00,0.00,5.00,28.00,0.00,18.00,0.00,0.00,2.00,0.00,0.00,0.00,0.00,0.00,0.00,5.00,0.00,0.00,0.00,0.00,0.00,0.00,1.00,0.00,0.00,0.00,0.00,0.00,0.00,0.00,0.00,0.00,0.00,0.00,0.00,0.00,0.00,5.00,0.00
1052,13.00,0.00,0.00,18.00,41.00,3.00,3.00,0.00,5.00,0.00,14.00,0.00,5.00,2.00,0.00,13.00,2.00,1.00,0.00,0.00,0.00,0.00,1.00,0.00,0.00,2.00,1.00,5.00,0.00,0.00,0.00,0.00,0.00,0.00,0.00,1.00,0.00,0.00,1.00,0.00,0.00,0.00,0.00,0.00,0.00,0.00,0.00,0.00,0.00,0.00,0.00,0.00,0.00,0.00,0.00,0.00,0.00,68.00,52.00,24.00,1.00,5.00,28.00,70.00,5.00,174.00,116.00,416.00,14.00,1.00,80.00,5.00,4.00,9.00,9.00,6.00,0.00,7.00,0.00,3.00,0.00,1.00,1.00,4.00,12.00,0.00,12.00,0.00,0.00,0.00,3.00,0.00,0.00,1.00,0.00,0.00,0.00,0.00,0.00,0.00,0.00,0.00,0.00,1.00,0.00,0.00,0.00,0.00,0.00,1.00,2.00,0.00,0.00,0.00,0.00,0.00,0.00,0.00,0.00,0.00
1053,9.00,0.00,0.00,26.00,99.00,1.00,0.00,0.00,8.00,0.00,4.00,0.00,0.00,2.00,1.00,14.00,2.00,0.00,0.00,0.00,3.00,0.00,0.00,0.00,0.00,0.00,4.00,0.00,0.00,0.00,0.00,0.00,1.00,1.00,0.00,0.00,0.00,0.00,0.00,0.00,0.00,2.00,0.00,0.00,0.00,0.00,0.00,0.00,0.00,0.00,0.00,0.00,0.00,0.00,0.00,0.00,0.00,17.00,23.00,27.00,19.00,8.00,1.00,12.00,15.00,12.00,6.00,146.00,27.00,7.00,50.00,10.00,7.00,11.00,19.00,5.00,0.00,0.00,0.00,0.00,1.00,0.00,0.00,3.00,2.00,1.00,15.00,0.00,0.00,0.00,1.00,0.00,0.00,0.00,0.00,1.00,2.00,0.00,1.00,0.00,0.00,1.00,0.00,3.00,0.00,0.00,0.00,0.00,0.00,1.00,0.00,0.00,0.00,0.00,0.00,0.00,0.00,0.00,1.00,0.00
1054,8.00,0.00,0.00,25.00,81.00,2.00,0.00,1.00,6.00,0.00,12.00,0.00,2.00,1.00,0.00,7.00,1.00,1.00,2.00,0.00,0.00,0.00,0.00,0.00,0.00,1.00,0.00,0.00,0.00,0.00,0.00,0.00,0.00,0.00,0.00,1.00,1.00,0.00,0.00,0.00,0.00,1.00,1.00,0.00,0.00,0.00,0.00,0.00,0.00,0.00,0.00,0.00,0.00,0.00,0.00,0.00,0.00,21.00,33.00,27.00,33.00,10.00,0.00,2.00,11.00,1.00,1.00,73.00,41.00,6.00,46.00,7.00,0.00,14.00,12.00,4.00,1.00,0.00,0.00,0.00,0.00,0.00,0.00,0.00,6.00,0.00,11.00,0.00,0.00,0.00,1.00,0.00,0.00,0.00,0.00,0.00,1.00,0.00,2.00,0.00,0.00,0.00,0.00,0.00,2.00,0.00,1.00,0.00,1.00,0.00,0.00,0.00,0.00,0.00,0.00,0.00,0.00,0.00,3.00,0.00
1055,7.00,0.00,0.00,43.00,165.00,1.00,0.00,1.00,5.00,2.00,10.00,0.00,1.00,1.00,1.00,6.00,5.00,0.00,14.00,0.00,4.00,1.00,0.00,0.00,0.00,0.00,0.00,3.00,2.00,1.00,1.00,0.00,0.00,0.00,0.00,0.00,0.00,0.00,0.00,0.00,0.00,0.00,0.00,0.00,0.00,0.00,0.00,0.00,0.00,0.00,0.00,0.00,0.00,0.00,0.00,0.00,0.00,9.00,7.00,19.00,17.00,20.00,0.00,3.00,37.00,0.00,2.00,2.00,31.00,14.00,15.00,8.00,2.00,12.00,24.00,19.00,1.00,4.00,0.00,0.00,0.00,2.00,0.00,3.00,9.00,0.00,32.00,0.00,0.00,0.00,0.00,0.00,0.00,0.00,0.00,0.00,0.00,0.00,0.00,0.00,0.00,0.00,2.00,0.00,0.00,4.00,0.00,0.00,0.00,0.00,0.00,0.00,0.00,0.00,0.00,0.00,0.00,0.00,0.00,0.00
1056,6.00,0.00,1.00,93.00,207.00,1.00,0.00,0.00,4.00,0.00,5.00,0.00,0.00,1.00,0.00,5.00,0.00,0.00,0.00,2.00,1.00,0.00,0.00,1.00,2.00,1.00,0.00,0.00,0.00,0.00,0.00,0.00,0.00,0.00,0.00,0.00,0.00,0.00,0.00,0.00,0.00,0.00,0.00,0.00,0.00,0.00,0.00,0.00,0.00,0.00,0.00,0.00,0.00,0.00,0.00,0.00,0.00,1.00,12.00,8.00,8.00,12.00,9.00,63.00,26.00,59.00,58.00,338.00,21.00,19.00,91.00,2.00,13.00,29.00,13.00,7.00,0.00,0.00,0.00,1.00,0.00,0.00,0.00,3.00,4.00,0.00,10.00,0.00,0.00,0.00,2.00,0.00,0.00,0.00,0.00,0.00,0.00,0.00,1.00,1.00,0.00,0.00,2.00,1.00,0.00,0.00,0.00,0.00,0.00,0.00,0.00,0.00,0.00,0.00,0.00,0.00,1.00,0.00,0.00,0.00
1057,4.00,1.00,0.00,18.00,85.00,0.00,0.00,0.00,12.00,0.00,8.00,1.00,0.00,1.00,0.00,6.00,0.00,4.00,7.00,0.00,0.00,0.00,1.00,2.00,0.00,0.00,2.00,2.00,0.00,1.00,0.00,0.00,1.00,0.00,2.00,2.00,0.00,0.00,0.00,0.00,0.00,0.00,0.00,0.00,0.00,0.00,0.00,0.00,0.00,2.00,0.00,0.00,0.00,0.00,0.00,0.00,0.00,4.00,22.00,13.00,26.00,23.00,2.00,0.00,30.00,0.00,3.00,16.00,46.00,11.00,59.00,4.00,4.00,26.00,23.00,12.00,0.00,0.00,0.00,3.00,1.00,0.00,1.00,2.00,5.00,0.00,28.00,0.00,0.00,0.00,3.00,0.00,1.00,1.00,1.00,0.00,2.00,0.00,0.00,0.00,0.00,1.00,2.00,0.00,0.00,2.00,0.00,0.00,1.00,0.00,0.00,0.00,0.00,0.00,0.00,0.00,0.00,0.00,2.00,0.00
1058,14.00,0.00,0.00,41.00,100.00,2.00,0.00,1.00,12.00,0.00,15.00,1.00,0.00,0.00,2.00,7.00,1.00,1.00,11.00,0.00,2.00,0.00,1.00,4.00,1.00,0.00,3.00,5.00,0.00,0.00,0.00,3.00,0.00,0.00,0.00,1.00,0.00,0.00,0.00,0.00,0.00,0.00,0.00,0.00,0.00,0.00,0.00,0.00,0.00,0.00,1.00,0.00,0.00,0.00,0.00,0.00,0.00,21.00,39.00,30.00,36.00,29.00,1.00,1.00,17.00,2.00,1.00,18.00,37.00,12.00,34.00,4.00,7.00,21.00,30.00,10.00,1.00,2.00,2.00,3.00,0.00,0.00,2.00,6.00,4.00,0.00,32.00,0.00,0.00,0.00,0.00,0.00,0.00,0.00,0.00,0.00,4.00,0.00,0.00,0.00,0.00,0.00,0.00,1.00,0.00,0.00,0.00,1.00,0.00,0.00,0.00,0.00,0.00,0.00,0.00,0.00,0.00,0.00,0.00,1.00
1059,19.00,1.00,1.00,77.00,190.00,2.00,0.00,1.00,14.00,4.00,4.00,0.00,0.00,6.00,2.00,15.00,0.00,2.00,9.00,1.00,10.00,1.00,0.00,5.00,1.00,4.00,0.00,4.00,0.00,5.00,1.00,0.00,2.00,1.00,0.00,0.00,3.00,0.00,0.00,0.00,0.00,1.00,0.00,0.00,0.00,0.00,0.00,0.00,0.00,0.00,0.00,0.00,0.00,0.00,0.00,0.00,0.00,21.00,18.00,29.00,24.00,21.00,18.00,10.00,72.00,1.00,7.00,21.00,59.00,30.00,78.00,11.00,13.00,51.00,30.00,36.00,1.00,2.00,0.00,0.00,0.00,0.00,1.00,0.00,14.00,0.00,64.00,0.00,0.00,0.00,1.00,0.00,0.00,0.00,0.00,0.00,3.00,0.00,0.00,0.00,0.00,0.00,0.00,3.00,0.00,3.00,0.00,0.00,1.00,0.00,0.00,0.00,0.00,0.00,0.00,1.00,0.00,0.00,3.00,0.00
1060,12.00,1.00,0.00,23.00,82.00,0.00,0.00,0.00,9.00,2.00,11.00,2.00,0.00,8.00,0.00,36.00,3.00,9.00,1.00,0.00,1.00,0.00,0.00,1.00,1.00,6.00,1.00,0.00,0.00,0.00,0.00,0.00,0.00,0.00,0.00,0.00,0.00,0.00,0.00,0.00,0.00,0.00,0.00,0.00,0.00,0.00,0.00,0.00,0.00,0.00,0.00,0.00,0.00,0.00,0.00,0.00,0.00,21.00,25.00,23.00,37.00,19.00,14.00,62.00,14.00,97.00,78.00,248.00,25.00,7.00,70.00,6.00,7.00,35.00,25.00,19.00,2.00,2.00,0.00,2.00,0.00,0.00,0.00,4.00,9.00,0.00,31.00,0.00,0.00,0.00,1.00,0.00,0.00,0.00,0.00,0.00,8.00,0.00,0.00,0.00,0.00,1.00,1.00,2.00,0.00,1.00,2.00,0.00,0.00,0.00,0.00,1.00,0.00,0.00,0.00,0.00,2.00,0.00,0.00,0.00
1061,6.00,0.00,2.00,136.00,494.00,5.00,0.00,0.00,5.00,0.00,0.00,0.00,2.00,2.00,2.00,2.00,0.00,0.00,0.00,0.00,2.00,0.00,1.00,2.00,0.00,3.00,0.00,0.00,0.00,0.00,0.00,0.00,0.00,0.00,0.00,1.00,0.00,0.00,1.00,0.00,0.00,0.00,0.00,0.00,0.00,0.00,0.00,0.00,0.00,0.00,0.00,0.00,0.00,0.00,0.00,0.00,0.00,3.00,2.00,1.00,2.00,0.00,13.00,31.00,10.00,48.00,39.00,139.00,10.00,36.00,38.00,34.00,36.00,17.00,12.00,7.00,0.00,1.00,0.00,1.00,0.00,0.00,0.00,0.00,1.00,0.00,1.00,0.00,0.00,0.00,1.00,0.00,0.00,0.00,0.00,0.00,0.00,0.00,0.00,0.00,0.00,0.00,0.00,0.00,0.00,0.00,0.00,0.00,0.00,1.00,0.00,0.00,0.00,0.00,0.00,0.00,0.00,0.00,0.00,0.00
1062,25.00,0.00,2.00,56.00,195.00,2.00,0.00,2.00,27.00,3.00,13.00,0.00,3.00,6.00,1.00,44.00,1.00,3.00,3.00,0.00,13.00,0.00,1.00,3.00,3.00,3.00,0.00,5.00,0.00,2.00,0.00,1.00,0.00,0.00,0.00,1.00,0.00,0.00,0.00,0.00,0.00,2.00,0.00,0.00,0.00,0.00,0.00,0.00,0.00,0.00,0.00,0.00,0.00,0.00,1.00,0.00,0.00,9.00,12.00,10.00,22.00,12.00,24.00,36.00,26.00,69.00,74.00,274.00,38.00,22.00,94.00,20.00,11.00,51.00,25.00,30.00,1.00,1.00,0.00,0.00,0.00,0.00,0.00,1.00,9.00,0.00,25.00,0.00,0.00,0.00,0.00,0.00,0.00,0.00,1.00,1.00,1.00,0.00,1.00,0.00,0.00,0.00,2.00,3.00,0.00,1.00,0.00,0.00,1.00,0.00,0.00,1.00,0.00,0.00,0.00,0.00,0.00,0.00,1.00,0.00
1063,15.00,0.00,0.00,49.00,298.00,2.00,0.00,0.00,4.00,0.00,0.00,0.00,1.00,2.00,0.00,9.00,1.00,0.00,2.00,1.00,2.00,0.00,0.00,2.00,0.00,1.00,0.00,1.00,1.00,0.00,0.00,0.00,0.00,0.00,0.00,1.00,0.00,0.00,0.00,0.00,0.00,1.00,0.00,0.00,0.00,0.00,0.00,0.00,0.00,0.00,1.00,0.00,0.00,0.00,0.00,0.00,0.00,3.00,7.00,2.00,2.00,13.00,12.00,75.00,10.00,148.00,73.00,494.00,22.00,62.00,77.00,9.00,13.00,47.00,28.00,13.00,0.00,0.00,0.00,0.00,0.00,0.00,0.00,0.00,3.00,0.00,3.00,0.00,0.00,0.00,0.00,0.00,0.00,0.00,0.00,0.00,3.00,0.00,1.00,0.00,0.00,0.00,0.00,0.00,0.00,3.00,0.00,0.00,1.00,0.00,0.00,0.00,0.00,0.00,0.00,0.00,0.00,0.00,0.00,0.00
1064,17.00,2.00,0.00,99.00,959.00,2.00,0.00,0.00,14.00,0.00,3.00,0.00,1.00,1.00,0.00,2.00,0.00,0.00,0.00,1.00,0.00,1.00,0.00,2.00,0.00,0.00,0.00,3.00,0.00,0.00,0.00,0.00,0.00,3.00,0.00,0.00,0.00,0.00,0.00,2.00,0.00,0.00,0.00,0.00,0.00,0.00,0.00,0.00,0.00,0.00,0.00,1.00,0.00,0.00,0.00,0.00,0.00,2.00,0.00,4.00,1.00,3.00,3.00,22.00,17.00,24.00,32.00,68.00,10.00,85.00,32.00,27.00,43.00,59.00,19.00,5.00,0.00,0.00,0.00,0.00,0.00,0.00,0.00,0.00,2.00,1.00,1.00,0.00,0.00,0.00,0.00,0.00,0.00,0.00,0.00,0.00,0.00,0.00,0.00,0.00,0.00,0.00,0.00,1.00,0.00,0.00,0.00,2.00,0.00,0.00,0.00,0.00,0.00,0.00,0.00,0.00,0.00,0.00,0.00,0.00
1065,24.00,3.00,0.00,19.00,441.00,2.00,0.00,0.00,55.00,2.00,13.00,0.00,0.00,2.00,0.00,26.00,2.00,7.00,3.00,3.00,4.00,1.00,3.00,8.00,11.00,14.00,0.00,0.00,0.00,2.00,0.00,0.00,0.00,0.00,0.00,1.00,0.00,0.00,0.00,0.00,0.00,0.00,0.00,0.00,0.00,0.00,0.00,0.00,0.00,0.00,0.00,0.00,0.00,0.00,0.00,0.00,0.00,5.00,5.00,1.00,4.00,8.00,10.00,65.00,8.00,60.00,59.00,257.00,27.00,10.00,92.00,13.00,22.00,0.00,85.00,96.00,0.00,0.00,0.00,3.00,0.00,0.00,0.00,0.00,0.00,1.00,0.00,1.00,0.00,0.00,2.00,0.00,0.00,0.00,1.00,1.00,2.00,0.00,0.00,0.00,0.00,0.00,0.00,1.00,0.00,0.00,3.00,0.00,2.00,0.00,0.00,0.00,0.00,0.00,0.00,0.00,0.00,0.00,1.00,0.00
1066,15.00,2.00,3.00,9.00,321.00,6.00,0.00,0.00,74.00,1.00,4.00,0.00,3.00,0.00,0.00,13.00,1.00,2.00,4.00,0.00,9.00,0.00,2.00,4.00,3.00,5.00,0.00,7.00,0.00,1.00,0.00,0.00,1.00,0.00,1.00,0.00,0.00,0.00,0.00,0.00,1.00,0.00,0.00,0.00,0.00,0.00,0.00,0.00,0.00,0.00,0.00,0.00,0.00,0.00,0.00,0.00,0.00,5.00,3.00,3.00,2.00,8.00,4.00,25.00,3.00,36.00,35.00,120.00,23.00,13.00,80.00,10.00,19.00,19.00,24.00,49.00,0.00,1.00,0.00,0.00,0.00,0.00,0.00,0.00,0.00,0.00,0.00,0.00,0.00,0.00,1.00,0.00,0.00,0.00,0.00,0.00,1.00,2.00,0.00,3.00,0.00,1.00,1.00,0.00,0.00,0.00,0.00,1.00,2.00,0.00,1.00,0.00,1.00,0.00,0.00,1.00,0.00,0.00,0.00,0.00
1067,141.00,0.00,0.00,2.00,213.00,6.00,1.00,1.00,389.00,1.00,9.00,0.00,8.00,11.00,1.00,35.00,4.00,19.00,9.00,5.00,89.00,4.00,8.00,50.00,34.00,66.00,0.00,2.00,0.00,0.00,0.00,1.00,1.00,2.00,0.00,1.00,0.00,3.00,1.00,0.00,3.00,3.00,0.00,0.00,0.00,0.00,0.00,0.00,0.00,0.00,0.00,1.00,0.00,0.00,0.00,0.00,0.00,0.00,9.00,0.00,0.00,4.00,4.00,10.00,7.00,18.00,10.00,72.00,3.00,2.00,29.00,2.00,3.00,60.00,12.00,15.00,0.00,3.00,0.00,0.00,0.00,0.00,0.00,0.00,1.00,0.00,3.00,0.00,0.00,0.00,0.00,0.00,0.00,0.00,1.00,1.00,3.00,2.00,4.00,1.00,0.00,3.00,0.00,3.00,0.00,0.00,0.00,2.00,3.00,0.00,1.00,0.00,0.00,2.00,0.00,1.00,5.00,0.00,3.00,0.00
1068,1.00,0.00,1.00,3.00,3.00,2.00,0.00,0.00,0.00,1.00,4.00,1.00,2.00,7.00,0.00,1.00,0.00,0.00,0.00,1.00,0.00,1.00,0.00,1.00,0.00,4.00,26.00,6.00,2.00,5.00,1.00,4.00,3.00,3.00,0.00,2.00,2.00,0.00,2.00,0.00,1.00,8.00,3.00,0.00,0.00,0.00,0.00,0.00,2.00,4.00,2.00,0.00,0.00,0.00,0.00,0.00,0.00,0.00,0.00,0.00,1.00,0.00,1.00,0.00,0.00,2.00,1.00,2.00,0.00,0.00,0.00,0.00,0.00,0.00,0.00,0.00,3.00,16.00,65.00,121.00,6.00,25.00,4.00,11.00,1.00,18.00,14.00,3.00,5.00,6.00,16.00,7.00,3.00,0.00,5.00,0.00,25.00,0.00,6.00,6.00,0.00,3.00,0.00,11.00,0.00,3.00,0.00,0.00,3.00,0.00,4.00,0.00,0.00,0.00,1.00,0.00,0.00,0.00,9.00,4.00
1069,2.00,1.00,0.00,4.00,4.00,4.00,0.00,0.00,6.00,0.00,10.00,4.00,0.00,12.00,0.00,0.00,0.00,0.00,0.00,0.00,1.00,0.00,0.00,0.00,0.00,0.00,1.00,15.00,0.00,4.00,0.00,0.00,4.00,0.00,3.00,2.00,0.00,0.00,2.00,3.00,1.00,2.00,2.00,0.00,0.00,0.00,0.00,0.00,0.00,0.00,1.00,0.00,2.00,0.00,0.00,0.00,0.00,9.00,32.00,8.00,11.00,1.00,0.00,11.00,0.00,3.00,4.00,7.00,0.00,0.00,1.00,0.00,0.00,0.00,0.00,0.00,14.00,16.00,3.00,55.00,0.00,12.00,0.00,15.00,25.00,1.00,103.00,6.00,0.00,1.00,3.00,2.00,3.00,0.00,5.00,1.00,20.00,0.00,0.00,0.00,0.00,2.00,1.00,1.00,0.00,0.00,0.00,0.00,3.00,0.00,2.00,0.00,0.00,0.00,0.00,1.00,0.00,0.00,5.00,1.00
1070,3.00,0.00,2.00,4.00,2.00,2.00,0.00,0.00,0.00,3.00,0.00,0.00,0.00,2.00,0.00,0.00,0.00,0.00,0.00,0.00,0.00,2.00,0.00,0.00,0.00,2.00,52.00,13.00,5.00,1.00,2.00,3.00,9.00,4.00,0.00,5.00,4.00,6.00,5.00,1.00,0.00,1.00,1.00,0.00,0.00,0.00,0.00,0.00,1.00,0.00,4.00,0.00,0.00,0.00,0.00,0.00,0.00,0.00,0.00,2.00,0.00,0.00,0.00,0.00,0.00,3.00,3.00,7.00,0.00,0.00,0.00,0.00,0.00,0.00,0.00,0.00,64.00,13.00,0.00,76.00,9.00,33.00,24.00,16.00,7.00,79.00,12.00,15.00,9.00,0.00,18.00,4.00,6.00,4.00,2.00,5.00,42.00,1.00,7.00,3.00,1.00,15.00,3.00,5.00,0.00,2.00,0.00,3.00,1.00,1.00,2.00,1.00,0.00,0.00,0.00,0.00,0.00,0.00,20.00,1.00
1071,8.00,1.00,0.00,2.00,5.00,0.00,0.00,0.00,0.00,2.00,0.00,0.00,0.00,1.00,0.00,0.00,0.00,0.00,0.00,0.00,0.00,0.00,0.00,0.00,0.00,0.00,20.00,13.00,0.00,0.00,0.00,0.00,0.00,0.00,0.00,1.00,0.00,0.00,0.00,0.00,0.00,0.00,0.00,0.00,0.00,0.00,0.00,0.00,0.00,0.00,0.00,0.00,0.00,0.00,0.00,0.00,0.00,1.00,6.00,1.00,0.00,0.00,0.00,3.00,0.00,0.00,0.00,0.00,0.00,0.00,3.00,0.00,0.00,0.00,0.00,0.00,100.00,14.00,56.00,0.00,5.00,3.00,6.00,0.00,29.00,0.00,41.00,2.00,2.00,0.00,13.00,0.00,0.00,3.00,5.00,7.00,16.00,3.00,2.00,3.00,1.00,0.00,1.00,9.00,0.00,1.00,0.00,3.00,6.00,0.00,4.00,0.00,2.00,3.00,0.00,0.00,0.00,0.00,8.00,1.00
1072,10.00,2.00,2.00,5.00,5.00,1.00,0.00,0.00,0.00,5.00,0.00,0.00,0.00,0.00,0.00,0.00,0.00,1.00,0.00,0.00,0.00,2.00,6.00,0.00,0.00,0.00,47.00,6.00,7.00,8.00,2.00,0.00,4.00,0.00,0.00,2.00,3.00,0.00,2.00,0.00,0.00,5.00,6.00,0.00,0.00,0.00,0.00,0.00,2.00,0.00,2.00,1.00,0.00,1.00,0.00,0.00,0.00,0.00,3.00,0.00,0.00,0.00,0.00,1.00,0.00,0.00,0.00,1.00,0.00,0.00,0.00,0.00,0.00,0.00,0.00,0.00,21.00,5.00,27.00,65.00,12.00,26.00,15.00,10.00,3.00,50.00,8.00,24.00,12.00,0.00,35.00,7.00,4.00,2.00,3.00,1.00,25.00,2.00,0.00,8.00,0.00,3.00,3.00,4.00,2.00,0.00,0.00,0.00,13.00,0.00,12.00,0.00,1.00,0.00,0.00,1.00,0.00,0.00,23.00,0.00
1073,8.00,1.00,0.00,1.00,4.00,0.00,0.00,0.00,3.00,25.00,2.00,5.00,7.00,15.00,1.00,0.00,0.00,1.00,1.00,9.00,0.00,0.00,2.00,0.00,0.00,0.00,30.00,46.00,1.00,6.00,8.00,1.00,5.00,5.00,20.00,20.00,23.00,2.00,3.00,0.00,0.00,1.00,10.00,0.00,0.00,1.00,0.00,0.00,3.00,0.00,1.00,0.00,1.00,1.00,6.00,0.00,0.00,0.00,11.00,1.00,0.00,0.00,0.00,0.00,0.00,0.00,1.00,3.00,0.00,0.00,2.00,0.00,0.00,2.00,0.00,0.00,19.00,13.00,39.00,27.00,21.00,12.00,6.00,24.00,15.00,7.00,59.00,12.00,8.00,6.00,95.00,9.00,10.00,9.00,6.00,9.00,98.00,7.00,9.00,26.00,2.00,11.00,3.00,10.00,0.00,4.00,1.00,3.00,6.00,9.00,3.00,1.00,1.00,1.00,1.00,2.00,0.00,0.00,49.00,4.00
1074,6.00,1.00,1.00,2.00,3.00,0.00,8.00,4.00,4.00,4.00,0.00,0.00,0.00,3.00,0.00,1.00,0.00,0.00,0.00,1.00,0.00,2.00,0.00,0.00,0.00,0.00,46.00,3.00,11.00,7.00,11.00,2.00,8.00,15.00,0.00,2.00,5.00,13.00,6.00,10.00,2.00,1.00,6.00,2.00,0.00,5.00,0.00,4.00,10.00,4.00,3.00,2.00,3.00,0.00,0.00,1.00,0.00,0.00,0.00,0.00,0.00,0.00,0.00,0.00,0.00,0.00,0.00,0.00,0.00,0.00,3.00,0.00,0.00,0.00,0.00,0.00,26.00,5.00,107.00,18.00,13.00,11.00,0.00,2.00,1.00,5.00,4.00,33.00,27.00,43.00,24.00,16.00,2.00,7.00,3.00,1.00,35.00,1.00,4.00,5.00,2.00,16.00,1.00,12.00,2.00,4.00,1.00,0.00,1.00,0.00,2.00,0.00,2.00,0.00,0.00,1.00,0.00,0.00,31.00,3.00
1075,6.00,0.00,0.00,2.00,4.00,1.00,1.00,0.00,8.00,8.00,30.00,17.00,8.00,56.00,5.00,3.00,3.00,1.00,3.00,2.00,0.00,0.00,1.00,1.00,0.00,5.00,7.00,17.00,0.00,12.00,0.00,6.00,7.00,1.00,1.00,5.00,9.00,0.00,5.00,1.00,0.00,5.00,1.00,1.00,0.00,0.00,0.00,0.00,2.00,5.00,0.00,0.00,0.00,0.00,0.00,0.00,0.00,4.00,46.00,1.00,1.00,2.00,1.00,2.00,0.00,4.00,11.00,18.00,0.00,1.00,5.00,0.00,0.00,0.00,1.00,0.00,13.00,31.00,10.00,55.00,4.00,17.00,2.00,14.00,25.00,10.00,111.00,6.00,0.00,0.00,38.00,5.00,4.00,1.00,5.00,6.00,47.00,2.00,8.00,15.00,1.00,8.00,5.00,12.00,0.00,9.00,0.00,4.00,4.00,0.00,6.00,0.00,1.00,0.00,0.00,1.00,0.00,0.00,5.00,1.00
1076,7.00,0.00,0.00,3.00,11.00,1.00,0.00,0.00,6.00,22.00,40.00,6.00,20.00,36.00,3.00,21.00,0.00,0.00,2.00,1.00,3.00,1.00,2.00,4.00,3.00,0.00,0.00,38.00,0.00,2.00,0.00,2.00,1.00,0.00,0.00,0.00,0.00,0.00,1.00,0.00,0.00,2.00,2.00,0.00,0.00,0.00,0.00,0.00,0.00,1.00,0.00,0.00,0.00,0.00,0.00,0.00,0.00,10.00,65.00,2.00,14.00,9.00,2.00,18.00,7.00,8.00,16.00,45.00,14.00,0.00,8.00,0.00,0.00,0.00,6.00,1.00,3.00,44.00,2.00,73.00,1.00,8.00,0.00,28.00,27.00,0.00,41.00,0.00,0.00,0.00,12.00,0.00,1.00,1.00,0.00,2.00,9.00,2.00,0.00,0.00,2.00,2.00,0.00,2.00,0.00,0.00,0.00,0.00,3.00,0.00,0.00,0.00,0.00,0.00,0.00,0.00,0.00,0.00,10.00,0.00
1077,19.00,0.00,0.00,4.00,5.00,0.00,1.00,2.00,0.00,4.00,5.00,0.00,4.00,1.00,0.00,3.00,0.00,0.00,0.00,1.00,0.00,5.00,2.00,1.00,0.00,0.00,35.00,20.00,37.00,16.00,14.00,4.00,12.00,41.00,6.00,17.00,23.00,19.00,51.00,6.00,6.00,17.00,16.00,8.00,4.00,6.00,1.00,1.00,11.00,5.00,11.00,8.00,2.00,1.00,0.00,0.00,0.00,0.00,0.00,1.00,1.00,0.00,1.00,4.00,0.00,2.00,0.00,0.00,0.00,0.00,0.00,0.00,0.00,0.00,0.00,0.00,63.00,2.00,236.00,36.00,12.00,15.00,1.00,11.00,1.00,1.00,3.00,49.00,80.00,61.00,123.00,33.00,11.00,0.00,18.00,8.00,91.00,3.00,22.00,32.00,4.00,43.00,13.00,19.00,3.00,1.00,0.00,12.00,19.00,14.00,9.00,0.00,5.00,1.00,0.00,0.00,0.00,4.00,92.00,10.00
1078,6.00,0.00,0.00,4.00,3.00,0.00,2.00,0.00,1.00,29.00,28.00,1.00,18.00,27.00,0.00,11.00,0.00,1.00,1.00,0.00,4.00,0.00,1.00,3.00,0.00,0.00,4.00,21.00,0.00,4.00,0.00,4.00,8.00,1.00,0.00,3.00,1.00,7.00,4.00,0.00,0.00,2.00,0.00,1.00,0.00,0.00,0.00,0.00,1.00,2.00,1.00,0.00,0.00,0.00,0.00,0.00,0.00,3.00,74.00,4.00,9.00,0.00,3.00,21.00,0.00,26.00,21.00,41.00,3.00,0.00,25.00,0.00,0.00,0.00,0.00,0.00,9.00,113.00,4.00,59.00,0.00,12.00,0.00,39.00,57.00,0.00,0.00,0.00,0.00,2.00,14.00,3.00,4.00,1.00,2.00,5.00,14.00,0.00,0.00,2.00,1.00,11.00,7.00,8.00,4.00,2.00,0.00,2.00,1.00,0.00,1.00,0.00,0.00,0.00,0.00,2.00,0.00,0.00,12.00,2.00
1079,7.00,0.00,0.00,0.00,4.00,1.00,6.00,2.00,5.00,13.00,4.00,2.00,1.00,4.00,7.00,0.00,3.00,3.00,1.00,3.00,0.00,1.00,1.00,0.00,0.00,0.00,54.00,23.00,16.00,8.00,20.00,14.00,12.00,23.00,15.00,20.00,13.00,23.00,66.00,13.00,11.00,19.00,26.00,12.00,2.00,21.00,0.00,2.00,14.00,6.00,8.00,3.00,1.00,1.00,1.00,0.00,0.00,0.00,2.00,0.00,0.00,2.00,0.00,0.00,0.00,0.00,0.00,0.00,1.00,0.00,0.00,0.00,0.00,0.00,0.00,0.00,3.00,1.00,22.00,3.00,14.00,10.00,24.00,3.00,3.00,45.00,2.00,8.00,17.00,26.00,115.00,22.00,16.00,22.00,2.00,20.00,161.00,6.00,13.00,23.00,3.00,23.00,13.00,25.00,3.00,4.00,3.00,16.00,15.00,2.00,6.00,3.00,5.00,0.00,0.00,0.00,0.00,2.00,62.00,11.00
1080,9.00,0.00,0.00,0.00,5.00,1.00,1.00,8.00,2.00,3.00,0.00,0.00,0.00,0.00,4.00,0.00,0.00,0.00,0.00,0.00,0.00,3.00,0.00,0.00,0.00,0.00,12.00,5.00,21.00,5.00,5.00,2.00,2.00,32.00,5.00,1.00,2.00,6.00,22.00,4.00,3.00,19.00,10.00,19.00,11.00,24.00,0.00,2.00,26.00,30.00,32.00,17.00,18.00,10.00,16.00,2.00,1.00,0.00,0.00,0.00,0.00,0.00,0.00,0.00,0.00,0.00,0.00,1.00,0.00,0.00,1.00,0.00,0.00,0.00,0.00,1.00,1.00,1.00,14.00,1.00,10.00,3.00,16.00,2.00,0.00,93.00,1.00,12.00,8.00,21.00,32.00,4.00,3.00,3.00,0.00,1.00,43.00,0.00,7.00,16.00,5.00,13.00,8.00,10.00,2.00,0.00,0.00,8.00,4.00,4.00,1.00,0.00,3.00,1.00,0.00,0.00,2.00,0.00,37.00,5.00
1081,15.00,0.00,1.00,0.00,3.00,2.00,4.00,11.00,4.00,2.00,1.00,0.00,1.00,1.00,4.00,0.00,0.00,0.00,2.00,6.00,1.00,1.00,0.00,1.00,0.00,0.00,22.00,9.00,3.00,23.00,10.00,1.00,1.00,10.00,14.00,8.00,4.00,1.00,61.00,8.00,15.00,28.00,19.00,12.00,0.00,23.00,1.00,13.00,44.00,35.00,53.00,36.00,19.00,10.00,9.00,0.00,0.00,0.00,2.00,0.00,0.00,0.00,0.00,0.00,0.00,1.00,0.00,0.00,0.00,0.00,5.00,0.00,0.00,0.00,0.00,0.00,1.00,0.00,3.00,4.00,1.00,5.00,0.00,0.00,0.00,62.00,2.00,34.00,49.00,10.00,81.00,18.00,11.00,27.00,7.00,10.00,147.00,8.00,13.00,35.00,2.00,17.00,10.00,24.00,0.00,2.00,2.00,10.00,4.00,10.00,9.00,6.00,6.00,5.00,0.00,0.00,1.00,3.00,94.00,13.00
1082,16.00,0.00,0.00,0.00,5.00,1.00,8.00,10.00,2.00,23.00,0.00,4.00,1.00,9.00,4.00,4.00,1.00,2.00,4.00,15.00,2.00,11.00,1.00,6.00,3.00,2.00,24.00,45.00,21.00,22.00,11.00,18.00,21.00,31.00,1.00,20.00,7.00,33.00,19.00,10.00,7.00,61.00,35.00,4.00,0.00,1.00,2.00,0.00,8.00,9.00,7.00,3.00,0.00,1.00,3.00,0.00,0.00,0.00,1.00,0.00,0.00,0.00,0.00,0.00,0.00,0.00,1.00,1.00,0.00,0.00,2.00,0.00,0.00,0.00,1.00,1.00,6.00,2.00,3.00,4.00,1.00,4.00,2.00,4.00,4.00,18.00,5.00,22.00,12.00,7.00,32.00,6.00,5.00,9.00,33.00,23.00,87.00,22.00,31.00,45.00,29.00,79.00,36.00,96.00,6.00,9.00,4.00,21.00,36.00,8.00,34.00,1.00,12.00,5.00,2.00,2.00,1.00,0.00,77.00,7.00
1083,19.00,0.00,1.00,0.00,6.00,0.00,3.00,6.00,3.00,18.00,4.00,3.00,2.00,8.00,8.00,1.00,2.00,2.00,15.00,17.00,2.00,9.00,0.00,2.00,0.00,1.00,22.00,33.00,17.00,18.00,6.00,26.00,21.00,19.00,3.00,5.00,1.00,11.00,15.00,9.00,15.00,47.00,44.00,4.00,1.00,1.00,0.00,1.00,1.00,9.00,6.00,6.00,1.00,0.00,2.00,0.00,1.00,0.00,1.00,0.00,1.00,1.00,0.00,0.00,0.00,0.00,0.00,2.00,0.00,1.00,1.00,0.00,0.00,0.00,0.00,3.00,1.00,0.00,8.00,4.00,0.00,8.00,1.00,6.00,2.00,13.00,4.00,12.00,5.00,9.00,29.00,2.00,0.00,12.00,32.00,11.00,16.00,13.00,33.00,21.00,16.00,38.00,44.00,81.00,17.00,9.00,9.00,14.00,26.00,12.00,22.00,1.00,20.00,4.00,7.00,3.00,2.00,0.00,27.00,2.00
1084,12.00,0.00,0.00,0.00,3.00,1.00,14.00,14.00,1.00,13.00,2.00,0.00,0.00,3.00,5.00,0.00,1.00,8.00,4.00,8.00,1.00,1.00,3.00,0.00,3.00,2.00,12.00,21.00,14.00,9.00,11.00,19.00,11.00,23.00,2.00,14.00,5.00,7.00,5.00,8.00,1.00,28.00,39.00,1.00,0.00,0.00,0.00,0.00,7.00,5.00,10.00,0.00,1.00,1.00,4.00,2.00,2.00,0.00,2.00,0.00,0.00,0.00,1.00,0.00,0.00,0.00,1.00,1.00,0.00,0.00,0.00,0.00,0.00,0.00,0.00,0.00,2.00,1.00,6.00,6.00,1.00,2.00,1.00,2.00,1.00,5.00,6.00,6.00,9.00,5.00,33.00,2.00,0.00,0.00,28.00,31.00,2.00,8.00,67.00,4.00,17.00,11.00,28.00,94.00,13.00,5.00,13.00,21.00,44.00,18.00,14.00,2.00,17.00,12.00,3.00,1.00,7.00,0.00,4.00,0.00
1085,16.00,0.00,1.00,0.00,4.00,1.00,5.00,9.00,2.00,12.00,1.00,0.00,0.00,2.00,5.00,2.00,6.00,2.00,1.00,7.00,0.00,3.00,8.00,1.00,2.00,1.00,5.00,19.00,15.00,28.00,10.00,28.00,15.00,24.00,4.00,33.00,30.00,14.00,11.00,6.00,1.00,5.00,16.00,6.00,2.00,3.00,5.00,0.00,6.00,3.00,5.00,2.00,1.00,3.00,1.00,0.00,1.00,0.00,0.00,0.00,2.00,0.00,0.00,0.00,0.00,0.00,0.00,0.00,0.00,0.00,0.00,0.00,0.00,0.00,0.00,0.00,0.00,0.00,5.00,0.00,0.00,6.00,7.00,3.00,0.00,11.00,3.00,4.00,6.00,7.00,99.00,38.00,0.00,0.00,22.00,17.00,60.00,13.00,31.00,18.00,11.00,32.00,33.00,62.00,12.00,5.00,4.00,31.00,29.00,11.00,13.00,1.00,16.00,2.00,2.00,2.00,5.00,0.00,18.00,1.00
1086,22.00,2.00,0.00,2.00,14.00,3.00,19.00,12.00,5.00,17.00,5.00,12.00,1.00,23.00,16.00,0.00,2.00,6.00,12.00,13.00,6.00,12.00,7.00,4.00,5.00,5.00,7.00,30.00,14.00,10.00,15.00,11.00,14.00,10.00,19.00,7.00,22.00,22.00,56.00,12.00,13.00,29.00,24.00,1.00,0.00,4.00,0.00,1.00,5.00,3.00,5.00,5.00,1.00,4.00,6.00,0.00,0.00,0.00,0.00,0.00,0.00,0.00,0.00,0.00,0.00,2.00,3.00,3.00,0.00,0.00,1.00,0.00,0.00,0.00,0.00,2.00,2.00,1.00,3.00,0.00,1.00,3.00,2.00,1.00,1.00,5.00,6.00,10.00,1.00,4.00,79.00,21.00,33.00,31.00,0.00,4.00,408.00,26.00,1.00,56.00,3.00,44.00,0.00,4.00,0.00,14.00,24.00,29.00,61.00,9.00,19.00,2.00,29.00,4.00,2.00,9.00,3.00,0.00,154.00,19.00
1087,10.00,0.00,0.00,1.00,9.00,2.00,10.00,6.00,2.00,9.00,4.00,4.00,3.00,6.00,7.00,1.00,8.00,3.00,3.00,8.00,2.00,8.00,6.00,1.00,0.00,0.00,9.00,22.00,6.00,21.00,10.00,24.00,14.00,13.00,8.00,1.00,3.00,15.00,57.00,8.00,12.00,33.00,30.00,1.00,2.00,3.00,0.00,0.00,8.00,6.00,6.00,5.00,1.00,6.00,7.00,0.00,0.00,0.00,1.00,0.00,1.00,0.00,0.00,0.00,2.00,0.00,0.00,2.00,0.00,0.00,0.00,1.00,0.00,0.00,0.00,2.00,5.00,0.00,3.00,4.00,2.00,4.00,0.00,0.00,2.00,2.00,5.00,8.00,2.00,4.00,35.00,16.00,9.00,9.00,11.00,5.00,92.00,8.00,10.00,32.00,10.00,52.00,33.00,79.00,11.00,11.00,11.00,23.00,33.00,8.00,28.00,2.00,26.00,1.00,3.00,4.00,3.00,1.00,77.00,13.00
1088,8.00,0.00,0.00,1.00,6.00,1.00,17.00,6.00,2.00,19.00,2.00,1.00,1.00,5.00,1.00,0.00,1.00,2.00,9.00,3.00,3.00,3.00,3.00,3.00,2.00,0.00,9.00,10.00,8.00,7.00,6.00,10.00,16.00,11.00,3.00,13.00,1.00,0.00,9.00,6.00,12.00,28.00,31.00,1.00,2.00,0.00,1.00,0.00,4.00,9.00,1.00,1.00,1.00,2.00,0.00,0.00,0.00,0.00,0.00,0.00,0.00,0.00,0.00,0.00,0.00,1.00,0.00,6.00,0.00,0.00,0.00,0.00,0.00,0.00,0.00,3.00,1.00,0.00,2.00,0.00,0.00,1.00,1.00,2.00,1.00,5.00,7.00,10.00,4.00,2.00,31.00,10.00,0.00,0.00,29.00,46.00,4.00,3.00,95.00,2.00,13.00,6.00,41.00,110.00,15.00,6.00,8.00,16.00,33.00,17.00,19.00,6.00,12.00,5.00,3.00,1.00,3.00,0.00,3.00,0.00
1089,14.00,1.00,1.00,0.00,7.00,2.00,7.00,7.00,4.00,11.00,2.00,1.00,1.00,8.00,2.00,1.00,1.00,5.00,4.00,11.00,1.00,8.00,3.00,4.00,2.00,1.00,17.00,14.00,7.00,22.00,10.00,30.00,8.00,17.00,4.00,8.00,4.00,11.00,19.00,1.00,7.00,35.00,29.00,3.00,1.00,2.00,0.00,0.00,3.00,3.00,12.00,6.00,1.00,2.00,9.00,0.00,0.00,0.00,2.00,0.00,0.00,0.00,0.00,0.00,0.00,0.00,0.00,6.00,0.00,0.00,0.00,0.00,2.00,0.00,0.00,1.00,1.00,0.00,3.00,0.00,0.00,3.00,2.00,0.00,2.00,3.00,14.00,11.00,5.00,1.00,39.00,0.00,0.00,2.00,27.00,8.00,4.00,2.00,18.00,2.00,6.00,1.00,27.00,104.00,13.00,2.00,12.00,14.00,19.00,12.00,27.00,0.00,20.00,3.00,0.00,4.00,2.00,0.00,1.00,0.00
1090,11.00,0.00,0.00,0.00,8.00,0.00,2.00,3.00,7.00,4.00,0.00,9.00,0.00,23.00,7.00,2.00,2.00,4.00,3.00,16.00,0.00,12.00,6.00,7.00,0.00,3.00,11.00,21.00,7.00,17.00,11.00,8.00,9.00,6.00,3.00,17.00,11.00,12.00,30.00,10.00,17.00,25.00,35.00,2.00,0.00,1.00,0.00,0.00,13.00,3.00,2.00,3.00,0.00,4.00,12.00,0.00,0.00,0.00,1.00,0.00,0.00,0.00,0.00,0.00,0.00,1.00,4.00,0.00,0.00,0.00,0.00,0.00,0.00,1.00,0.00,0.00,0.00,0.00,4.00,0.00,0.00,1.00,0.00,0.00,3.00,0.00,2.00,9.00,0.00,3.00,77.00,26.00,15.00,31.00,6.00,6.00,158.00,2.00,0.00,17.00,4.00,15.00,6.00,9.00,1.00,3.00,34.00,19.00,38.00,9.00,19.00,3.00,18.00,8.00,3.00,2.00,2.00,2.00,65.00,14.00
1091,23.00,0.00,0.00,0.00,5.00,3.00,21.00,14.00,1.00,9.00,3.00,2.00,3.00,13.00,3.00,1.00,1.00,3.00,8.00,10.00,0.00,9.00,1.00,2.00,2.00,2.00,7.00,17.00,10.00,8.00,4.00,23.00,9.00,24.00,4.00,16.00,20.00,12.00,22.00,7.00,11.00,44.00,49.00,1.00,0.00,3.00,0.00,0.00,6.00,5.00,4.00,3.00,1.00,4.00,12.00,0.00,1.00,0.00,2.00,0.00,0.00,0.00,0.00,0.00,0.00,0.00,2.00,1.00,0.00,0.00,3.00,0.00,0.00,1.00,0.00,0.00,2.00,0.00,12.00,1.00,0.00,0.00,0.00,0.00,0.00,7.00,10.00,5.00,1.00,11.00,66.00,1.00,0.00,0.00,24.00,31.00,0.00,1.00,67.00,0.00,8.00,1.00,22.00,149.00,9.00,6.00,9.00,18.00,25.00,17.00,29.00,5.00,19.00,4.00,1.00,3.00,6.00,2.00,0.00,0.00
1092,19.00,1.00,1.00,2.00,12.00,4.00,4.00,8.00,1.00,1.00,2.00,2.00,0.00,6.00,4.00,0.00,0.00,1.00,3.00,12.00,0.00,5.00,0.00,5.00,5.00,3.00,7.00,13.00,2.00,4.00,10.00,16.00,6.00,4.00,10.00,10.00,11.00,0.00,25.00,0.00,10.00,17.00,21.00,4.00,0.00,2.00,0.00,0.00,4.00,3.00,5.00,4.00,0.00,2.00,6.00,0.00,0.00,0.00,0.00,2.00,0.00,0.00,0.00,0.00,0.00,0.00,0.00,1.00,0.00,0.00,3.00,0.00,0.00,0.00,0.00,0.00,0.00,3.00,4.00,0.00,1.00,0.00,1.00,0.00,3.00,2.00,5.00,2.00,0.00,0.00,36.00,14.00,7.00,10.00,7.00,1.00,33.00,0.00,3.00,0.00,0.00,3.00,11.00,15.00,3.00,5.00,18.00,6.00,33.00,11.00,14.00,1.00,17.00,8.00,0.00,1.00,3.00,0.00,22.00,4.00
1093,30.00,1.00,0.00,0.00,2.00,0.00,20.00,12.00,3.00,4.00,2.00,6.00,2.00,3.00,6.00,0.00,2.00,3.00,5.00,20.00,3.00,8.00,5.00,1.00,2.00,1.00,10.00,25.00,1.00,13.00,2.00,20.00,14.00,8.00,8.00,34.00,20.00,10.00,45.00,11.00,7.00,17.00,34.00,3.00,0.00,4.00,0.00,1.00,10.00,5.00,4.00,0.00,0.00,5.00,1.00,0.00,1.00,1.00,1.00,1.00,0.00,1.00,1.00,0.00,0.00,1.00,0.00,0.00,1.00,0.00,0.00,0.00,0.00,1.00,0.00,2.00,4.00,0.00,1.00,5.00,0.00,0.00,2.00,1.00,1.00,5.00,3.00,8.00,4.00,4.00,102.00,28.00,3.00,2.00,17.00,18.00,14.00,0.00,12.00,0.00,4.00,1.00,30.00,44.00,13.00,7.00,22.00,22.00,35.00,24.00,26.00,0.00,24.00,17.00,4.00,6.00,2.00,2.00,7.00,3.00
1094,48.00,1.00,0.00,0.00,21.00,0.00,16.00,12.00,10.00,16.00,10.00,8.00,10.00,26.00,16.00,2.00,4.00,8.00,7.00,29.00,5.00,16.00,3.00,1.00,3.00,2.00,23.00,43.00,17.00,28.00,12.00,19.00,10.00,27.00,22.00,27.00,8.00,10.00,78.00,6.00,9.00,51.00,55.00,7.00,2.00,6.00,2.00,0.00,9.00,8.00,7.00,4.00,2.00,1.00,3.00,0.00,0.00,0.00,2.00,1.00,0.00,0.00,0.00,0.00,0.00,0.00,5.00,2.00,0.00,0.00,2.00,0.00,0.00,4.00,0.00,2.00,1.00,0.00,6.00,6.00,3.00,6.00,4.00,2.00,3.00,11.00,7.00,6.00,4.00,11.00,124.00,45.00,42.00,34.00,4.00,21.00,566.00,28.00,2.00,101.00,14.00,112.00,8.00,40.00,13.00,35.00,19.00,40.00,96.00,9.00,50.00,4.00,43.00,8.00,3.00,11.00,3.00,0.00,235.00,32.00
1095,17.00,0.00,0.00,1.00,10.00,1.00,14.00,3.00,11.00,7.00,2.00,14.00,3.00,36.00,18.00,7.00,3.00,7.00,19.00,56.00,2.00,18.00,7.00,3.00,6.00,1.00,2.00,14.00,7.00,6.00,12.00,8.00,3.00,9.00,3.00,14.00,16.00,5.00,24.00,2.00,4.00,25.00,32.00,1.00,0.00,2.00,0.00,1.00,4.00,1.00,1.00,2.00,0.00,2.00,1.00,0.00,0.00,0.00,1.00,0.00,0.00,0.00,0.00,0.00,0.00,0.00,0.00,2.00,0.00,0.00,0.00,0.00,0.00,1.00,0.00,0.00,3.00,0.00,1.00,1.00,0.00,1.00,2.00,2.00,0.00,2.00,2.00,2.00,4.00,5.00,76.00,44.00,32.00,11.00,12.00,15.00,272.00,15.00,21.00,40.00,21.00,44.00,36.00,52.00,11.00,21.00,22.00,22.00,31.00,12.00,24.00,2.00,24.00,4.00,0.00,4.00,5.00,0.00,150.00,18.00
1096,22.00,1.00,0.00,0.00,4.00,2.00,5.00,1.00,1.00,2.00,4.00,4.00,5.00,11.00,7.00,1.00,2.00,5.00,13.00,27.00,0.00,14.00,6.00,2.00,0.00,3.00,4.00,6.00,0.00,5.00,5.00,8.00,4.00,10.00,9.00,14.00,10.00,3.00,18.00,0.00,12.00,11.00,15.00,1.00,0.00,2.00,1.00,1.00,3.00,1.00,1.00,3.00,1.00,2.00,3.00,0.00,1.00,0.00,1.00,0.00,0.00,0.00,0.00,0.00,0.00,0.00,1.00,5.00,0.00,0.00,3.00,0.00,0.00,0.00,0.00,1.00,0.00,2.00,2.00,2.00,0.00,7.00,0.00,0.00,1.00,1.00,2.00,0.00,0.00,0.00,66.00,22.00,14.00,19.00,4.00,11.00,201.00,15.00,2.00,33.00,2.00,57.00,1.00,2.00,0.00,8.00,47.00,20.00,40.00,4.00,2.00,1.00,35.00,12.00,0.00,0.00,8.00,0.00,100.00,12.00
1097,43.00,0.00,1.00,2.00,15.00,2.00,7.00,1.00,8.00,6.00,4.00,16.00,1.00,61.00,10.00,6.00,3.00,20.00,9.00,43.00,5.00,14.00,14.00,8.00,7.00,9.00,0.00,11.00,0.00,0.00,2.00,10.00,6.00,5.00,4.00,11.00,4.00,1.00,5.00,0.00,1.00,9.00,11.00,0.00,0.00,0.00,1.00,0.00,2.00,1.00,3.00,0.00,0.00,0.00,0.00,0.00,0.00,0.00,0.00,0.00,0.00,0.00,0.00,1.00,0.00,0.00,0.00,2.00,0.00,0.00,2.00,0.00,0.00,1.00,0.00,2.00,0.00,0.00,3.00,0.00,0.00,0.00,0.00,1.00,0.00,0.00,8.00,1.00,0.00,0.00,32.00,18.00,12.00,9.00,18.00,5.00,78.00,10.00,20.00,24.00,8.00,25.00,20.00,42.00,1.00,10.00,7.00,9.00,44.00,2.00,35.00,3.00,34.00,0.00,2.00,2.00,17.00,0.00,39.00,4.00
1098,15.00,0.00,0.00,1.00,10.00,1.00,10.00,0.00,1.00,1.00,4.00,8.00,0.00,11.00,6.00,1.00,1.00,8.00,23.00,21.00,1.00,11.00,7.00,3.00,3.00,0.00,4.00,6.00,0.00,6.00,1.00,7.00,2.00,4.00,3.00,11.00,8.00,8.00,21.00,0.00,0.00,17.00,9.00,2.00,0.00,1.00,0.00,0.00,0.00,2.00,0.00,0.00,0.00,1.00,0.00,0.00,1.00,0.00,0.00,0.00,0.00,0.00,0.00,0.00,0.00,2.00,0.00,0.00,0.00,0.00,3.00,0.00,0.00,0.00,0.00,0.00,2.00,0.00,4.00,0.00,0.00,0.00,0.00,0.00,0.00,1.00,4.00,0.00,0.00,0.00,36.00,12.00,3.00,3.00,13.00,9.00,123.00,4.00,24.00,30.00,12.00,49.00,10.00,96.00,16.00,8.00,0.00,22.00,1.00,1.00,16.00,0.00,15.00,8.00,3.00,5.00,21.00,0.00,63.00,8.00
1099,46.00,1.00,1.00,0.00,8.00,1.00,70.00,25.00,9.00,3.00,2.00,2.00,2.00,10.00,3.00,1.00,0.00,9.00,12.00,29.00,6.00,10.00,6.00,1.00,9.00,1.00,3.00,13.00,5.00,7.00,2.00,12.00,5.00,20.00,10.00,34.00,14.00,12.00,38.00,12.00,11.00,33.00,40.00,2.00,0.00,4.00,0.00,2.00,3.00,6.00,5.00,2.00,1.00,7.00,9.00,1.00,5.00,0.00,0.00,0.00,0.00,0.00,0.00,0.00,0.00,0.00,0.00,0.00,2.00,0.00,2.00,1.00,0.00,0.00,0.00,0.00,1.00,0.00,2.00,1.00,2.00,2.00,0.00,0.00,0.00,4.00,1.00,7.00,1.00,1.00,80.00,38.00,29.00,20.00,31.00,17.00,411.00,24.00,47.00,69.00,33.00,83.00,35.00,102.00,15.00,13.00,35.00,28.00,65.00,15.00,40.00,21.00,29.00,13.00,21.00,16.00,12.00,1.00,215.00,16.00
1100,30.00,1.00,1.00,1.00,15.00,1.00,7.00,4.00,13.00,4.00,0.00,8.00,0.00,23.00,8.00,2.00,6.00,27.00,27.00,68.00,2.00,32.00,14.00,7.00,10.00,5.00,5.00,13.00,3.00,3.00,5.00,5.00,8.00,7.00,4.00,20.00,3.00,1.00,27.00,5.00,3.00,42.00,24.00,4.00,0.00,2.00,0.00,0.00,2.00,3.00,0.00,8.00,0.00,1.00,3.00,0.00,0.00,0.00,0.00,0.00,0.00,0.00,0.00,2.00,0.00,0.00,0.00,0.00,0.00,0.00,3.00,0.00,0.00,0.00,0.00,2.00,1.00,0.00,0.00,0.00,0.00,0.00,2.00,1.00,0.00,1.00,2.00,5.00,1.00,4.00,54.00,24.00,15.00,10.00,35.00,28.00,241.00,18.00,56.00,70.00,26.00,71.00,35.00,117.00,27.00,18.00,1.00,32.00,1.00,7.00,21.00,1.00,36.00,10.00,2.00,15.00,28.00,0.00,117.00,11.00
1101,29.00,0.00,0.00,0.00,7.00,0.00,104.00,43.00,3.00,3.00,1.00,0.00,2.00,3.00,3.00,0.00,1.00,2.00,3.00,3.00,0.00,2.00,4.00,1.00,1.00,1.00,1.00,12.00,3.00,4.00,5.00,13.00,4.00,18.00,8.00,18.00,10.00,5.00,35.00,7.00,7.00,33.00,48.00,27.00,2.00,4.00,0.00,2.00,7.00,10.00,25.00,8.00,9.00,19.00,12.00,6.00,1.00,0.00,0.00,0.00,0.00,0.00,0.00,0.00,0.00,0.00,0.00,0.00,2.00,0.00,0.00,0.00,0.00,0.00,0.00,0.00,1.00,0.00,0.00,1.00,1.00,0.00,1.00,0.00,3.00,3.00,0.00,4.00,2.00,6.00,60.00,22.00,30.00,19.00,24.00,23.00,303.00,13.00,29.00,74.00,9.00,63.00,27.00,67.00,10.00,3.00,16.00,22.00,31.00,12.00,24.00,15.00,27.00,14.00,8.00,5.00,5.00,4.00,169.00,20.00
1102,50.00,0.00,0.00,1.00,12.00,2.00,20.00,5.00,13.00,5.00,5.00,4.00,0.00,13.00,7.00,4.00,3.00,6.00,16.00,64.00,1.00,18.00,12.00,2.00,10.00,4.00,1.00,15.00,1.00,7.00,5.00,9.00,5.00,11.00,11.00,22.00,12.00,11.00,27.00,3.00,15.00,31.00,30.00,12.00,0.00,0.00,0.00,1.00,5.00,6.00,7.00,0.00,3.00,0.00,3.00,0.00,0.00,0.00,2.00,0.00,0.00,0.00,0.00,1.00,0.00,0.00,0.00,1.00,0.00,0.00,1.00,0.00,0.00,0.00,0.00,3.00,0.00,0.00,1.00,3.00,1.00,1.00,1.00,0.00,0.00,2.00,1.00,2.00,0.00,5.00,71.00,30.00,26.00,20.00,32.00,24.00,402.00,22.00,41.00,68.00,25.00,116.00,32.00,106.00,22.00,17.00,18.00,34.00,52.00,14.00,37.00,1.00,11.00,4.00,18.00,13.00,26.00,2.00,150.00,23.00
1103,46.00,0.00,0.00,0.00,2.00,1.00,129.00,191.00,1.00,4.00,0.00,0.00,0.00,0.00,1.00,0.00,0.00,2.00,0.00,0.00,0.00,2.00,1.00,0.00,0.00,0.00,1.00,3.00,0.00,0.00,0.00,0.00,0.00,4.00,2.00,1.00,0.00,4.00,11.00,7.00,3.00,16.00,12.00,11.00,0.00,0.00,0.00,4.00,8.00,28.00,30.00,37.00,29.00,26.00,30.00,0.00,4.00,0.00,0.00,0.00,0.00,0.00,0.00,0.00,0.00,0.00,0.00,0.00,0.00,0.00,0.00,0.00,0.00,0.00,0.00,0.00,0.00,0.00,0.00,0.00,0.00,0.00,2.00,0.00,0.00,1.00,1.00,0.00,0.00,0.00,5.00,5.00,4.00,6.00,3.00,2.00,51.00,0.00,4.00,12.00,0.00,11.00,3.00,10.00,3.00,0.00,0.00,13.00,8.00,15.00,10.00,6.00,5.00,8.00,12.00,5.00,10.00,5.00,20.00,3.00
1104,120.00,1.00,0.00,2.00,23.00,2.00,33.00,4.00,11.00,0.00,3.00,5.00,2.00,13.00,13.00,5.00,4.00,14.00,27.00,37.00,0.00,44.00,25.00,9.00,5.00,6.00,1.00,12.00,3.00,4.00,4.00,6.00,8.00,4.00,3.00,9.00,10.00,8.00,15.00,1.00,3.00,33.00,22.00,1.00,1.00,2.00,3.00,0.00,2.00,1.00,1.00,2.00,0.00,1.00,1.00,0.00,0.00,0.00,1.00,0.00,0.00,0.00,0.00,0.00,0.00,0.00,1.00,3.00,1.00,0.00,0.00,0.00,0.00,3.00,0.00,3.00,0.00,0.00,1.00,0.00,0.00,0.00,3.00,0.00,0.00,0.00,1.00,4.00,0.00,1.00,56.00,24.00,9.00,13.00,18.00,14.00,232.00,16.00,37.00,48.00,29.00,71.00,23.00,86.00,23.00,17.00,23.00,50.00,59.00,19.00,65.00,5.00,15.00,7.00,33.00,30.00,106.00,0.00,123.00,8.00
1105,132.00,1.00,0.00,0.00,3.00,1.00,122.00,26.00,3.00,3.00,0.00,2.00,2.00,0.00,3.00,1.00,0.00,3.00,1.00,19.00,0.00,9.00,11.00,0.00,0.00,0.00,2.00,3.00,0.00,7.00,1.00,8.00,4.00,0.00,1.00,9.00,5.00,7.00,17.00,2.00,3.00,21.00,21.00,2.00,1.00,5.00,1.00,0.00,2.00,7.00,3.00,1.00,1.00,1.00,2.00,2.00,0.00,0.00,0.00,0.00,0.00,0.00,0.00,0.00,0.00,0.00,0.00,0.00,1.00,0.00,0.00,0.00,0.00,0.00,0.00,0.00,1.00,0.00,0.00,0.00,0.00,0.00,1.00,1.00,0.00,1.00,0.00,1.00,0.00,1.00,39.00,15.00,12.00,8.00,5.00,7.00,95.00,7.00,12.00,43.00,10.00,47.00,8.00,40.00,14.00,3.00,3.00,27.00,22.00,20.00,23.00,20.00,18.00,23.00,43.00,34.00,66.00,0.00,86.00,7.00
1106,334.00,1.00,1.00,4.00,8.00,3.00,110.00,13.00,0.00,3.00,3.00,0.00,0.00,0.00,2.00,0.00,0.00,5.00,1.00,17.00,0.00,9.00,16.00,7.00,1.00,3.00,2.00,6.00,0.00,3.00,0.00,0.00,0.00,1.00,2.00,6.00,2.00,3.00,5.00,0.00,0.00,1.00,4.00,0.00,0.00,0.00,0.00,0.00,3.00,4.00,5.00,0.00,2.00,3.00,2.00,0.00,0.00,0.00,0.00,0.00,0.00,0.00,0.00,0.00,0.00,0.00,0.00,1.00,0.00,0.00,0.00,0.00,0.00,0.00,0.00,0.00,0.00,0.00,0.00,0.00,0.00,0.00,0.00,0.00,0.00,0.00,0.00,0.00,0.00,2.00,9.00,8.00,2.00,1.00,3.00,4.00,31.00,5.00,1.00,15.00,1.00,15.00,3.00,17.00,2.00,5.00,1.00,22.00,7.00,14.00,8.00,3.00,37.00,26.00,8.00,33.00,203.00,0.00,19.00,5.00
1107,327.00,0.00,0.00,1.00,32.00,5.00,43.00,7.00,10.00,1.00,0.00,0.00,3.00,7.00,2.00,0.00,1.00,0.00,12.00,29.00,1.00,16.00,25.00,10.00,8.00,7.00,1.00,3.00,0.00,1.00,0.00,3.00,0.00,3.00,0.00,4.00,5.00,0.00,2.00,1.00,1.00,2.00,5.00,0.00,0.00,0.00,0.00,0.00,0.00,3.00,4.00,1.00,1.00,1.00,1.00,0.00,0.00,0.00,3.00,0.00,0.00,0.00,0.00,0.00,0.00,0.00,0.00,1.00,0.00,0.00,3.00,0.00,0.00,0.00,0.00,3.00,0.00,1.00,0.00,0.00,0.00,0.00,0.00,0.00,0.00,0.00,1.00,0.00,0.00,0.00,15.00,1.00,3.00,1.00,3.00,5.00,29.00,3.00,1.00,18.00,7.00,18.00,1.00,14.00,2.00,2.00,6.00,7.00,19.00,8.00,7.00,8.00,21.00,20.00,19.00,36.00,97.00,0.00,26.00,2.00
1108,571.00,1.00,1.00,1.00,5.00,2.00,39.00,8.00,15.00,0.00,0.00,0.00,1.00,4.00,4.00,7.00,3.00,6.00,10.00,24.00,1.00,17.00,49.00,21.00,11.00,7.00,1.00,2.00,1.00,0.00,0.00,1.00,1.00,2.00,1.00,3.00,0.00,0.00,5.00,0.00,3.00,3.00,4.00,4.00,0.00,1.00,0.00,0.00,0.00,0.00,1.00,1.00,3.00,0.00,0.00,0.00,0.00,0.00,0.00,0.00,0.00,0.00,0.00,0.00,0.00,0.00,0.00,0.00,0.00,0.00,0.00,0.00,0.00,1.00,2.00,0.00,0.00,2.00,0.00,0.00,0.00,0.00,3.00,0.00,0.00,1.00,0.00,0.00,0.00,2.00,7.00,1.00,0.00,0.00,2.00,5.00,16.00,1.00,4.00,8.00,0.00,17.00,1.00,13.00,3.00,7.00,4.00,7.00,7.00,3.00,6.00,5.00,35.00,17.00,74.00,60.00,3.00,0.00,13.00,3.00
1109,39.00,0.00,0.00,0.00,1.00,0.00,181.00,36.00,0.00,0.00,0.00,0.00,0.00,0.00,0.00,0.00,0.00,0.00,0.00,1.00,0.00,0.00,0.00,0.00,3.00,0.00,1.00,2.00,1.00,1.00,1.00,1.00,0.00,0.00,1.00,4.00,0.00,0.00,2.00,10.00,0.00,1.00,4.00,5.00,0.00,2.00,1.00,3.00,31.00,56.00,67.00,35.00,20.00,26.00,59.00,6.00,5.00,0.00,0.00,0.00,0.00,0.00,0.00,0.00,0.00,0.00,0.00,1.00,0.00,0.00,1.00,0.00,0.00,0.00,0.00,0.00,0.00,0.00,0.00,0.00,0.00,0.00,2.00,0.00,0.00,0.00,0.00,2.00,1.00,4.00,5.00,7.00,4.00,5.00,4.00,0.00,21.00,0.00,2.00,1.00,0.00,1.00,2.00,6.00,1.00,3.00,0.00,1.00,5.00,18.00,1.00,29.00,5.00,3.00,5.00,1.00,1.00,0.00,12.00,1.00
1110,10.00,0.00,0.00,0.00,5.00,2.00,6.00,11.00,3.00,6.00,2.00,1.00,0.00,2.00,0.00,0.00,2.00,1.00,1.00,9.00,0.00,5.00,1.00,1.00,0.00,1.00,8.00,7.00,4.00,3.00,3.00,3.00,6.00,20.00,8.00,13.00,9.00,6.00,5.00,11.00,8.00,16.00,25.00,2.00,0.00,2.00,0.00,0.00,6.00,4.00,1.00,6.00,1.00,2.00,2.00,2.00,1.00,0.00,3.00,0.00,0.00,0.00,0.00,0.00,0.00,0.00,0.00,0.00,0.00,0.00,0.00,0.00,0.00,0.00,0.00,2.00,1.00,0.00,3.00,3.00,0.00,0.00,0.00,2.00,0.00,2.00,10.00,1.00,1.00,0.00,36.00,9.00,0.00,0.00,14.00,26.00,0.00,1.00,70.00,4.00,11.00,2.00,18.00,56.00,9.00,1.00,0.00,9.00,10.00,13.00,20.00,2.00,11.00,3.00,2.00,0.00,4.00,0.00,0.00,0.00
1111,12.00,0.00,0.00,0.00,3.00,1.00,6.00,7.00,0.00,12.00,0.00,1.00,2.00,3.00,5.00,0.00,0.00,4.00,5.00,3.00,0.00,5.00,0.00,2.00,1.00,1.00,12.00,12.00,10.00,15.00,7.00,4.00,10.00,9.00,4.00,13.00,12.00,7.00,4.00,4.00,5.00,23.00,30.00,5.00,0.00,2.00,0.00,0.00,2.00,9.00,1.00,6.00,1.00,2.00,4.00,0.00,3.00,1.00,2.00,0.00,0.00,1.00,0.00,0.00,0.00,2.00,0.00,0.00,0.00,0.00,0.00,0.00,0.00,0.00,0.00,0.00,3.00,0.00,1.00,3.00,0.00,0.00,1.00,0.00,1.00,8.00,5.00,1.00,3.00,0.00,49.00,6.00,0.00,0.00,19.00,23.00,0.00,1.00,56.00,4.00,7.00,12.00,19.00,62.00,11.00,5.00,1.00,9.00,14.00,6.00,21.00,2.00,9.00,2.00,0.00,3.00,4.00,0.00,2.00,0.00
