Centroid?,Zone Number,X,Y
C,10001,376710,364854
C,10002,359214,413739
C,10003,341168,520425
C,20001,138071,27312
C,20002,143469,32165
C,20003,146116,27912
C,20004,146278,30206
C,20005,146440,31179
C,20006,146637,30842
C,20007,147212,30301
C,20008,147135,31276
C,20009,148056,31079
C,20010,149479,31258
C,20011,150267,32269
C,20012,151216,33660
C,20013,151466,33116
C,20014,149541,36461
C,20015,153255,30261
C,20016,152709,33589
C,20017,152641,34736
C,20018,154946,30382
C,20019,153304,35766
C,20020,150494,39694
C,20021,155224,31389
C,20022,152919,37474
C,20023,152547,38154
C,20024,154604,35096
C,20025,152965,38508
C,20026,154563,37396
C,20027,155435,36894
C,20028,156755,34023
C,20029,156122,38007
C,20030,157158,38288
C,20031,157985,37032
C,20032,157273,39316
C,20033,160777,32775
C,20034,160432,36359
C,20035,159101,39321
C,20036,158738,41040
C,20037,163143,28504
C,20038,161352,38765
C,20039,161573,41937
C,20040,162714,40229
C,20041,165029,34941
C,20042,163871,38946
C,20043,163587,40220
C,20044,164327,40482
C,20045,165919,37796
C,20046,165782,39535
C,20047,165371,40912
C,20048,164414,43078
C,20049,169416,33538
C,20050,167384,40890
C,20051,168440,39176
C,20052,166714,43453
C,20053,167677,42546
C,20054,167217,45740
C,20055,172438,20399
C,20056,169856,42703
C,20057,170391,41624
C,20058,173399,28800
C,20059,169340,44189
C,20060,171489,39750
C,20061,173043,36584
C,20062,170802,44019
C,20063,172373,42150
C,20064,176444,32682
C,20065,174527,40627
C,20066,177001,36480
C,20067,172140,48832
C,20068,178284,34553
C,20069,177123,39425
C,20070,174930,45375
C,20071,180105,32021
C,20072,180158,36404
C,20073,178124,45064
C,20074,179941,42190
C,20075,179749,45125
C,20076,181937,39349
C,20077,180480,44979
C,20078,179619,47656
C,20079,177302,52980
C,20080,181543,45677
C,20081,182925,44542
C,20082,181619,51059
C,20083,184399,46163
C,20084,179121,58608
C,20085,188939,38646
C,20086,184649,50968
C,20087,187987,43703
C,20088,183155,56903
C,20089,180254,60993
C,20090,185266,55394
C,20091,190858,47062
C,20092,189579,51896
C,20093,183790,62403
C,20094,188661,55664
C,20095,186327,61343
C,20096,190156,58582
C,20097,191132,57991
C,20098,191153,58772
C,20099,196476,47957
C,20100,191355,59404
C,20101,191914,58981
C,20102,194941,53456
C,20103,192622,58408
C,20104,191767,61994
C,20105,190853,63689
C,20106,189552,66012
C,20107,199987,45605
C,20108,195857,57848
C,20109,198686,53453
C,20110,189873,72131
C,20111,197830,62729
C,20112,202580,53097
C,20113,204073,58310
C,20114,197803,70390
C,20115,201375,65540
C,20116,199175,72277
C,20117,209374,53864
C,20118,206335,63935
C,20119,201978,71518
C,20120,205753,66694
C,20121,209795,60107
C,20122,198928,77617
C,20123,208120,65950
C,20124,207888,67411
C,20125,205455,72877
C,20126,207564,69985
C,20127,206688,75953
C,20128,212079,68189
C,20129,217348,57488
C,20130,212740,74105
C,20131,206464,83836
C,20132,223356,52514
C,20133,212416,78367
C,20134,220747,63455
C,20135,209714,83217
C,20136,219483,70754
C,20137,224269,64028
C,20138,226875,58056
C,20139,225361,64746
C,20140,225102,65730
C,20141,228825,62208
C,20142,220171,80615
C,20143,228383,65304
C,20144,213349,92292
C,20145,233458,55706
C,20146,233100,59700
C,20147,218793,87378
C,20148,228636,71441
C,20149,226699,76605
C,20150,235005,57385
C,20151,232984,64253
C,20152,231339,68417
C,20153,226001,82451
C,20154,227717,79742
C,20155,236606,60410
C,20156,239513,57500
C,20157,239292,60246
C,20158,236077,69594
C,20160,230710,81733
C,20161,240878,59357
C,20162,238389,66689
C,20163,240979,60549
C,20164,241715,58988
C,20165,241505,59857
C,20166,240523,63191
C,20167,242544,58236
C,20168,235742,76015
C,20169,230457,85457
C,20170,242751,60094
C,20171,243091,59288
C,20172,232445,83687
C,20173,228580,90418
C,20174,233840,83357
C,20175,232748,85281
C,20176,241432,70679
C,20177,235813,82602
C,20178,224599,103478
C,20179,233082,111847
C,20180,244114,112447
C,20181,242567,105549
C,20182,234523,123246
C,20183,241278,99388
C,20184,237897,94992
C,20185,243719,125851
C,20186,237128,93478
C,20187,250043,120225
C,20188,244828,126926
C,20189,244186,128412
C,20190,249589,124221
C,20191,244784,130618
C,20192,256120,114163
C,20193,241676,86780
C,20194,242739,81985
C,20195,249681,91397
C,20196,251767,80216
C,20197,244513,74812
C,20198,248334,74712
C,20199,249857,98357
C,20200,258664,92459
C,20201,255851,98447
C,20202,257943,95663
C,20203,254516,70239
C,20204,261134,79006
C,20205,247234,66394
C,20206,252993,104707
C,20207,265926,88591
C,20208,260662,102382
C,20209,265984,94339
C,20210,269308,86033
C,20211,269836,92138
C,20212,266981,102252
C,20213,270065,96760
C,20214,273850,91191
C,20215,244069,58101
C,20216,244363,58491
C,20217,244982,58228
C,20218,245071,58866
C,20219,244821,57034
C,20220,245348,57821
C,20221,245726,58603
C,20222,244838,59871
C,20223,246199,57945
C,20224,246147,56903
C,20225,246352,59240
C,20226,246614,57332
C,20227,246980,58455
C,20228,247212,57789
C,20230,247111,57038
C,20231,247285,59044
C,20232,247196,56540
C,20233,247736,58518
C,20234,247504,59728
C,20235,248085,58117
C,20236,247703,56297
C,20237,247367,60518
C,20239,248298,58677
C,20240,248731,58183
C,20241,248641,59234
C,20242,248760,56896
C,20243,248266,55683
C,20244,249061,58741
C,20245,247997,54529
C,20246,249394,58099
C,20247,248819,60845
C,20248,249196,60261
C,20249,249742,57654
C,20250,249123,55307
C,20251,249834,56750
C,20252,249966,59398
C,20253,250270,58110
C,20254,249803,60940
C,20255,250518,57366
C,20256,249349,54277
C,20257,250735,56927
C,20258,250583,56017
C,20259,250956,59368
C,20260,250023,61987
C,20261,251343,57711
C,20262,251181,60484
C,20263,251875,59017
C,20265,253124,56082
C,20266,253507,57347
C,20267,255207,55688
C,20268,255638,56531
C,20269,245825,140115
C,20270,249084,143106
C,20271,247780,135455
C,20272,250974,138474
C,20273,250210,145825
C,20274,255040,138940
C,20275,253518,146605
C,20276,252831,132657
C,20277,254425,132809
C,20278,255358,133972
C,20279,249893,129310
C,20280,254450,132099
C,20281,254894,132603
C,20282,256635,145166
C,20283,255043,132239
C,20284,255521,132742
C,20285,256452,132832
C,20286,258823,139186
C,20287,257198,133538
C,20288,257044,132261
C,20289,257889,147280
C,20290,258392,146583
C,20291,256465,128110
C,20292,260437,146876
C,20293,262817,143691
C,20294,261288,131746
C,20295,262627,134799
C,20296,264104,139029
C,20297,261671,128480
C,20298,266170,146324
C,20299,259026,123148
C,20300,269079,141294
C,20301,265536,126344
C,20302,269954,125803
C,20303,267041,120853
C,20304,273839,131999
C,20305,274316,146841
C,20306,270996,123324
C,20307,276200,124883
C,20308,270225,115867
C,20309,280519,118460
C,20310,283037,122746
C,20311,285607,127221
C,20312,253939,63175
C,20313,256930,57647
C,20314,262075,61207
C,20315,261455,54461
C,20316,263246,56283
C,20317,258451,52170
C,20318,254216,49951
C,20319,264239,53661
C,20320,267275,57614
C,20321,260702,49323
C,20322,266455,51754
C,20323,271435,65691
C,20324,271399,59445
C,20325,266636,47753
C,20326,275289,53464
C,20327,277914,62066
C,20328,280056,59950
C,20329,270985,42370
C,20330,272715,43082
C,20331,284256,61010
C,20332,284268,53280
C,20333,279813,43008
C,20334,286817,50869
C,20335,268317,108546
C,20336,271128,111900
C,20337,273540,108813
C,20338,272516,103944
C,20339,274500,99868
C,20340,279452,109513
C,20341,282193,104454
C,20342,275273,94883
C,20343,280828,99221
C,20344,283489,100024
C,20345,287157,109467
C,20346,287790,100065
C,20347,291485,113351
C,20348,290444,118870
C,20349,292692,105484
C,20350,293996,110476
C,20351,296448,112313
C,20352,296440,102585
C,20353,297074,111576
C,20354,295971,117487
C,20355,298176,115917
C,20356,299254,103593
C,20357,300133,106726
C,20358,296763,123643
C,20359,302343,107366
C,20360,302098,113694
C,20361,303345,110488
C,20362,303498,120081
C,20363,305550,106600
C,20364,306397,111826
C,20365,311043,113133
C,20366,315981,113554
C,20367,273609,71757
C,20368,276613,71667
C,20369,277051,74988
C,20370,276311,77131
C,20371,274167,65592
C,20372,280505,72543
C,20373,279752,68089
C,20374,280195,75845
C,20375,281358,74721
C,20376,282904,70415
C,20377,282454,68176
C,20378,274617,81609
C,20379,282336,77110
C,20380,283022,75878
C,20381,282139,78403
C,20382,284593,70371
C,20383,285019,71730
C,20384,284761,74505
C,20385,284202,65930
C,20386,286057,70253
C,20387,285711,68440
C,20388,283489,80090
C,20389,286815,71351
C,20390,287059,73358
C,20391,287933,70360
C,20392,288867,69144
C,20393,287981,80663
C,20394,290471,74033
C,20396,294164,76447
C,20397,284585,89933
C,20398,293153,83757
C,20399,296561,78849
C,20400,286330,60148
C,20402,289147,63973
C,20403,289763,56316
C,20404,289496,66253
C,20407,291286,67286
C,20409,292110,92768
C,20411,292394,90273
C,20413,294733,92989
C,20414,294165,94872
C,20415,295649,91595
C,20416,295671,94287
C,20417,295690,89010
C,20418,292750,98602
C,20419,297299,94630
C,20420,300122,98777
C,20421,299870,93322
C,20422,298992,90707
C,20423,303231,94473
C,20424,305713,97696
C,20425,301455,87236
C,20426,300257,85798
C,20427,307105,103750
C,20428,306952,92481
C,20429,306400,87955
C,20430,310992,98219
C,20431,310945,95275
C,20432,301797,81875
C,20433,311292,103435
C,20434,305603,83535
C,20435,312156,90320
C,20436,311497,88296
C,20437,314609,92084
C,20438,315821,98657
C,20439,317130,100653
C,20440,319243,95990
C,20441,319769,89508
C,20442,320924,106082
C,20443,323013,94416
C,20444,324831,98918
C,20445,324214,90925
C,20446,326531,96840
C,20447,327901,94695
C,20448,328336,91492
C,20449,331491,99828
C,20450,331968,93813
C,20451,286288,134854
C,20452,293454,141137
C,20453,287060,145827
C,20454,295240,145653
C,20455,296013,145434
C,20456,297537,145264
C,20457,300567,141216
C,20458,301776,137287
C,20459,296920,146458
C,20460,304196,142304
C,20461,306049,132769
C,20462,306769,143183
C,20463,309023,142477
C,20464,316037,142468
C,20465,306503,125638
C,20466,311963,126391
C,20467,310511,119230
C,20468,312098,120317
C,20469,314426,123693
C,20470,313590,121029
C,20471,314421,120115
C,20472,315539,131174
C,20473,315733,119089
C,20474,318643,126401
C,20475,319547,124122
C,20476,320112,126013
C,20477,320906,126043
C,20478,320805,123484
C,20479,320515,121767
C,20480,321044,124918
C,20481,321540,126312
C,20482,321690,124321
C,20483,321784,128795
C,20484,322133,125263
C,20485,322401,126511
C,20486,322500,123754
C,20487,322969,125652
C,20488,323248,124917
C,20489,323368,126523
C,20490,323568,123138
C,20491,320858,115852
C,20492,324244,124413
C,20493,324370,126421
C,20494,324893,124714
C,20495,325593,128051
C,20496,327691,125412
C,20497,326805,119559
C,20498,331390,125319
C,20499,335475,128739
C,20500,323281,138992
C,20501,328353,138595
C,20502,330268,137130
C,20503,329351,144025
C,20504,330455,135042
C,20505,331853,137735
C,20506,331893,137787
C,20507,330045,131479
C,20508,333538,141977
C,20509,331224,148409
C,20510,334076,144991
C,20511,336643,133408
C,20512,338873,138855
C,20513,331856,153100
C,20514,340798,149039
C,20515,345705,154252
C,20516,326469,114535
C,20517,329355,110440
C,20518,331383,116624
C,20519,333270,114028
C,20520,332410,109640
C,20521,332088,108914
C,20522,332125,108100
C,20523,333015,108985
C,20524,335266,115255
C,20525,333835,109441
C,20526,335414,113656
C,20527,332982,108247
C,20528,333991,119640
C,20529,333296,106165
C,20530,336990,111135
C,20531,337528,115540
C,20532,338409,118457
C,20533,335583,123373
C,20534,337543,107329
C,20535,338133,121176
C,20536,340468,115027
C,20537,341348,117381
C,20538,341613,108435
C,20539,342782,116334
C,20540,340327,123770
C,20541,338665,126120
C,20542,343171,112513
C,20543,343199,117044
C,20544,343808,115792
C,20545,342611,121635
C,20546,343620,109519
C,20547,344324,109406
C,20548,344178,108715
C,20549,344605,110182
C,20550,342016,127037
C,20551,342686,126315
C,20552,345507,108012
C,20553,346507,116782
C,20554,346289,121026
C,20555,347433,114168
C,20556,347580,115767
C,20557,347780,117783
C,20558,347603,110247
C,20559,341561,130586
C,20560,349371,113306
C,20561,349608,117435
C,20562,347129,125457
C,20563,344794,129594
C,20564,350724,115136
C,20565,350855,120418
C,20566,352460,114211
C,20567,348430,128490
C,20568,348086,129035
C,20569,352414,110564
C,20570,353334,117800
C,20571,353717,117017
C,20572,352319,123747
C,20573,354066,115262
C,20574,354113,116131
C,20575,348508,132185
C,20576,354068,121797
C,20577,355074,113446
C,20578,352639,127108
C,20579,356250,116569
C,20580,354870,124261
C,20581,356726,117638
C,20582,357120,119748
C,20583,353317,131570
C,20584,357095,124820
C,20585,354920,130523
C,20586,360277,122005
C,20587,359882,125745
C,20588,358950,129629
C,20589,363143,126954
C,20590,365535,123152
C,20591,363986,130075
C,20592,367118,119835
C,20593,366075,126417
C,20594,363946,132831
C,20595,367721,131340
C,20596,369914,125646
C,20597,370903,123093
C,20598,372053,120370
C,20599,368594,134598
C,20600,372131,127093
C,20601,374567,127906
C,20602,372928,133625
C,20604,332413,158377
C,20605,334585,160582
C,20607,335985,159479
C,20608,334030,156918
C,20609,336867,162110
C,20610,336330,164748
C,20611,338199,158409
C,20612,339460,161327
C,20613,341196,157061
C,20614,342073,159757
C,20615,339584,169706
C,20616,341893,167038
C,20617,343763,163164
C,20618,340311,171022
C,20619,345182,160231
C,20620,342045,171562
C,20621,345936,169855
C,20622,348850,162825
C,20623,345381,171840
C,20624,349561,159303
C,20625,344706,173714
C,20626,349939,165231
C,20627,350202,167973
C,20628,346027,175998
C,20629,350203,172228
C,20630,349932,174362
C,20631,348878,176043
C,20632,354672,165053
C,20633,353366,171206
C,20634,354714,169846
C,20635,351447,176074
C,20636,354171,174096
C,20637,356016,172804
C,20638,346176,142273
C,20639,350105,140366
C,20640,349940,138149
C,20641,348610,136954
C,20642,346402,136392
C,20643,351494,146165
C,20644,352149,138811
C,20645,354774,145569
C,20646,354830,146541
C,20647,353564,135714
C,20648,351273,153292
C,20649,358744,141677
C,20650,358021,149599
C,20651,359863,134910
C,20652,362048,142896
C,20653,362334,144453
C,20654,362486,150422
C,20655,365749,143322
C,20656,365483,138766
C,20657,367469,151163
C,20658,371144,142570
C,20659,373333,148841
C,20660,377020,148775
C,20661,377900,144570
C,20662,375383,154877
C,20663,376654,151906
C,20664,377947,147894
C,20665,380516,150292
C,20666,380628,153644
C,20667,356816,160168
C,20668,361891,161158
C,20669,361501,167280
C,20670,364652,156621
C,20671,366230,161541
C,20672,366604,158797
C,20673,366103,165545
C,20674,366098,166784
C,20676,366511,167589
C,20677,367792,154558
C,20678,366960,168078
C,20679,366670,168591
C,20680,370363,160572
C,20681,371808,164602
C,20682,372491,163564
C,20683,372512,164457
C,20684,372546,165161
C,20685,372419,165878
C,20686,373324,162758
C,20687,373269,163796
C,20688,373744,161856
C,20689,373374,164269
C,20690,373672,163446
C,20691,373837,157786
C,20692,373471,164713
C,20693,373864,164046
C,20694,373024,166741
C,20695,374593,161359
C,20696,374463,162937
C,20697,373964,165229
C,20698,374399,164409
C,20699,374231,166693
C,20700,375471,160986
C,20701,375169,165013
C,20702,373875,168683
C,20703,375859,163621
C,20704,375563,165690
C,20705,376236,162594
C,20706,375938,165024
C,20707,375711,166100
C,20708,375512,166784
C,20709,376947,164356
C,20710,377286,162150
C,20711,376455,166646
C,20712,377723,159004
C,20713,376997,167024
C,20714,377960,164755
C,20715,377595,167661
C,20716,378719,165528
C,20717,379642,167052
C,20718,379524,168266
C,20719,334063,93154
C,20720,335521,95882
C,20721,339249,95905
C,20722,342749,93485
C,20723,337948,101216
C,20724,345467,97078
C,20725,346522,92630
C,20726,346486,91000
C,20727,342660,102842
C,20728,347427,91538
C,20729,347567,94034
C,20730,348063,97582
C,20731,348400,103290
C,20732,351734,95218
C,20733,351630,89478
C,20734,357125,97865
C,20735,356230,105946
C,20736,359094,86595
C,20737,361758,98527
C,20738,363030,89146
C,20739,364688,81003
C,20740,367284,97111
C,20741,367476,90528
C,20742,368355,89934
C,20743,368469,89353
C,20744,368621,90954
C,20745,369268,90265
C,20746,369301,89519
C,20747,369010,86842
C,20748,363375,113896
C,20749,370174,90179
C,20750,371031,101652
C,20751,374978,86450
C,20752,375760,94347
C,20753,376227,99387
C,20756,373282,115325
C,20757,378783,115977
C,20758,373529,108237
C,20759,380746,120999
C,20760,376629,124285
C,20761,381202,107327
C,20762,386023,114781
C,20763,380286,126320
C,20764,384109,125684
C,20765,377445,129782
C,20766,386472,123046
C,20767,380604,128781
C,20768,379802,101051
C,20769,391262,108637
C,20770,386493,99046
C,20771,382981,86460
C,20772,386045,93724
C,20774,392640,95853
C,20775,395837,93428
C,20776,395634,101034
C,20777,398205,96994
C,20778,401653,99780
C,20779,402215,101311
C,20780,404092,99795
C,20781,401000,107833
C,20782,404334,101322
C,20783,405915,101138
C,20784,406837,101438
C,20785,407614,101277
C,20786,407482,98624
C,20787,408181,103627
C,20788,408689,100947
C,20789,409316,102567
C,20790,408721,106927
C,20791,403901,114159
C,20792,411788,102167
C,20793,409726,109129
C,20794,411686,105482
C,20795,412165,104207
C,20796,413568,104833
C,20799,399906,95886
C,20801,401018,96328
C,20803,404466,95782
C,20804,402708,97650
C,20809,412041,97860
C,20810,414904,95569
C,20811,417028,95488
C,20814,419326,93923
C,20815,421161,93880
C,20816,336492,171875
C,20817,351729,177973
C,20818,352013,177596
C,20819,352849,176482
C,20820,353575,176762
C,20821,353476,179859
C,20822,354906,177153
C,20823,354637,178595
C,20824,356093,175406
C,20825,356876,173434
C,20827,356961,169633
C,20828,357442,173954
C,20831,356753,179009
C,20833,357973,174394
C,20834,357834,175534
C,20836,358778,174076
C,20837,358773,169570
C,20839,358526,178711
C,20840,359724,170144
C,20841,359829,172652
C,20842,359720,174300
C,20843,359150,177557
C,20845,359786,176648
C,20847,360670,173000
C,20848,360820,173884
C,20849,360619,175589
C,20850,360316,177508
C,20851,361275,174382
C,20852,361410,174832
C,20853,361683,173397
C,20854,361322,176932
C,20855,361889,168902
C,20856,361698,176257
C,20857,362001,175185
C,20859,362284,176044
C,20860,362511,175763
C,20861,362893,173816
C,20862,362510,176802
C,20863,363253,172866
C,20864,363246,174826
C,20865,363115,176097
C,20866,363154,177132
C,20867,363941,173862
C,20868,363693,176909
C,20869,364135,175264
C,20870,363998,176488
C,20871,378960,136182
C,20872,382245,131923
C,20873,384442,139170
C,20874,383025,145145
C,20875,385646,144899
C,20876,389018,140610
C,20877,388609,130848
C,20878,387152,144297
C,20879,387594,144849
C,20880,382713,148108
C,20881,387503,146550
C,20882,389573,146416
C,20883,391441,145052
C,20884,395155,137647
C,20885,394755,145091
C,20886,389354,151339
C,20887,394384,124824
C,20888,382765,156113
C,20889,386321,155450
C,20890,398516,143152
C,20891,400129,132636
C,20892,385523,157734
C,20893,380913,159304
C,20894,402230,138167
C,20895,390945,157148
C,20896,382706,160877
C,20897,396987,154379
C,20898,388207,160134
C,20899,385357,161418
C,20900,401325,151832
C,20901,381245,163436
C,20902,403799,124521
C,20903,406357,142537
C,20904,407243,138941
C,20905,405716,147005
C,20906,394932,160699
C,20907,408468,135002
C,20908,408303,130720
C,20909,389718,164458
C,20910,399572,158635
C,20911,409823,132071
C,20912,410534,131818
C,20913,404245,155998
C,20914,383034,168716
C,20915,411777,132057
C,20916,412142,130677
C,20917,412573,137450
C,20918,400787,161871
C,20919,397186,164593
C,20920,412647,130836
C,20921,413030,131381
C,20922,412949,130356
C,20923,413074,130716
C,20924,412785,144178
C,20925,413252,130005
C,20926,391200,168833
C,20927,387488,170052
C,20928,413458,130563
C,20929,413764,132703
C,20930,412777,126262
C,20931,413517,129157
C,20932,413806,130709
C,20933,413901,141749
C,20934,414256,129691
C,20935,414671,131537
C,20936,414543,130383
C,20937,414649,130915
C,20938,381996,172158
C,20939,414593,128601
C,20940,415357,133549
C,20941,415256,131816
C,20942,415348,132466
C,20943,415185,130443
C,20944,415557,129435
C,20945,415235,144512
C,20946,415942,130623
C,20947,411953,154560
C,20948,392820,171500
C,20949,404773,164406
C,20950,398745,169124
C,20951,416671,143647
C,20952,417760,134527
C,20953,417798,137576
C,20954,417614,141155
C,20955,386978,174583
C,20956,391279,173595
C,20957,417120,147101
C,20958,418396,130410
C,20959,418489,143644
C,20960,418445,126383
C,20961,399967,171156
C,20962,419434,144451
C,20963,403117,169811
C,20964,382253,177866
C,20965,389645,177635
C,20966,396394,175294
C,20967,385809,178481
C,20968,419213,121482
C,20969,421756,139122
C,20970,421482,127009
C,20971,423185,131689
C,20972,393714,178743
C,20973,404095,173858
C,20974,391164,180315
C,20975,423226,148706
C,20976,416389,163080
C,20977,424513,123823
C,20978,410379,172496
C,20979,392037,182562
C,20980,404533,178146
C,20981,386070,184887
C,20982,425537,119813
C,20983,426797,150481
C,20984,418495,168938
C,20985,399824,183476
C,20986,392774,186504
C,20987,417988,172069
C,20988,427095,158831
C,20989,407539,182251
C,20990,407199,182790
C,20991,391927,189116
C,20992,399044,189370
C,20993,407802,188326
C,20994,396921,193606
C,20995,426817,173521
C,20996,405229,193407
C,20997,409549,192717
C,20998,410315,193835
C,20999,411291,195004
C,21000,413385,197717
C,21001,410701,184411
C,21002,411574,183516
C,21003,412203,185114
C,21004,411490,186067
C,21005,413593,185699
C,21006,414350,183569
C,21007,413382,187226
C,21010,413656,187942
C,21011,414789,186902
C,21012,413464,179981
C,21013,415726,186222
C,21014,415098,188082
C,21016,416275,182624
C,21017,414239,189134
C,21018,416216,187527
C,21019,417243,186051
C,21020,417483,183847
C,21021,417244,187352
C,21022,417005,188015
C,21023,414776,190504
C,21024,416722,188648
C,21025,415927,189732
C,21026,417766,186948
C,21027,418049,186768
C,21028,418521,185280
C,21029,418518,183207
C,21030,418478,186301
C,21031,417759,188337
C,21032,418872,184056
C,21033,418385,187302
C,21034,417276,179171
C,21035,418602,180112
C,21036,418190,189587
C,21037,420061,187392
C,21038,415608,193036
C,21039,422610,182210
C,21040,420630,192982
C,21041,352832,183677
C,21042,354933,183483
C,21043,354706,186451
C,21044,357214,182391
C,21045,358090,180475
C,21046,357929,188398
C,21047,359583,181208
C,21048,360389,182394
C,21049,360420,181470
C,21050,361383,182442
C,21051,360322,179243
C,21052,361658,182987
C,21053,361758,184073
C,21054,361472,180978
C,21055,361927,181678
C,21056,361774,179658
C,21057,362309,180893
C,21058,362158,180195
C,21059,362867,181268
C,21060,361590,177964
C,21061,363079,180117
C,21062,362386,178057
C,21063,363252,179746
C,21064,364147,186626
C,21065,363704,178761
C,21066,364631,180820
C,21067,363533,177882
C,21068,365107,182772
C,21069,361354,192834
C,21070,364063,177902
C,21071,365654,179213
C,21072,365291,177797
C,21074,367030,181341
C,21075,365881,190446
C,21076,364899,174975
C,21077,367357,180352
C,21078,367244,179438
C,21079,365574,175569
C,21080,366767,177344
C,21081,368200,184994
C,21082,368082,181300
C,21083,364810,173232
C,21084,365836,174161
C,21085,368852,181544
C,21086,364208,171644
C,21087,367982,174825
C,21088,369092,177055
C,21089,366818,173040
C,21090,369947,179027
C,21091,370845,181925
C,21092,370758,181023
C,21093,365919,170956
C,21094,371509,183999
C,21095,367755,172007
C,21096,370241,191397
C,21097,371566,187473
C,21098,367131,170108
C,21099,372837,183019
C,21100,369181,170169
C,21101,372330,192826
C,21102,372654,174050
C,21103,375419,179069
C,21104,376865,185193
C,21105,377863,173302
C,21106,380453,181863
C,21107,356511,197618
C,21108,362845,202225
C,21109,358425,209291
C,21110,369180,207535
C,21111,364945,212913
C,21112,364261,217649
C,21113,371946,213935
C,21114,369020,218405
C,21115,374437,219076
C,21116,373558,222485
C,21117,371867,226338
C,21118,368388,231922
C,21119,377133,228148
C,21120,373191,232526
C,21121,369102,199318
C,21122,372993,203914
C,21123,375253,200176
C,21124,376056,197830
C,21125,375933,194716
C,21126,378781,200154
C,21127,374534,209311
C,21128,379916,203302
C,21129,376740,190395
C,21130,379813,205045
C,21131,379771,205956
C,21132,380139,205648
C,21133,380352,205389
C,21134,379738,207110
C,21135,380662,205772
C,21136,381292,204854
C,21137,381046,205894
C,21138,383687,201712
C,21139,384267,198278
C,21140,383177,206101
C,21141,384633,203752
C,21142,378762,212744
C,21143,385797,203133
C,21144,385631,205445
C,21145,387064,203326
C,21146,383732,211711
C,21147,388371,200736
C,21148,386261,209071
C,21149,389250,203105
C,21150,390816,205767
C,21151,386867,213854
C,21152,390527,210584
C,21153,387167,215682
C,21154,379825,219582
C,21155,383970,221475
C,21156,386479,220835
C,21157,386125,222219
C,21158,385120,224925
C,21159,387766,217856
C,21160,387835,221403
C,21161,388511,219675
C,21162,389138,217197
C,21163,383714,228769
C,21164,389248,215416
C,21165,389424,224062
C,21166,391100,218252
C,21167,391194,214850
C,21168,388990,227995
C,21169,392978,218727
C,21170,391910,225303
C,21171,388876,231509
C,21172,390752,232059
C,21173,395223,227491
C,21174,394326,229755
C,21175,392853,232778
C,21176,389400,236660
C,21177,398689,226262
C,21178,403976,230808
C,21179,380434,214838
C,21180,381281,213514
C,21181,382113,214751
C,21182,382496,216244
C,21183,383138,214919
C,21184,381966,217911
C,21185,384285,215855
C,21187,384889,214852
C,21188,385522,216325
C,21189,384225,218685
C,21190,385404,217175
C,21191,385917,215515
C,21192,383852,219791
C,21193,385090,218835
C,21194,386650,216410
C,21195,385844,218299
C,21196,386920,217553
C,21197,385925,219316
C,21198,385286,220009
C,21199,384469,192356
C,21200,389125,193463
C,21201,391757,196738
C,21202,395448,201166
C,21203,399059,197577
C,21204,399340,202410
C,21205,396861,207083
C,21206,403388,196720
C,21207,400792,203485
C,21208,401895,203494
C,21209,402736,203106
C,21210,404061,200826
C,21211,403589,201982
C,21212,395017,212941
C,21213,402385,208253
C,21214,397415,215051
C,21215,410186,199532
C,21216,408951,206524
C,21217,405975,212579
C,21218,402240,216575
C,21219,416943,200759
C,21220,411383,213754
C,21221,406294,219713
C,21222,417596,210501
C,21223,414191,224007
C,21224,420345,229523
C,21225,415842,238814
C,21226,391191,222257
C,21227,391400,221421
C,21228,391595,223119
C,21229,392310,222661
C,21230,392848,222441
C,21231,391912,223947
C,21232,392752,223529
C,21233,392449,220602
C,21234,393672,222900
C,21235,393582,221162
C,21236,394504,221876
C,21237,394783,223480
C,21238,393858,225040
C,21239,394375,219948
C,21240,395573,222791
C,21241,395783,224633
C,21242,395759,219807
C,21243,396640,223008
C,21244,396801,221936
C,21245,397005,223979
C,21246,397345,219205
C,21247,398013,221251
C,22001,243437,55308
C,22002,241861,53012
C,22003,245793,55948
C,22004,246580,55613
C,22005,245318,54849
C,22006,246782,54159
C,22007,253078,53723
C,22008,250784,53800
C,22009,251569,52371
C,22010,292237,67438
C,22011,290786,65376
C,22012,292417,65247
C,22013,292110,64709
C,22014,291248,64015
C,22015,293361,61217
C,22016,288602,62380
C,22017,288089,61096
C,22018,289031,60683
C,22019,288444,59247
C,22020,292810,56169
C,22021,292169,54877
C,22022,293879,74503
C,22023,293361,73065
C,22024,292326,93455
C,22025,290338,93807
C,22026,293743,93067
C,22027,292927,91932
C,22028,291108,91890
C,22029,290320,91588
C,22030,293862,91480
C,22031,292341,95120
C,22032,366522,84578
C,22033,369719,82552
C,22034,366763,81397
C,22035,367988,79046
C,22036,366625,78892
C,22037,367029,77828
C,22038,366288,77166
C,22039,368640,73778
C,22040,368572,70727
C,22041,392431,90085
C,22042,396227,82953
C,22043,402211,79157
C,22044,402002,94699
C,22045,402721,94038
C,22046,400117,93606
C,22047,405332,93807
C,22048,403989,93262
C,22049,406663,92872
C,22050,405271,92490
C,22051,402934,92494
C,22052,401522,92491
C,22053,404699,91103
C,22054,398423,91290
C,22055,401515,90868
C,22056,400081,90329
C,22057,403597,90258
C,22058,405273,89519
C,22059,407351,96785
C,22060,405808,96155
C,22061,408177,95710
C,22062,410476,95701
C,22063,405993,95186
C,22064,409163,95219
C,22065,407237,94654
C,22066,411642,94689
C,22067,408759,94070
C,22068,410066,93863
C,22069,412315,93397
C,22070,407930,92802
C,22071,409333,92918
C,22072,413677,92958
C,22073,410800,92981
C,22074,412251,91880
C,22075,408953,91788
C,22076,413495,91770
C,22077,411230,91771
C,22078,415900,91483
C,22079,409998,91443
C,22080,407293,91544
C,22081,407593,90700
C,22082,414451,94266
C,22083,417548,93371
C,22084,416114,92612
C,22085,418354,92491
C,22086,336155,163624
C,22087,335482,162645
C,22088,334114,162464
C,22089,331421,162405
C,22090,331620,161140
C,22091,332978,160093
C,22092,330943,159735
C,22093,364468,169087
C,22094,364932,167483
C,22095,358893,170915
C,22096,356858,170776
C,22097,360597,170700
C,22098,362057,170231
C,22099,360195,168887
C,22100,357756,168768
C,22101,356516,168057
C,22102,357671,167824
C,22103,360157,167661
C,22104,358744,167475
C,22105,357542,177245
C,22106,356610,177233
C,22107,358222,176614
C,22108,359204,175833
C,22109,359076,174984
C,22110,358305,172849
C,22111,357229,172694
C,22112,361902,172229
C,22113,357018,171734
C,22114,359829,171505
C,22115,362738,171045
C,22116,358453,171257
C,22117,364949,176827
C,22118,366049,176720
C,22119,384034,217784
C,22120,383679,216875
C,22121,414913,184849
C,22122,417088,184737
C,22123,416166,184821
C,22124,415097,184232
C,22125,412010,188571
C,22126,412889,189110
C,30001,409203,419468
C,30002,453543,453808
C,50001,406479,569476
C,50002,266667,770875
C,60001,454489,236955
C,60002,475208,246459
C,60003,450853,246735
C,60004,465136,249485
C,60005,482756,256437
C,60006,455232,257277
C,60007,467190,271763
C,60008,476100,260923
C,60009,493523,281722
C,60010,491088,307849
C,60011,459996,308018
C,60012,518499,330102
C,60013,430722,352965
C,60014,466165,359347
C,60015,517832,374268
C,60016,408485,386239
C,60017,504998,208704
C,60018,499301,209751
C,60019,492418,212523
C,60020,512893,198010
C,60021,577671,212658
C,60022,528543,220278
C,60023,507488,234685
C,60024,504205,255642
C,60025,548236,262760
C,60026,526316,288061
C,60027,603481,291922
C,70001,527969,165340
C,70002,543565,170707
C,70003,515640,176670
C,70004,507851,178535
C,70005,507917,187278
C,70006,529949,179366
C,70007,547324,187190
C,70008,524984,191852
C,80001,430543,92692
C,80002,424758,93457
C,80003,425144,94938
C,80004,423774,95001
C,80005,432612,95246
C,80006,427721,95268
C,80007,430804,95979
C,80008,423808,97082
C,80009,434307,97129
C,80010,418510,98669
C,80011,427978,100955
C,80012,415238,102280
C,80013,437240,103288
C,80014,421794,103653
C,80015,444693,104109
C,80016,415692,105135
C,80017,417340,105499
C,80018,415998,105760
C,80019,416207,106332
C,80020,429909,107455
C,80021,416599,108915
C,80022,439454,109641
C,80023,426029,110112
C,80024,433840,110746
C,80025,431024,112303
C,80026,435500,112421
C,80027,436491,112755
C,80028,435012,113047
C,80029,434037,113125
C,80030,434000,113961
C,80031,434695,114012
C,80032,433499,114158
C,80033,425173,114919
C,80034,434712,114990
C,80035,430232,115276
C,80036,413578,116984
C,80037,431412,117391
C,80038,485999,94558
C,80039,481778,98277
C,80040,486326,101601
C,80041,484576,102138
C,80042,489258,102802
C,80043,481337,103018
C,80044,477058,103364
C,80045,486360,103974
C,80046,487223,104086
C,80047,485708,104229
C,80048,487635,104568
C,80049,485377,104602
C,80050,482747,104786
C,80051,486097,104821
C,80052,486815,104861
C,80053,487350,105510
C,80054,484600,105614
C,80055,486129,105826
C,80056,491022,106109
C,80057,476999,106499
C,80058,476832,108097
C,80059,479147,111429
C,80060,488479,111525
C,80061,480117,119597
C,80062,495157,120108
C,80063,485822,121657
C,80064,482172,126346
C,80065,502534,128374
C,80066,491505,129078
C,80067,489704,99001
C,80068,493131,99400
C,80069,492838,101291
C,80070,496543,103386
C,80071,504245,107283
C,80074,464567,100441
C,80075,465506,100860
C,80076,462965,100947
C,80077,464308,100994
C,80078,466231,101135
C,80079,466875,101138
C,80080,464861,101302
C,80081,464573,101448
C,80082,465339,101691
C,80083,464150,101708
C,80084,465960,101754
C,80085,464749,101779
C,80086,465109,102102
C,80087,463224,102195
C,80088,467072,102216
C,80089,465692,102506
C,80090,465097,102660
C,80091,466037,103011
C,80092,466593,103044
C,80093,463828,103044
C,80094,464862,103057
C,80095,467290,103295
C,80096,466147,103751
C,80097,465245,103921
C,80098,468238,104015
C,80099,462024,104140
C,80100,466288,104672
C,80101,466814,104851
C,80102,465019,104914
C,80103,465826,104995
C,80104,465341,105210
C,80105,465968,105314
C,80106,464464,105713
C,80107,467058,105981
C,80108,468216,105987
C,80109,465269,105993
C,80110,466138,106210
C,80111,463825,106288
C,80113,457162,100402
C,80114,458433,101121
C,80116,472099,100846
C,80117,469613,103779
C,80118,471372,105019
C,80119,474249,105293
C,80120,471236,106228
C,80121,473103,106278
C,80122,469995,106380
C,80123,471242,106739
C,80124,470535,106783
C,80125,472164,106883
C,80126,468074,107140
C,80127,474678,107463
C,80128,469787,107511
C,80129,472546,108072
C,80130,468811,108085
C,80131,467728,108453
C,80133,468927,108794
C,80134,470260,109200
C,80135,468181,109220
C,80136,469253,109923
C,80137,467954,110609
C,80138,469633,111189
C,80139,468563,111870
C,80141,453396,104865
C,80142,450283,105347
C,80143,457019,105533
C,80145,458794,106108
C,80146,455242,106122
C,80147,456244,106425
C,80148,451266,106544
C,80149,455557,107297
C,80150,453100,107394
C,80151,452142,107569
C,80152,451695,108243
C,80153,456790,108278
C,80154,458826,108445
C,80155,450280,109085
C,80156,451781,110171
C,80158,448185,110396
C,80159,449265,111974
C,80160,450736,112414
C,80161,448357,112527
C,80162,448404,113263
C,80163,448954,113797
C,80164,447427,113885
C,80165,449609,114395
C,80166,450599,114728
C,80167,446097,114876
C,80168,447623,116029
C,80169,445468,117034
C,80170,443829,117707
C,80171,444706,118088
C,80172,444419,118631
C,80173,445884,118638
C,80174,449590,118775
C,80175,443693,119088
C,80176,447592,119330
C,80177,444752,119458
C,80178,443687,119834
C,80179,446527,120065
C,80180,445464,120117
C,80181,442951,120120
C,80182,444768,120411
C,80183,444080,120428
C,80184,443429,121070
C,80185,444624,121189
C,80186,445514,121399
C,80187,444334,121937
C,80188,443122,122138
C,80189,463114,109058
C,80190,453637,109434
C,80191,456434,110849
C,80192,465210,112110
C,80193,455510,113317
C,80194,452549,114802
C,80195,455637,117872
C,80196,461966,119092
C,80197,451950,122637
C,80198,446509,122987
C,80199,448961,125168
C,80200,443080,126312
C,80201,445951,127861
C,80202,447006,128622
C,80203,447908,128686
C,80204,449391,128778
C,80205,448509,129805
C,80206,449300,130111
C,80207,446564,130177
C,80208,459582,130350
C,80209,446073,130522
C,80210,448568,130791
C,80211,445716,132802
C,80212,443855,132885
C,80213,453858,132906
C,80214,448957,134249
C,80215,446760,136006
C,80216,447605,139768
C,80217,452597,140259
C,80218,442522,110713
C,80222,440205,111982
C,80223,438605,112335
C,80224,446623,112563
C,80225,440557,112651
C,80226,442892,112661
C,80228,437722,113215
C,80229,441226,113260
C,80230,438998,113328
C,80231,446271,113434
C,80232,442331,113540
C,80233,445256,113722
C,80234,439399,113823
C,80235,437192,114019
C,80236,443218,114063
C,80237,437813,114329
C,80238,439666,114501
C,80239,442430,114746
C,80241,438594,114905
C,80242,444648,114925
C,80243,437966,115322
C,80244,443346,115397
C,80245,438928,115701
C,80246,442531,115851
C,80247,444519,115897
C,80248,443178,115987
C,80249,439694,116140
C,80250,443648,116294
C,80251,441495,116426
C,80252,442323,116736
C,80253,472622,110590
C,80254,469823,112220
C,80255,471309,113808
C,80256,468796,114230
C,80257,470379,114850
C,80258,472185,115759
C,80259,473893,119743
C,80260,468689,122044
C,80261,474302,122436
C,80262,475689,122831
C,80263,473814,123319
C,80264,471808,126994
C,80265,479282,133702
C,80266,467311,135211
C,80267,475095,142168
C,80268,436355,115916
C,80269,437510,115991
C,80270,438035,117003
C,80271,440359,118117
C,80272,428902,119995
C,80273,434992,120188
C,80274,442066,120584
C,80275,439434,120954
C,80277,430981,122748
C,80278,441449,122989
C,80279,438317,124950
C,80280,437019,130092
C,80281,430412,130140
C,80282,430725,136770
C,80283,439162,137173
C,80284,427114,139187
C,80285,443755,140802
C,80286,437805,140838
C,80287,435620,142055
C,80288,432609,142887
C,80289,428100,143048
C,80290,436362,144604
C,80291,442548,144624
C,80292,437496,144836
C,80293,435629,145025
C,80294,434884,145084
C,80295,423875,145344
C,80296,433365,145529
C,80297,434276,145581
C,80298,435733,145683
C,80299,437170,145757
C,80300,434724,145947
C,80301,437021,146158
C,80302,436410,146169
C,80303,434117,146233
C,80304,435314,146259
C,80305,439064,146350
C,80306,435888,147101
C,80307,436766,147110
C,80308,427766,147193
C,80309,434780,147474
C,80310,432177,148149
C,80311,437600,148889
C,80312,436239,154950
C,80313,489922,133546
C,80314,494338,134460
C,80315,504141,136571
C,80316,495398,139312
C,80317,486044,140642
C,80318,504266,141685
C,80319,493199,143202
C,80320,484183,146481
C,80321,461908,143333
C,80322,453326,147757
C,80323,460711,149454
C,80324,468086,150008
C,80325,443873,150737
C,80326,457505,151327
C,80327,460339,151636
C,80328,463758,153045
C,80329,465172,158034
C,80330,447509,158076
C,80331,454196,158318
C,80332,443076,160761
C,80333,462175,161504
C,80334,506961,146647
C,80335,496516,148872
C,80336,489419,150977
C,80337,492801,153929
C,80338,507191,154255
C,80339,477223,150528
C,80340,474578,158067
C,80341,481135,159763
C,80342,486035,150973
C,80343,486099,155051
C,80344,500404,158179
C,80345,512854,160441
C,80346,511581,164856
C,80347,492695,161266
C,80348,485283,163336
C,80349,488576,170131
C,80350,446093,164930
C,80351,448503,165504
C,80352,466190,166815
C,80353,451839,167548
C,80354,446605,167758
C,80355,448645,167908
C,80356,440259,167953
C,80357,456773,168302
C,80358,445932,168721
C,80359,433535,168939
C,80360,447697,169816
C,80361,462839,170211
C,80362,448029,173778
C,80363,452950,174405
C,80364,464776,174878
C,80365,445898,177429
C,80366,434128,177960
C,80367,458756,178642
C,80368,440926,179341
C,80369,452208,179898
C,80370,449290,180958
C,80371,445544,182166
C,80372,472168,165774
C,80373,479666,167626
C,80374,475197,169879
C,80375,476605,173854
C,80376,479111,179362
C,80377,501584,167092
C,80378,493694,168198
C,80379,497473,174879
C,80380,486379,179635
C,80381,471716,170430
C,80382,469632,172021
C,80383,467784,173843
C,80384,471614,174635
C,80385,506613,170646
C,80386,469131,178322
C,80387,464688,181199
C,80388,473526,181301
C,80389,456619,185859
C,80390,459098,188837
C,80391,464503,189056
C,80392,452531,189463
C,80393,451627,190426
C,80394,453147,190935
C,80395,469765,193845
C,80396,461270,196283
C,80397,455633,196311
C,80398,472579,202217
C,80399,459407,202696
C,80400,463952,204175
C,80401,457523,204788
C,80402,459953,205091
C,80403,457038,209241
C,80404,498212,179777
C,80405,503388,181670
C,80406,492888,183105
C,80407,498786,184280
C,80408,502065,187510
C,80409,494339,190347
C,80410,452150,185187
C,80411,448366,185911
C,80412,432254,186744
C,80413,443401,186778
C,80414,449452,189560
C,80415,424704,189664
C,80416,440274,189747
C,80417,446206,191376
C,80418,448752,192114
C,80419,451147,193201
C,80420,447006,194368
C,80421,431352,194838
C,80422,424856,195568
C,80423,448864,196109
C,80424,438098,196763
C,80425,448587,197194
C,80426,450153,197236
C,80427,445611,197572
C,80428,449333,197900
C,80429,450541,198418
C,80430,452208,199157
C,80431,447955,200388
C,80432,445276,202505
C,80433,451143,202869
C,80434,445912,206011
C,80435,447733,207576
C,80436,484765,188335
C,80437,477528,188364
C,80438,490466,188722
C,80439,480564,193672
C,80440,486235,194593
C,80441,476982,195556
C,80442,479589,199876
C,80443,482236,204570
C,80444,499078,191872
C,80445,492674,194953
C,80446,488676,200541
C,80447,495567,201292
C,80449,453837,202811
C,80450,453700,203889
C,80451,451676,204571
C,80452,455069,204670
C,80453,452752,204829
C,80454,452902,205765
C,80455,454534,206092
C,80456,451507,206642
C,80457,455561,206951
C,80458,449555,207191
C,80459,453865,207224
C,80460,456253,207578
C,80461,455548,207838
C,80462,454753,207913
C,80463,453805,208194
C,80464,450911,208331
C,80465,452405,208345
C,80466,450594,209318
C,80467,448895,209447
C,80468,449876,209745
C,80469,450985,210438
C,80470,449893,210540
C,80471,434407,202932
C,80472,428042,206960
C,80473,433657,207292
C,80474,440497,207676
C,80475,425607,208082
C,80476,435118,209642
C,80477,433618,209662
C,80478,436429,210155
C,80479,444899,211210
C,80480,431950,211338
C,80481,442244,213094
C,80482,433727,214014
C,80483,437578,216552
C,80484,443741,219495
C,80485,430075,220306
C,80486,437628,224935
C,80487,431560,226684
C,80488,443413,226896
C,80489,426499,227654
C,80490,435365,229405
C,80491,468325,209110
C,80492,476690,209584
C,80493,487314,209703
C,80494,464667,212950
C,80495,481081,214613
C,80496,494864,217425
C,80497,468505,218175
C,80498,475943,218382
C,80499,486542,219928
C,80500,468636,225773
C,80501,484699,227201
C,80502,474465,229303
C,80503,466650,231706
C,80504,479335,231900
C,80505,471279,237323
C,80506,463753,237392
C,80507,449405,211843
C,80508,447189,213472
C,80509,449456,213999
C,80510,456616,214999
C,80511,447176,215235
C,80512,448868,216994
C,80513,462725,217396
C,80514,451911,219513
C,80515,461137,221658
C,80516,454630,221857
C,80518,458958,225208
C,80519,455649,226929
C,80520,448264,229144
C,80521,460665,230249
C,80522,438467,236115
C,80523,443987,242483
C,80524,516845,105506
C,80525,514921,115749
C,80526,509907,122587
C,80527,517051,131581
C,80528,558681,117692
C,80529,528536,122094
C,80530,535934,132675
C,80531,527317,137814
C,80532,526343,149660
C,80533,590272,152157
C,80534,486878,243584
C,81001,464479,99726
C,81002,465754,99467
C,81003,465167,99436
C,81004,464342,99041
C,81005,467230,99065
C,81006,463493,99045
C,81007,465105,98676
C,81008,466414,99367
C,81009,467324,100397
C,81010,458219,103726
C,81011,459016,103167
C,81012,460123,102281
C,81013,460863,101089
C,81014,459514,100587
C,81015,461548,100052
C,81016,459442,99120
C,81017,461022,98742
C,81018,460964,105893
C,81019,461716,105207
C,81020,456372,103355
C,81021,454552,102661
C,81022,471426,109047
C,81023,471144,107600
C,81024,445369,108659
C,81025,447245,107565
C,81026,441042,114304
C,81027,440905,115496
C,81028,444000,113659
C,81029,441570,111983
C,81030,444430,112531
C,81031,445987,111650
C,81032,446947,111556
C,81033,444181,111588
C,81034,442522,110713
C,81035,445436,111239
C,81036,443910,110258
C,81037,444555,109477
C,81038,436573,121767
C,81039,435361,121342
C,81040,455354,203013
C,81041,455556,202380
C,81042,458150,223936
C,81043,459242,223181
C,81044,457374,223096
C,81045,458683,221965
C,90001,345187,185543
C,90002,347740,191621
C,90003,353670,191782
C,90004,348032,199042
C,90005,335721,199922
C,90006,350528,205710
C,90007,339690,209218
C,90008,351354,213547
C,90009,342637,216698
C,90010,330834,219443
C,90011,333419,186511
C,90012,328263,197302
C,90013,325389,206791
C,90014,307130,174772
C,90015,302111,191407
C,90016,297259,206648
C,90017,317838,193445
C,90018,311851,205363
C,90019,273478,194785
C,90020,306118,205571
C,90021,317716,208238
C,90022,231081,223197
C,90023,303908,228102
C,90024,304419,262700
C,90025,303771,304141
C,90026,258593,263981
C,90027,272311,350169
C,90028,327169,356693
C,90029,352860,219200
C,90030,359393,220133
C,90031,365228,222994
C,90032,360471,224141
C,90033,356829,225667
C,90034,361138,228606
C,90035,339800,233364
C,90036,362249,238206
C,90037,344638,239051
C,90038,372159,241956
C,90039,351584,242207
C,90040,354479,245008
C,90041,364616,253740
C,90042,342288,258005
C,90043,381741,235903
C,90044,377990,245413
C,90045,384351,245438
C,90046,377551,259612
C,90047,366101,266148
C,90048,428301,237336
C,90049,434863,249381
C,90050,423434,251534
C,90051,412025,255092
C,90052,442330,258558
C,90053,412796,265986
C,90054,408278,238706
C,90055,402904,239363
C,90056,394765,243951
C,90057,407952,245831
C,90058,397014,256889
C,90059,387316,265715
C,90060,385653,255405
C,90061,403381,264906
C,90062,428413,268069
C,90063,396480,273739
C,90064,405930,273758
C,90065,381400,275762
C,90066,418660,279492
C,90067,445815,276471
C,90068,432759,279983
C,90069,404901,281139
C,90070,410380,291094
C,90071,341693,285078
C,90072,354549,313519
C,90073,395871,288906
C,90074,427571,293362
C,90075,398180,299718
C,90076,367089,314840
C,90077,393024,320574
C,90078,405953,343868
C,99000,460911,96558
C,99001,449680,99535
C,99002,435075,92272
